/** citycode 230100: 哈尔滨市 */
delete from s_subway where citycode = '230100';
delete from s_subway_stations where citycode = '230100';
        /******************************************************************************************/
        insert into s_subway (lineid, linename, citycode) values (69,'1号线','230100');
        insert into s_subway_stations (lineid, stationid, stationname, lat, lng, pinyin, citycode) values (69,1344,'哈南站',45.670065,126.621724,'hananzhan','230100');
        insert into s_subway_stations (lineid, stationid, stationname, lat, lng, pinyin, citycode) values (69,1343,'哈达',45.683231,126.618808,'hada','230100');
        insert into s_subway_stations (lineid, stationid, stationname, lat, lng, pinyin, citycode) values (69,1342,'医大二院',45.697461,126.615941,'yidaeryuan','230100');
        insert into s_subway_stations (lineid, stationid, stationname, lat, lng, pinyin, citycode) values (69,1341,'黑龙江大学',45.707003,126.613585,'heilongjiangdaxue','230100');
        insert into s_subway_stations (lineid, stationid, stationname, lat, lng, pinyin, citycode) values (69,1340,'理工大学',45.714858,126.61173,'ligongdaxue','230100');
        insert into s_subway_stations (lineid, stationid, stationname, lat, lng, pinyin, citycode) values (69,1339,'学府路',45.722386,126.609802,'xuefulu','230100');
        insert into s_subway_stations (lineid, stationid, stationname, lat, lng, pinyin, citycode) values (69,1338,'和兴路',45.732715,126.615849,'hexinglu','230100');
        insert into s_subway_stations (lineid, stationid, stationname, lat, lng, pinyin, citycode) values (69,1337,'西大桥',45.738705,126.621043,'xidaqiao','230100');
        insert into s_subway_stations (lineid, stationid, stationname, lat, lng, pinyin, citycode) values (69,1336,'哈工大',45.744564,126.627753,'hagongda','230100');
        insert into s_subway_stations (lineid, stationid, stationname, lat, lng, pinyin, citycode) values (69,1335,'铁路局',45.751777,126.635955,'tieluju','230100');
        insert into s_subway_stations (lineid, stationid, stationname, lat, lng, pinyin, citycode) values (69,1334,'博物馆',45.758293,126.643635,'bowuguan','230100');
        insert into s_subway_stations (lineid, stationid, stationname, lat, lng, pinyin, citycode) values (69,1333,'医大一院',45.764092,126.650454,'yidayiyuan','230100');
        insert into s_subway_stations (lineid, stationid, stationname, lat, lng, pinyin, citycode) values (69,1332,'烟厂',45.768941,126.656034,'yanchang','230100');
        insert into s_subway_stations (lineid, stationid, stationname, lat, lng, pinyin, citycode) values (69,1331,'工程大学',45.775422,126.667729,'gongchengdaxue','230100');
        insert into s_subway_stations (lineid, stationid, stationname, lat, lng, pinyin, citycode) values (69,1330,'太平桥',45.783569,126.677185,'taipingqiao','230100');
        insert into s_subway_stations (lineid, stationid, stationname, lat, lng, pinyin, citycode) values (69,1329,'交通学院',45.787805,126.687904,'jiaotongxueyuan','230100');
        insert into s_subway_stations (lineid, stationid, stationname, lat, lng, pinyin, citycode) values (69,1328,'桦树街',45.788041,126.69798,'huashujie','230100');
        insert into s_subway_stations (lineid, stationid, stationname, lat, lng, pinyin, citycode) values (69,1327,'哈东站',45.789301,126.708482,'hadongzhan','230100');

delete from s_areainfo where citycode = '230100';
        /****************************** 输出行政区SQL脚本: 开始 ***********************************/
        insert into s_areainfo (areaid, areaname, pinyin, lat, lng, citycode, discode) values (2596,'通河县','tonghexian',45.972425,128.749352,'230100','');
        insert into s_areainfo (areaid, areaname, pinyin, lat, lng, citycode, discode) values (2597,'延寿县','yanshouxian',45.451897,128.331644,'230100','');
        insert into s_areainfo (areaid, areaname, pinyin, lat, lng, citycode, discode) values (2594,'巴彦县','bayanxian',46.085379,127.403182,'230100','');
        insert into s_areainfo (areaid, areaname, pinyin, lat, lng, citycode, discode) values (2595,'木兰县','mulanxian',45.950582,128.043466,'230100','');
        insert into s_areainfo (areaid, areaname, pinyin, lat, lng, citycode, discode) values (2592,'方正县','fangzhengxian',45.851695,128.829536,'230100','');
        insert into s_areainfo (areaid, areaname, pinyin, lat, lng, citycode, discode) values (2593,'宾县','binxian',45.745918,127.466634,'230100','');
        insert into s_areainfo (areaid, areaname, pinyin, lat, lng, citycode, discode) values (2589,'五常市','wuchangshi',44.931992,127.167619,'230100','');
        insert into s_areainfo (areaid, areaname, pinyin, lat, lng, citycode, discode) values (2588,'尚志市','shangzhishi',45.209586,128.009895,'230100','');
        insert into s_areainfo (areaid, areaname, pinyin, lat, lng, citycode, discode) values (2591,'依兰县','yilanxian',46.324534,129.567985,'230100','');
        insert into s_areainfo (areaid, areaname, pinyin, lat, lng, citycode, discode) values (2590,'阿城市','echengshi',45.537067,126.97621,'230100','');
        insert into s_areainfo (areaid, areaname, pinyin, lat, lng, citycode, discode) values (2587,'双城区','shuangchengqu',45.383264,126.312744,'230100','');
        insert into s_areainfo (areaid, areaname, pinyin, lat, lng, citycode, discode) values (190,'道外区','daowaiqu',45.792113,126.649451,'230100','');
        insert into s_areainfo (areaid, areaname, pinyin, lat, lng, citycode, discode) values (191,'南岗区','nangangqu',45.75997,126.668788,'230100','');
        insert into s_areainfo (areaid, areaname, pinyin, lat, lng, citycode, discode) values (189,'道里区','daoliqu',45.755777,126.616957,'230100','');
        insert into s_areainfo (areaid, areaname, pinyin, lat, lng, citycode, discode) values (196,'近郊','jinjiao',47.972589,122.787537,'230100','');
        insert into s_areainfo (areaid, areaname, pinyin, lat, lng, citycode, discode) values (193,'平房区','pingfangqu',45.597901,126.637593,'230100','');
        insert into s_areainfo (areaid, areaname, pinyin, lat, lng, citycode, discode) values (192,'香坊区','xiangfangqu',45.707716,126.662593,'230100','');
        insert into s_areainfo (areaid, areaname, pinyin, lat, lng, citycode, discode) values (195,'呼兰区','hulanqu',45.985747,126.609165,'230100','');
        insert into s_areainfo (areaid, areaname, pinyin, lat, lng, citycode, discode) values (194,'松北区','songbeiqu',45.802756,126.510275,'230100','');
        /****************************** 输出行政区SQL脚本: 结束 ***********************************/
delete from s_landmark where citycode = '230100';
        /****************************** 输出景点SQL脚本: 开始 ***********************************/
        insert into s_landmark (landmarkid, landmarkname, pinyin, ltype, lat, lng, citycode, discode) values (10700,'哈尔滨太平机场','haerbintaipingjichang',2,45.622432,126.243605,'230100','');
        insert into s_landmark (landmarkid, landmarkname, pinyin, ltype, lat, lng, citycode, discode) values (15042,'尚志市人民医院 ','shangzhishirenminyiyuan ',6,45.214107,127.964274,'230100','');
        insert into s_landmark (landmarkid, landmarkname, pinyin, ltype, lat, lng, citycode, discode) values (15043,'尚志火车站','shangzhihuochezhan',2,45.208989,127.962275,'230100','');
        insert into s_landmark (landmarkid, landmarkname, pinyin, ltype, lat, lng, citycode, discode) values (15041,'尚志市中医院','shangzhishizhongyiyuan',6,45.210804,127.948922,'230100','');
        insert into s_landmark (landmarkid, landmarkname, pinyin, ltype, lat, lng, citycode, discode) values (15044,'亚布力火车站 ','yabulihuochezhan ',2,44.928705,128.61481,'230100','');
        insert into s_landmark (landmarkid, landmarkname, pinyin, ltype, lat, lng, citycode, discode) values (15045,'亚布力公路客运站','yabuligonglukeyunzhan',2,44.929533,128.610101,'230100','');
        insert into s_landmark (landmarkid, landmarkname, pinyin, ltype, lat, lng, citycode, discode) values (3556,'黑龙江科技学院','heilongjiangkejixueyuan',7,45.819641,126.654335,'230100','');
        insert into s_landmark (landmarkid, landmarkname, pinyin, ltype, lat, lng, citycode, discode) values (13595,'雪谷','xuegu',5,44.387815,128.141549,'230100','');
        insert into s_landmark (landmarkid, landmarkname, pinyin, ltype, lat, lng, citycode, discode) values (3558,'哈尔滨工程大学','haerbingongchengdaxue',7,45.775529,126.682263,'230100','');
        insert into s_landmark (landmarkid, landmarkname, pinyin, ltype, lat, lng, citycode, discode) values (3565,'哈尔滨医科大学','haerbinyikedaxue',7,45.701003,126.619834,'230100','');
        insert into s_landmark (landmarkid, landmarkname, pinyin, ltype, lat, lng, citycode, discode) values (14135,'沙县小吃','shaxianxiaochi',1,45.699745,126.59021,'230100','');
        insert into s_landmark (landmarkid, landmarkname, pinyin, ltype, lat, lng, citycode, discode) values (3564,'哈尔滨学院','haerbinxueyuan',7,45.706873,126.607346,'230100','');
        insert into s_landmark (landmarkid, landmarkname, pinyin, ltype, lat, lng, citycode, discode) values (3567,'哈尔滨电力职业技术学院','haerbindianlizhiyejishuxueyuan',7,45.734466,126.698343,'230100','');
        insert into s_landmark (landmarkid, landmarkname, pinyin, ltype, lat, lng, citycode, discode) values (3566,'东北林业大学','dongbeilinyedaxue',7,45.721927,126.638373,'230100','');
        insert into s_landmark (landmarkid, landmarkname, pinyin, ltype, lat, lng, citycode, discode) values (3560,'东北农业大学','dongbeinongyedaxue',7,45.743717,126.726217,'230100','');
        insert into s_landmark (landmarkid, landmarkname, pinyin, ltype, lat, lng, citycode, discode) values (3563,'哈尔滨职业技术学院','haerbinzhiyejishuxueyuan',7,45.667432,126.651672,'230100','');
        insert into s_landmark (landmarkid, landmarkname, pinyin, ltype, lat, lng, citycode, discode) values (3562,'黑龙江大学','heilongjiangdaxue',7,45.708965,126.620306,'230100','');
        insert into s_landmark (landmarkid, landmarkname, pinyin, ltype, lat, lng, citycode, discode) values (3573,'黑龙江东方学院','heilongjiangdongfangxueyuan',7,45.572476,126.660853,'230100','');
        insert into s_landmark (landmarkid, landmarkname, pinyin, ltype, lat, lng, citycode, discode) values (3575,'黑龙江司法警官职业学院','heilongjiangsifajingguanzhiyexueyuan',7,45.649005,126.624505,'230100','');
        insert into s_landmark (landmarkid, landmarkname, pinyin, ltype, lat, lng, citycode, discode) values (3568,'哈尔滨工业大学','haerbingongyedaxue',7,45.747427,126.633284,'230100','');
        insert into s_landmark (landmarkid, landmarkname, pinyin, ltype, lat, lng, citycode, discode) values (3569,'哈尔滨理工大学远东学院','haerbinligongdaxueyuandongxueyuan',7,45.865453,126.53358,'230100','');
        insert into s_landmark (landmarkid, landmarkname, pinyin, ltype, lat, lng, citycode, discode) values (3571,'哈尔滨铁道职业技术学院','haerbintiedaozhiyejishuxueyuan',7,45.578846,126.643923,'230100','');
        insert into s_landmark (landmarkid, landmarkname, pinyin, ltype, lat, lng, citycode, discode) values (3580,'哈尔滨理工大学','haerbinligongdaxue',7,45.715629,126.614659,'230100','');
        insert into s_landmark (landmarkid, landmarkname, pinyin, ltype, lat, lng, citycode, discode) values (3581,'黑龙江工程学院','heilongjianggongchengxueyuan',7,45.785205,126.687351,'230100','');
        insert into s_landmark (landmarkid, landmarkname, pinyin, ltype, lat, lng, citycode, discode) values (15074,'金霖地下商场7号门','jinlindixiashangchang7haomen',1,44.917423,127.15616,'230100','');
        insert into s_landmark (landmarkid, landmarkname, pinyin, ltype, lat, lng, citycode, discode) values (3583,'黑龙江中医药大学','heilongjiangzhongyiyaodaxue',7,45.72514,126.649419,'230100','');
        insert into s_landmark (landmarkid, landmarkname, pinyin, ltype, lat, lng, citycode, discode) values (3578,'哈尔滨师范大学','haerbinshifandaxue',7,45.86338,126.559392,'230100','');
        insert into s_landmark (landmarkid, landmarkname, pinyin, ltype, lat, lng, citycode, discode) values (3579,'哈尔滨体育学院','haerbintiyuxueyuan',7,45.76048,126.679396,'230100','');
        insert into s_landmark (landmarkid, landmarkname, pinyin, ltype, lat, lng, citycode, discode) values (20265,'通河县妇幼保健院','tonghexianfuyoubaojianyuan',6,45.974667,128.750586,'230100','');
        insert into s_landmark (landmarkid, landmarkname, pinyin, ltype, lat, lng, citycode, discode) values (20266,'以哲公园','yizhegongyuan',5,45.743408,127.462297,'230100','');
        insert into s_landmark (landmarkid, landmarkname, pinyin, ltype, lat, lng, citycode, discode) values (20267,'宾县人民医院','binxianrenminyiyuan',6,45.756623,127.480623,'230100','');
        insert into s_landmark (landmarkid, landmarkname, pinyin, ltype, lat, lng, citycode, discode) values (20268,'宾县客运站','binxiankeyunzhan',2,45.755183,127.498297,'230100','');
        insert into s_landmark (landmarkid, landmarkname, pinyin, ltype, lat, lng, citycode, discode) values (20269,'宾县红十字会医院','binxianhongshizihuiyiyuan',6,45.75685,127.482678,'230100','');
        insert into s_landmark (landmarkid, landmarkname, pinyin, ltype, lat, lng, citycode, discode) values (20270,'宾县妇幼保健院','binxianfuyoubaojianyuan',6,45.753796,127.494526,'230100','');
        insert into s_landmark (landmarkid, landmarkname, pinyin, ltype, lat, lng, citycode, discode) values (20257,'木兰县公路客运站','mulanxiangonglukeyunzhan',2,45.945885,128.07565,'230100','');
        insert into s_landmark (landmarkid, landmarkname, pinyin, ltype, lat, lng, citycode, discode) values (24322,'哈尔滨市公安医院','haerbinshigonganyiyuan',6,45.765174,126.624584,'230100','');
        insert into s_landmark (landmarkid, landmarkname, pinyin, ltype, lat, lng, citycode, discode) values (20259,'通河松花江公园','tonghesonghuajianggongyuan',5,45.969444,128.75137,'230100','');
        insert into s_landmark (landmarkid, landmarkname, pinyin, ltype, lat, lng, citycode, discode) values (24320,'哈尔滨市眼科医院','haerbinshiyankeyiyuan',6,45.774545,126.619534,'230100','');
        insert into s_landmark (landmarkid, landmarkname, pinyin, ltype, lat, lng, citycode, discode) values (20260,'通河县人民医院','tonghexianrenminyiyuan',6,45.97463,128.749938,'230100','');
        insert into s_landmark (landmarkid, landmarkname, pinyin, ltype, lat, lng, citycode, discode) values (20262,'通河县中医院','tonghexianzhongyiyuan',6,45.982948,128.766668,'230100','');
        insert into s_landmark (landmarkid, landmarkname, pinyin, ltype, lat, lng, citycode, discode) values (20263,'天宝商城','tianbaoshangcheng',1,45.975124,128.751674,'230100','');
        insert into s_landmark (landmarkid, landmarkname, pinyin, ltype, lat, lng, citycode, discode) values (20235,'延寿县人民医院','yanshouxianrenminyiyuan',6,45.450821,128.329935,'230100','');
        insert into s_landmark (landmarkid, landmarkname, pinyin, ltype, lat, lng, citycode, discode) values (20238,'延寿客运','yanshoukeyun',2,45.447538,128.316728,'230100','');
        insert into s_landmark (landmarkid, landmarkname, pinyin, ltype, lat, lng, citycode, discode) values (20239,'妇幼保健院','fuyoubaojianyuan',6,45.451215,128.331514,'230100','');
        insert into s_landmark (landmarkid, landmarkname, pinyin, ltype, lat, lng, citycode, discode) values (20236,'延寿中医院','yanshouzhongyiyuan',6,45.457035,128.33479,'230100','');
        insert into s_landmark (landmarkid, landmarkname, pinyin, ltype, lat, lng, citycode, discode) values (20251,'方正胡游乐园','fangzhenghuyouleyuan',5,45.853167,128.824258,'230100','');
        insert into s_landmark (landmarkid, landmarkname, pinyin, ltype, lat, lng, citycode, discode) values (20249,'方正县人民医院','fangzhengxianrenminyiyuan',6,45.832232,128.839228,'230100','');
        insert into s_landmark (landmarkid, landmarkname, pinyin, ltype, lat, lng, citycode, discode) values (20255,'金兰公园','jinlangongyuan',5,45.942057,128.04231,'230100','');
        insert into s_landmark (landmarkid, landmarkname, pinyin, ltype, lat, lng, citycode, discode) values (20254,'木兰县中医院','mulanxianzhongyiyuan',6,45.954028,128.041299,'230100','');
        insert into s_landmark (landmarkid, landmarkname, pinyin, ltype, lat, lng, citycode, discode) values (20243,'山河广场','shanheguangchang',5,45.446729,128.331109,'230100','');
        insert into s_landmark (landmarkid, landmarkname, pinyin, ltype, lat, lng, citycode, discode) values (20240,'福山公园','fushangongyuan',5,45.46201,128.3382,'230100','');
        insert into s_landmark (landmarkid, landmarkname, pinyin, ltype, lat, lng, citycode, discode) values (20247,'夕阳红生态公园','xiyanghongshengtaigongyuan',5,45.832608,128.81826,'230100','');
        insert into s_landmark (landmarkid, landmarkname, pinyin, ltype, lat, lng, citycode, discode) values (20246,'人民商场','renminshangchang',1,45.83629,128.82755,'230100','');
        insert into s_landmark (landmarkid, landmarkname, pinyin, ltype, lat, lng, citycode, discode) values (20244,'方正协和医院','fangzhengxieheyiyuan',6,45.84998,128.836015,'230100','');
        insert into s_landmark (landmarkid, landmarkname, pinyin, ltype, lat, lng, citycode, discode) values (20214,'宏凯医院','hongkaiyiyuan',6,46.081646,127.395775,'230100','');
        insert into s_landmark (landmarkid, landmarkname, pinyin, ltype, lat, lng, citycode, discode) values (13746,'五常市飞扬艺校','wuchangshifeiyangyixiao',7,44.916447,127.15743,'230100','');
        insert into s_landmark (landmarkid, landmarkname, pinyin, ltype, lat, lng, citycode, discode) values (13745,'尚品女人世界','shangpinnu:renshijie',1,44.91653,127.1558,'230100','');
        insert into s_landmark (landmarkid, landmarkname, pinyin, ltype, lat, lng, citycode, discode) values (20212,'巴彦县人民医院','bayanxianrenminyiyuan',6,46.086664,127.38581,'230100','');
        insert into s_landmark (landmarkid, landmarkname, pinyin, ltype, lat, lng, citycode, discode) values (6435,'哈西万达广场','haxiwandaguangchang',1,45.700294,126.588847,'230100','');
        insert into s_landmark (landmarkid, landmarkname, pinyin, ltype, lat, lng, citycode, discode) values (13744,'五常市机关事业会计核算中心','wuchangshijiguanshiyehuijihesuanzhongxin',7,44.916676,127.15579,'230100','');
        insert into s_landmark (landmarkid, landmarkname, pinyin, ltype, lat, lng, citycode, discode) values (20213,'巴彦现代泌尿医院','bayanxiandaiminiaoyiyuan',6,46.084766,127.40946,'230100','');
        insert into s_landmark (landmarkid, landmarkname, pinyin, ltype, lat, lng, citycode, discode) values (6437,'凯德广场（埃德蒙顿路店）','kaideguangchang（aidemengdunludian）',1,45.734948,126.593243,'230100','');
        insert into s_landmark (landmarkid, landmarkname, pinyin, ltype, lat, lng, citycode, discode) values (20211,'巴彦中医院','bayanzhongyiyuan',1,46.082445,127.410634,'230100','');
        insert into s_landmark (landmarkid, landmarkname, pinyin, ltype, lat, lng, citycode, discode) values (6436,'卓展购物广场','zhuozhangouwuguangchang',1,45.757568,126.605203,'230100','');
        insert into s_landmark (landmarkid, landmarkname, pinyin, ltype, lat, lng, citycode, discode) values (6438,'关东古巷','guandongguxiang',5,45.734084,126.566752,'230100','');
        insert into s_landmark (landmarkid, landmarkname, pinyin, ltype, lat, lng, citycode, discode) values (20199,'程旭公园动物园','chengxugongyuandongwuyuan',5,45.364426,126.33605,'230100','');
        insert into s_landmark (landmarkid, landmarkname, pinyin, ltype, lat, lng, citycode, discode) values (13728,'山河镇政府','shanhezhenzhengfu',7,44.710943,127.212621,'230100','');
        insert into s_landmark (landmarkid, landmarkname, pinyin, ltype, lat, lng, citycode, discode) values (154,'哈尔滨东站','haerbindongzhan',2,45.78878,126.709857,'230100','');
        insert into s_landmark (landmarkid, landmarkname, pinyin, ltype, lat, lng, citycode, discode) values (13729,'五常市工商局山河分局','wuchangshigongshangjushanhefenju',7,44.711732,127.225182,'230100','');
        insert into s_landmark (landmarkid, landmarkname, pinyin, ltype, lat, lng, citycode, discode) values (20193,'双城市客运总站','shuangchengshikeyunzongzhan',2,45.381153,126.309945,'230100','');
        insert into s_landmark (landmarkid, landmarkname, pinyin, ltype, lat, lng, citycode, discode) values (20207,'双城英华医院','shuangchengyinghuayiyuan',6,45.361883,126.316775,'230100','');
        insert into s_landmark (landmarkid, landmarkname, pinyin, ltype, lat, lng, citycode, discode) values (20205,'双城市骨伤科医院','shuangchengshigushangkeyiyuan',6,45.365409,126.309502,'230100','');
        insert into s_landmark (landmarkid, landmarkname, pinyin, ltype, lat, lng, citycode, discode) values (20203,'双城堡火车站','shuangchengbaohuochezhan',2,45.395993,126.293015,'230100','');
        insert into s_landmark (landmarkid, landmarkname, pinyin, ltype, lat, lng, citycode, discode) values (9374,'金源文化旅游区','jinyuanwenhualu:youqu',5,45.497574,126.967404,'230100','');
        insert into s_landmark (landmarkid, landmarkname, pinyin, ltype, lat, lng, citycode, discode) values (13743,'五常财政局','wuchangcaizhengju',7,44.916929,127.155801,'230100','');
        insert into s_landmark (landmarkid, landmarkname, pinyin, ltype, lat, lng, citycode, discode) values (20202,'黑龙江职业学院','heilongjiangzhiyexueyuan',7,45.716749,126.609593,'230100','');
        insert into s_landmark (landmarkid, landmarkname, pinyin, ltype, lat, lng, citycode, discode) values (9375,'横头山国家森林公园','hengtoushanguojiasenlingongyuan',5,45.517387,127.518699,'230100','');
        insert into s_landmark (landmarkid, landmarkname, pinyin, ltype, lat, lng, citycode, discode) values (9373,'中央大街步行街','zhongyangdajiebuxingjie',5,45.768888,126.620226,'230100','');
        insert into s_landmark (landmarkid, landmarkname, pinyin, ltype, lat, lng, citycode, discode) values (20180,'金山公园','jinshangongyuan',5,44.935473,127.164521,'230100','');
        insert into s_landmark (landmarkid, landmarkname, pinyin, ltype, lat, lng, citycode, discode) values (9377,'亚布力滑雪场','yabulihuaxuechang',5,44.774874,128.462054,'230100','');
        insert into s_landmark (landmarkid, landmarkname, pinyin, ltype, lat, lng, citycode, discode) values (20181,'葵花商贸城','kuihuashangmaocheng',1,44.929367,127.163608,'230100','');
        insert into s_landmark (landmarkid, landmarkname, pinyin, ltype, lat, lng, citycode, discode) values (9376,'龙珠二龙山滑雪场','longzhuerlongshanhuaxuechang',5,45.725648,127.406737,'230100','');
        insert into s_landmark (landmarkid, landmarkname, pinyin, ltype, lat, lng, citycode, discode) values (9379,'哈尔滨北方森林动物园','haerbinbeifangsenlindongwuyuan',5,45.391552,127.112212,'230100','');
        insert into s_landmark (landmarkid, landmarkname, pinyin, ltype, lat, lng, citycode, discode) values (9378,'哈尔滨龙塔','haerbinlongta',5,45.74864,126.680365,'230100','');
        insert into s_landmark (landmarkid, landmarkname, pinyin, ltype, lat, lng, citycode, discode) values (20176,'五常市协和医院','wuchangshixieheyiyuan',6,44.921139,127.149451,'230100','');
        insert into s_landmark (landmarkid, landmarkname, pinyin, ltype, lat, lng, citycode, discode) values (20177,'五常中医院','wuchangzhongyiyuan',6,44.917778,127.151862,'230100','');
        insert into s_landmark (landmarkid, landmarkname, pinyin, ltype, lat, lng, citycode, discode) values (20179,'五常市人民医院','wuchangshirenminyiyuan',6,44.911377,127.163908,'230100','');
        insert into s_landmark (landmarkid, landmarkname, pinyin, ltype, lat, lng, citycode, discode) values (20188,'依兰公路客运站','yilangonglukeyunzhan',2,46.307209,129.568569,'230100','');
        insert into s_landmark (landmarkid, landmarkname, pinyin, ltype, lat, lng, citycode, discode) values (20190,'依兰东承骨伤医院','yilandongchenggushangyiyuan',6,46.304489,129.571404,'230100','');
        insert into s_landmark (landmarkid, landmarkname, pinyin, ltype, lat, lng, citycode, discode) values (20184,'依兰县人民医院','yilanxianrenminyiyuan',6,46.321689,129.578236,'230100','');
        insert into s_landmark (landmarkid, landmarkname, pinyin, ltype, lat, lng, citycode, discode) values (20185,'依兰县妇幼保健院','yilanxianfuyoubaojianyuan',6,46.315995,129.568576,'230100','');
        insert into s_landmark (landmarkid, landmarkname, pinyin, ltype, lat, lng, citycode, discode) values (20187,'依兰县中医院','yilanxianzhongyiyuan',6,46.310294,129.56577,'230100','');
        insert into s_landmark (landmarkid, landmarkname, pinyin, ltype, lat, lng, citycode, discode) values (1170,'印度风情街','yindufengqingjie',5,45.753962,126.654744,'230100','');
        insert into s_landmark (landmarkid, landmarkname, pinyin, ltype, lat, lng, citycode, discode) values (1171,'极乐寺','jilesi',5,45.77763,126.665745,'230100','');
        insert into s_landmark (landmarkid, landmarkname, pinyin, ltype, lat, lng, citycode, discode) values (14373,'同泰药店','tongtaiyaodian',1,45.722205,126.648338,'230100','');
        insert into s_landmark (landmarkid, landmarkname, pinyin, ltype, lat, lng, citycode, discode) values (1172,'哈尔滨游乐园','haerbinyouleyuan',5,45.780296,126.668873,'230100','');
        insert into s_landmark (landmarkid, landmarkname, pinyin, ltype, lat, lng, citycode, discode) values (1174,'中央大街','zhongyangdajie',5,45.773941,126.618958,'230100','');
        insert into s_landmark (landmarkid, landmarkname, pinyin, ltype, lat, lng, citycode, discode) values (1175,'哈尔滨会议中心','haerbinhuiyizhongxin',5,45.755478,126.704275,'230100','');
        insert into s_landmark (landmarkid, landmarkname, pinyin, ltype, lat, lng, citycode, discode) values (1176,'清真寺','qingzhensi',5,45.78743,126.65173,'230100','');
        insert into s_landmark (landmarkid, landmarkname, pinyin, ltype, lat, lng, citycode, discode) values (24607,'黑龙江省医院','heilongjiangshengyiyuan',6,45.729647,126.672679,'230100','');
        insert into s_landmark (landmarkid, landmarkname, pinyin, ltype, lat, lng, citycode, discode) values (1178,'俄罗斯河园','eluosiheyuan',5,45.756177,126.651466,'230100','');
        insert into s_landmark (landmarkid, landmarkname, pinyin, ltype, lat, lng, citycode, discode) values (1180,'斯大林公园/防洪胜利纪念塔','sidalingongyuan/fanghongshenglijinianta',5,45.780636,126.617189,'230100','');
        insert into s_landmark (landmarkid, landmarkname, pinyin, ltype, lat, lng, citycode, discode) values (7681,'百脑汇','bainaohui',1,45.746592,126.629262,'230100','');
        insert into s_landmark (landmarkid, landmarkname, pinyin, ltype, lat, lng, citycode, discode) values (1181,'哈尔滨金河湾湿地植物园','haerbinjinhewanshidizhiwuyuan',5,45.78302,126.497345,'230100','');
        insert into s_landmark (landmarkid, landmarkname, pinyin, ltype, lat, lng, citycode, discode) values (7683,'潮街购物广场','chaojiegouwuguangchang',1,45.779226,126.614777,'230100','');
        insert into s_landmark (landmarkid, landmarkname, pinyin, ltype, lat, lng, citycode, discode) values (1182,'哈尔滨极地馆','haerbinjidiguan',5,45.785284,126.587359,'230100','');
        insert into s_landmark (landmarkid, landmarkname, pinyin, ltype, lat, lng, citycode, discode) values (7682,'金安国际购物中心','jinanguojigouwuzhongxin',1,45.771679,126.620678,'230100','');
        insert into s_landmark (landmarkid, landmarkname, pinyin, ltype, lat, lng, citycode, discode) values (1183,'松花江','songhuajiang',5,45.782407,126.611881,'230100','');
        insert into s_landmark (landmarkid, landmarkname, pinyin, ltype, lat, lng, citycode, discode) values (10289,'亚布力大青山滑雪场','yabulidaqingshanhuaxuechang',5,44.773458,128.450121,'230100','');
        insert into s_landmark (landmarkid, landmarkname, pinyin, ltype, lat, lng, citycode, discode) values (24612,'黑龙江中医药大学附属第二医院','heilongjiangzhongyiyaodaxuefushudieryiyuan',6,45.763477,126.640583,'230100','');
        insert into s_landmark (landmarkid, landmarkname, pinyin, ltype, lat, lng, citycode, discode) values (8361,'秋林国际购物中心','qiulinguojigouwuzhongxin',1,45.760203,126.646829,'230100','');
        insert into s_landmark (landmarkid, landmarkname, pinyin, ltype, lat, lng, citycode, discode) values (1186,'松花江索道','songhuajiangsuodao',5,45.7779,126.610547,'230100','');
        insert into s_landmark (landmarkid, landmarkname, pinyin, ltype, lat, lng, citycode, discode) values (8360,'松雷商场','songleishangchang',1,45.759298,126.643672,'230100','');
        insert into s_landmark (landmarkid, landmarkname, pinyin, ltype, lat, lng, citycode, discode) values (10288,'亚布力雅旺斯滑雪场','yabuliyawangsihuaxuechang',5,44.779507,128.473445,'230100','');
        insert into s_landmark (landmarkid, landmarkname, pinyin, ltype, lat, lng, citycode, discode) values (24614,'黑龙江省肿瘤医院','heilongjiangshengzhongliuyiyuan',6,45.69639,126.642854,'230100','');
        insert into s_landmark (landmarkid, landmarkname, pinyin, ltype, lat, lng, citycode, discode) values (8363,'艺汇家','yihuijia',1,45.752917,126.695019,'230100','');
        insert into s_landmark (landmarkid, landmarkname, pinyin, ltype, lat, lng, citycode, discode) values (10291,'伏尔加庄园','fuerjiazhuangyuan',5,45.670548,126.899388,'230100','');
        insert into s_landmark (landmarkid, landmarkname, pinyin, ltype, lat, lng, citycode, discode) values (10290,'亚布力好汉岭滑雪场','yabulihaohanlinghuaxuechang',5,44.772666,128.460769,'230100','');
        insert into s_landmark (landmarkid, landmarkname, pinyin, ltype, lat, lng, citycode, discode) values (1184,'龙塔','longta',5,45.74864,126.680365,'230100','');
        insert into s_landmark (landmarkid, landmarkname, pinyin, ltype, lat, lng, citycode, discode) values (8362,'会展中心','huizhanzhongxin',1,45.753279,126.698325,'230100','');
        insert into s_landmark (landmarkid, landmarkname, pinyin, ltype, lat, lng, citycode, discode) values (1191,'苏联红军烈士纪念塔','sulianhongjunlieshijinianta',5,45.75484,126.697528,'230100','');
        insert into s_landmark (landmarkid, landmarkname, pinyin, ltype, lat, lng, citycode, discode) values (24608,'黑龙江省中医院','heilongjiangshengzhongyiyuan',6,45.731222,126.674677,'230100','');
        insert into s_landmark (landmarkid, landmarkname, pinyin, ltype, lat, lng, citycode, discode) values (1190,'哈尔滨冰雪大世界','haerbinbingxuedashijie',5,45.778838,126.563675,'230100','');
        insert into s_landmark (landmarkid, landmarkname, pinyin, ltype, lat, lng, citycode, discode) values (10292,'森工平山神鹿旅游区','sengongpingshanshenlulu:youqu',5,45.324325,127.401575,'230100','');
        insert into s_landmark (landmarkid, landmarkname, pinyin, ltype, lat, lng, citycode, discode) values (24610,'黑龙江省森工总医院（省红十字医院）','heilongjiangshengsengongzongyiyuan（shenghongshiziyiyuan）',6,45.72545,126.634959,'230100','');
        insert into s_landmark (landmarkid, landmarkname, pinyin, ltype, lat, lng, citycode, discode) values (1188,'哈尔滨鸟语林动物园','haerbinniaoyulindongwuyuan',5,45.779628,126.671182,'230100','');
        insert into s_landmark (landmarkid, landmarkname, pinyin, ltype, lat, lng, citycode, discode) values (24611,'黑龙江中医药大学附属第一医院','heilongjiangzhongyiyaodaxuefushudiyiyiyuan',6,45.727653,126.651298,'230100','');
        insert into s_landmark (landmarkid, landmarkname, pinyin, ltype, lat, lng, citycode, discode) values (8353,'万象城','wanxiangcheng',1,45.775513,126.618968,'230100','');
        insert into s_landmark (landmarkid, landmarkname, pinyin, ltype, lat, lng, citycode, discode) values (1195,'东北虎林园','dongbeihulinyuan',5,45.81738,126.601663,'230100','');
        insert into s_landmark (landmarkid, landmarkname, pinyin, ltype, lat, lng, citycode, discode) values (24620,'哈尔滨市第五医院','haerbinshidiwuyiyuan',6,45.709447,126.655659,'230100','');
        insert into s_landmark (landmarkid, landmarkname, pinyin, ltype, lat, lng, citycode, discode) values (24621,'哈尔滨第六医院','haerbindiliuyiyuan',6,45.725515,126.701034,'230100','');
        insert into s_landmark (landmarkid, landmarkname, pinyin, ltype, lat, lng, citycode, discode) values (1193,'索菲亚广场','suofeiyaguangchang',5,45.770618,126.6271,'230100','');
        insert into s_landmark (landmarkid, landmarkname, pinyin, ltype, lat, lng, citycode, discode) values (8355,'新一百','xinyibai',1,45.770016,126.624685,'230100','');
        insert into s_landmark (landmarkid, landmarkname, pinyin, ltype, lat, lng, citycode, discode) values (24622,'哈尔滨市第一专科医院','haerbinshidiyizhuankeyiyuan',6,45.772163,126.699665,'230100','');
        insert into s_landmark (landmarkid, landmarkname, pinyin, ltype, lat, lng, citycode, discode) values (8354,'华燕奥特莱斯（燕莎）','huayanaotelaisi（yansha）',1,45.77045,126.628759,'230100','');
        insert into s_landmark (landmarkid, landmarkname, pinyin, ltype, lat, lng, citycode, discode) values (1192,'太阳岛风景区','taiyangdaofengjingqu',5,45.791764,126.598093,'230100','');
        insert into s_landmark (landmarkid, landmarkname, pinyin, ltype, lat, lng, citycode, discode) values (24623,'哈尔滨市普宁医院','haerbinshipuningyiyuan',6,45.775044,126.645555,'230100','');
        insert into s_landmark (landmarkid, landmarkname, pinyin, ltype, lat, lng, citycode, discode) values (8357,'悦荟广场','yuehuiguangchang',1,45.779931,126.616652,'230100','');
        insert into s_landmark (landmarkid, landmarkname, pinyin, ltype, lat, lng, citycode, discode) values (24616,'黑龙江省电力医院','heilongjiangshengdianliyiyuan',6,45.740917,126.69976,'230100','');
        insert into s_landmark (landmarkid, landmarkname, pinyin, ltype, lat, lng, citycode, discode) values (24617,'哈尔滨市第一医院','haerbinshidiyiyiyuan',6,45.772984,126.628089,'230100','');
        insert into s_landmark (landmarkid, landmarkname, pinyin, ltype, lat, lng, citycode, discode) values (8356,'麦凯乐','maikaile',1,45.771795,126.623887,'230100','');
        insert into s_landmark (landmarkid, landmarkname, pinyin, ltype, lat, lng, citycode, discode) values (1197,'东北烈士纪念馆','dongbeilieshijinianguan',5,45.765869,126.642491,'230100','');
        insert into s_landmark (landmarkid, landmarkname, pinyin, ltype, lat, lng, citycode, discode) values (8359,'防洪纪念塔','fanghongjinianta',5,45.780636,126.617189,'230100','');
        insert into s_landmark (landmarkid, landmarkname, pinyin, ltype, lat, lng, citycode, discode) values (1196,'黑龙江省民族博物馆','heilongjiangshengminzubowuguan',5,45.775664,126.6749,'230100','');
        insert into s_landmark (landmarkid, landmarkname, pinyin, ltype, lat, lng, citycode, discode) values (8358,'中央商场','zhongyangshangchang',1,45.772003,126.619091,'230100','');
        insert into s_landmark (landmarkid, landmarkname, pinyin, ltype, lat, lng, citycode, discode) values (24619,'哈尔滨市第四医院','haerbinshidisiyiyuan',6,45.789983,126.654092,'230100','');
        insert into s_landmark (landmarkid, landmarkname, pinyin, ltype, lat, lng, citycode, discode) values (1200,'普照寺','puzhaosi',5,45.778853,126.666748,'230100','');
        insert into s_landmark (landmarkid, landmarkname, pinyin, ltype, lat, lng, citycode, discode) values (24625,'211医院','211yiyuan',6,45.710077,126.612353,'230100','');
        insert into s_landmark (landmarkid, landmarkname, pinyin, ltype, lat, lng, citycode, discode) values (3593,'黑龙江外国语学院','heilongjiangwaiguoyuxueyuan',7,45.857883,126.550343,'230100','');
        insert into s_landmark (landmarkid, landmarkname, pinyin, ltype, lat, lng, citycode, discode) values (24627,'哈尔滨儿童医院','haerbinertongyiyuan',6,45.780377,126.625026,'230100','');
        insert into s_landmark (landmarkid, landmarkname, pinyin, ltype, lat, lng, citycode, discode) values (3594,'哈尔滨工业大学华德应用技术学院','haerbingongyedaxuehuadeyingyongjishuxueyuan',7,45.874096,126.543168,'230100','');
        insert into s_landmark (landmarkid, landmarkname, pinyin, ltype, lat, lng, citycode, discode) values (24626,'哈尔滨红十字医院','haerbinhongshiziyiyuan',6,45.747471,126.603947,'230100','');
        insert into s_landmark (landmarkid, landmarkname, pinyin, ltype, lat, lng, citycode, discode) values (3595,'哈尔滨商业大学','haerbinshangyedaxue',7,45.818095,126.56438,'230100','');
        insert into s_landmark (landmarkid, landmarkname, pinyin, ltype, lat, lng, citycode, discode) values (3584,'哈尔滨金融学院','haerbinjinrongxueyuan',7,45.723498,126.736023,'230100','');
        insert into s_landmark (landmarkid, landmarkname, pinyin, ltype, lat, lng, citycode, discode) values (10285,'二龙山','erlongshan',5,45.743648,127.414221,'230100','');
        insert into s_landmark (landmarkid, landmarkname, pinyin, ltype, lat, lng, citycode, discode) values (10287,'太阳岛黑龙江月亮湾电视城','taiyangdaoheilongjiangyueliangwandianshicheng',5,45.784779,126.584592,'230100','');
        /****************************** 输出景点SQL脚本: 结束 ***********************************/
        
/** citycode 430400: 衡阳市 */
delete from s_areainfo where citycode = '430400';
        /****************************** 输出行政区SQL脚本: 开始 ***********************************/
        insert into s_areainfo (areaid, areaname, pinyin, lat, lng, citycode, discode) values (6263,'华新开发区','huaxinkaifaqu',26.8883,112.557051,'430400','');
        insert into s_areainfo (areaid, areaname, pinyin, lat, lng, citycode, discode) values (3542,'常宁市','changningshi',26.420932,112.399995,'430400','');
        insert into s_areainfo (areaid, areaname, pinyin, lat, lng, citycode, discode) values (3543,'耒阳市','leiyangshi',26.422275,112.859795,'430400','');
        insert into s_areainfo (areaid, areaname, pinyin, lat, lng, citycode, discode) values (3540,'蒸湘区','zhengxiangqu',26.911413,112.566996,'430400','');
        insert into s_areainfo (areaid, areaname, pinyin, lat, lng, citycode, discode) values (3541,'南岳区','nanyuequ',27.232444,112.738604,'430400','');
        insert into s_areainfo (areaid, areaname, pinyin, lat, lng, citycode, discode) values (3538,'珠晖区','zhuhuiqu',26.894657,112.620112,'430400','');
        insert into s_areainfo (areaid, areaname, pinyin, lat, lng, citycode, discode) values (3539,'石鼓区','danguqu',26.943214,112.598022,'430400','');
        insert into s_areainfo (areaid, areaname, pinyin, lat, lng, citycode, discode) values (3537,'雁峰区','yanfengqu',26.888666,112.616546,'430400','');
        insert into s_areainfo (areaid, areaname, pinyin, lat, lng, citycode, discode) values (3548,'祁东县','qidongxian',26.799896,112.090357,'430400','');
        insert into s_areainfo (areaid, areaname, pinyin, lat, lng, citycode, discode) values (3546,'衡山县','hengshanxian',27.230291,112.868268,'430400','');
        insert into s_areainfo (areaid, areaname, pinyin, lat, lng, citycode, discode) values (3547,'衡东县','hengdongxian',27.08117,112.953168,'430400','');
        insert into s_areainfo (areaid, areaname, pinyin, lat, lng, citycode, discode) values (3544,'衡阳县','hengyangxian',26.969635,112.370532,'430400','');
        insert into s_areainfo (areaid, areaname, pinyin, lat, lng, citycode, discode) values (3545,'衡南县','hengnanxian',26.738248,112.677877,'430400','');
        /****************************** 输出行政区SQL脚本: 结束 ***********************************/
delete from s_landmark where citycode = '430400';
        /****************************** 输出景点SQL脚本: 开始 ***********************************/
        insert into s_landmark (landmarkid, landmarkname, pinyin, ltype, lat, lng, citycode, discode) values (18151,'乐福购物广场','lefugouwuguangchang',1,27.231239,112.869031,'430400','');
        insert into s_landmark (landmarkid, landmarkname, pinyin, ltype, lat, lng, citycode, discode) values (18028,'松柏车站','songbochezhan',2,26.585412,112.575056,'430400','');
        insert into s_landmark (landmarkid, landmarkname, pinyin, ltype, lat, lng, citycode, discode) values (18148,'衡山县人民医院','hengshanxianrenminyiyuan',6,27.232801,112.869217,'430400','');
        insert into s_landmark (landmarkid, landmarkname, pinyin, ltype, lat, lng, citycode, discode) values (18585,'常宁泉峰车站','changningquanfengchezhan',2,26.40271,112.40459,'430400','');
        insert into s_landmark (landmarkid, landmarkname, pinyin, ltype, lat, lng, citycode, discode) values (18159,'湖南衡山农民运动纪念馆','hunanhengshannongminyundongjinianguan',5,27.230337,112.871478,'430400','');
        insert into s_landmark (landmarkid, landmarkname, pinyin, ltype, lat, lng, citycode, discode) values (18156,'衡山县妇幼保健院','hengshanxianfuyoubaojianyuan',6,27.232451,112.871213,'430400','');
        insert into s_landmark (landmarkid, landmarkname, pinyin, ltype, lat, lng, citycode, discode) values (18155,'衡山县中医院','hengshanxianzhongyiyuan',6,27.259891,112.859361,'430400','');
        insert into s_landmark (landmarkid, landmarkname, pinyin, ltype, lat, lng, citycode, discode) values (18572,'中医院','zhongyiyuan',6,26.898566,112.599868,'430400','');
        insert into s_landmark (landmarkid, landmarkname, pinyin, ltype, lat, lng, citycode, discode) values (18167,'福洪百货','fuhongbaihuo',1,26.407475,112.395711,'430400','');
        insert into s_landmark (landmarkid, landmarkname, pinyin, ltype, lat, lng, citycode, discode) values (18045,'常宁市人民医院','changningshirenminyiyuan',6,26.407788,112.391012,'430400','');
        insert into s_landmark (landmarkid, landmarkname, pinyin, ltype, lat, lng, citycode, discode) values (18163,'富森百货建设店','fusenbaihuojianshedian',1,26.968696,112.370881,'430400','');
        insert into s_landmark (landmarkid, landmarkname, pinyin, ltype, lat, lng, citycode, discode) values (18040,'常宁泉峰车站','changningquanfengchezhan',-1,26.40271,112.40459,'430400','');
        insert into s_landmark (landmarkid, landmarkname, pinyin, ltype, lat, lng, citycode, discode) values (18161,'生源百货','shengyuanbaihuo',1,26.743416,112.679463,'430400','');
        insert into s_landmark (landmarkid, landmarkname, pinyin, ltype, lat, lng, citycode, discode) values (18037,'常宁市中医院','changningshizhongyiyuan',6,26.406935,112.398544,'430400','');
        insert into s_landmark (landmarkid, landmarkname, pinyin, ltype, lat, lng, citycode, discode) values (18172,'衡阳县中医医院','hengyangxianzhongyiyiyuan',6,26.964415,112.375939,'430400','');
        insert into s_landmark (landmarkid, landmarkname, pinyin, ltype, lat, lng, citycode, discode) values (9064,'南岳衡山','nanyuehengshan',5,27.249976,112.710359,'430400','');
        insert into s_landmark (landmarkid, landmarkname, pinyin, ltype, lat, lng, citycode, discode) values (9065,'罗荣桓故居','luoronghuanguju',5,27.069044,113.155907,'430400','');
        insert into s_landmark (landmarkid, landmarkname, pinyin, ltype, lat, lng, citycode, discode) values (18035,'常宁市妇幼保健院','changningshifuyoubaojianyuan',6,26.406712,112.400995,'430400','');
        insert into s_landmark (landmarkid, landmarkname, pinyin, ltype, lat, lng, citycode, discode) values (18170,'湖南省衡阳县人民医院','hunanshenghengyangxianrenminyiyuan',6,26.966334,112.37712,'430400','');
        insert into s_landmark (landmarkid, landmarkname, pinyin, ltype, lat, lng, citycode, discode) values (18032,'常宁市红十字会医院','changningshihongshizihuiyiyuan',6,26.40876,112.404523,'430400','');
        insert into s_landmark (landmarkid, landmarkname, pinyin, ltype, lat, lng, citycode, discode) values (305,'衡阳火车站','hengyanghuochezhan',2,26.889838,112.630915,'430400','');
        insert into s_landmark (landmarkid, landmarkname, pinyin, ltype, lat, lng, citycode, discode) values (18116,'衡东汽车站','hengdongqichezhan',2,27.112526,112.949923,'430400','');
        insert into s_landmark (landmarkid, landmarkname, pinyin, ltype, lat, lng, citycode, discode) values (18119,'衡东县人民医院','hengdongxianrenminyiyuan',6,27.081014,112.946825,'430400','');
        insert into s_landmark (landmarkid, landmarkname, pinyin, ltype, lat, lng, citycode, discode) values (19101,'西湖公园','xihugongyuan',5,26.909722,112.606266,'430400','');
        insert into s_landmark (landmarkid, landmarkname, pinyin, ltype, lat, lng, citycode, discode) values (14794,'蔡伦纪念园','cailunjinianyuan',5,26.403873,112.857716,'430400','');
        insert into s_landmark (landmarkid, landmarkname, pinyin, ltype, lat, lng, citycode, discode) values (24682,'169医院','169yiyuan',6,26.870277,112.664158,'430400','');
        insert into s_landmark (landmarkid, landmarkname, pinyin, ltype, lat, lng, citycode, discode) values (24683,'南华大学附属第一医院','nanhuadaxuefushudiyiyiyuan',6,26.902322,112.601414,'430400','');
        insert into s_landmark (landmarkid, landmarkname, pinyin, ltype, lat, lng, citycode, discode) values (24684,'南华大学附属第二医院','nanhuadaxuefushudieryiyuan',6,26.896932,112.611329,'430400','');
        insert into s_landmark (landmarkid, landmarkname, pinyin, ltype, lat, lng, citycode, discode) values (18121,'衡东县中医院','hengdongxianzhongyiyuan',6,27.087418,112.949449,'430400','');
        insert into s_landmark (landmarkid, landmarkname, pinyin, ltype, lat, lng, citycode, discode) values (24685,'南华大学附属第三医院','nanhuadaxuefushudisanyiyuan',6,27.235015,112.732093,'430400','');
        insert into s_landmark (landmarkid, landmarkname, pinyin, ltype, lat, lng, citycode, discode) values (24686,'中西结合医院','zhongxijieheyiyuan',6,26.41086,112.38643,'430400','');
        insert into s_landmark (landmarkid, landmarkname, pinyin, ltype, lat, lng, citycode, discode) values (18122,'衡东县博物馆','hengdongxianbowuguan',5,27.070546,112.952848,'430400','');
        insert into s_landmark (landmarkid, landmarkname, pinyin, ltype, lat, lng, citycode, discode) values (2219,'湖南高速铁路职业技术学院','hunangaosutieluzhiyejishuxueyuan',7,26.879641,112.701065,'430400','');
        insert into s_landmark (landmarkid, landmarkname, pinyin, ltype, lat, lng, citycode, discode) values (18132,'衡南县人民医院','hengnanxianrenminyiyuan',6,26.733377,112.67146,'430400','');
        insert into s_landmark (landmarkid, landmarkname, pinyin, ltype, lat, lng, citycode, discode) values (2217,'长沙医学院衡阳校区','zhangshayixueyuanhengyangxiaoqu',7,26.911998,112.591599,'430400','');
        insert into s_landmark (landmarkid, landmarkname, pinyin, ltype, lat, lng, citycode, discode) values (18135,'衡南云集站','hengnanyunjizhan',2,26.736961,112.675964,'430400','');
        insert into s_landmark (landmarkid, landmarkname, pinyin, ltype, lat, lng, citycode, discode) values (15368,'开云镇','kaiyunzhen',5,27.23185,112.794944,'430400','');
        insert into s_landmark (landmarkid, landmarkname, pinyin, ltype, lat, lng, citycode, discode) values (20633,'衡阳市广播电视大学衡东分校','hengyangshiguangbodianshidaxuehengdongfenxiao',7,27.087165,112.957282,'430400','');
        insert into s_landmark (landmarkid, landmarkname, pinyin, ltype, lat, lng, citycode, discode) values (2211,'衡阳财经工业职业技术学院','hengyangcaijinggongyezhiyejishuxueyuan',7,26.899418,112.647754,'430400','');
        insert into s_landmark (landmarkid, landmarkname, pinyin, ltype, lat, lng, citycode, discode) values (2212,'湖南交通工程职业技术学院','hunanjiaotonggongchengzhiyejishuxueyuan',7,28.130175,113.010087,'430400','');
        insert into s_landmark (landmarkid, landmarkname, pinyin, ltype, lat, lng, citycode, discode) values (18139,'富佳百货','fujiabaihuo',1,26.733751,112.676052,'430400','');
        insert into s_landmark (landmarkid, landmarkname, pinyin, ltype, lat, lng, citycode, discode) values (18082,'耒阳市人民医院','leiyangshirenminyiyuan',6,26.415618,112.857816,'430400','');
        insert into s_landmark (landmarkid, landmarkname, pinyin, ltype, lat, lng, citycode, discode) values (18086,'耒阳汽车中心站','leiyangqichezhongxinzhan',2,26.409212,112.851105,'430400','');
        insert into s_landmark (landmarkid, landmarkname, pinyin, ltype, lat, lng, citycode, discode) values (18085,'耒阳云森医院','leiyangyunsenyiyuan',6,26.414204,112.849795,'430400','');
        insert into s_landmark (landmarkid, landmarkname, pinyin, ltype, lat, lng, citycode, discode) values (14634,'泉峰公园','quanfenggongyuan',5,26.405376,112.397395,'430400','');
        insert into s_landmark (landmarkid, landmarkname, pinyin, ltype, lat, lng, citycode, discode) values (18090,'康福医院','kangfuyiyuan',6,26.902985,112.592775,'430400','');
        insert into s_landmark (landmarkid, landmarkname, pinyin, ltype, lat, lng, citycode, discode) values (18088,'耒阳市中医院','leiyangshizhongyiyuan',6,26.410487,112.853611,'430400','');
        insert into s_landmark (landmarkid, landmarkname, pinyin, ltype, lat, lng, citycode, discode) values (18093,'湖南省耒阳市妇幼保健院','hunanshengleiyangshifuyoubaojianyuan',6,26.410842,112.847883,'430400','');
        insert into s_landmark (landmarkid, landmarkname, pinyin, ltype, lat, lng, citycode, discode) values (18092,'耒阳市同仁医院','leiyangshitongrenyiyuan',6,26.403022,112.85469,'430400','');
        insert into s_landmark (landmarkid, landmarkname, pinyin, ltype, lat, lng, citycode, discode) values (18096,'耒阳市第三人民医院','leiyangshidisanrenminyiyuan',6,26.408414,112.843824,'430400','');
        insert into s_landmark (landmarkid, landmarkname, pinyin, ltype, lat, lng, citycode, discode) values (18106,'衡东县妇幼保健院','hengdongxianfuyoubaojianyuan',6,27.084813,112.949133,'430400','');
        insert into s_landmark (landmarkid, landmarkname, pinyin, ltype, lat, lng, citycode, discode) values (24615,'衡阳市中医院','hengyangshizhongyiyuan',6,26.890625,112.615302,'430400','');
        insert into s_landmark (landmarkid, landmarkname, pinyin, ltype, lat, lng, citycode, discode) values (20359,'衡阳工业专修学院','hengyanggongyezhuanxiuxueyuan',7,26.874017,112.5595,'430400','');
        insert into s_landmark (landmarkid, landmarkname, pinyin, ltype, lat, lng, citycode, discode) values (15273,'衡东县政府','hengdongxianzhengfu',5,27.081169,112.953167,'430400','');
        insert into s_landmark (landmarkid, landmarkname, pinyin, ltype, lat, lng, citycode, discode) values (18061,'鼎山公园','dingshangongyuan',5,26.795573,112.114064,'430400','');
        insert into s_landmark (landmarkid, landmarkname, pinyin, ltype, lat, lng, citycode, discode) values (24618,'衡阳市中心医院','hengyangshizhongxinyiyuan',6,26.890625,112.615302,'430400','');
        insert into s_landmark (landmarkid, landmarkname, pinyin, ltype, lat, lng, citycode, discode) values (18062,'祁东县中医医院','qidongxianzhongyiyiyuan',6,26.784445,112.128569,'430400','');
        insert into s_landmark (landmarkid, landmarkname, pinyin, ltype, lat, lng, citycode, discode) values (14744,'烈士公园','lieshigongyuan',5,26.935738,112.606094,'430400','');
        insert into s_landmark (landmarkid, landmarkname, pinyin, ltype, lat, lng, citycode, discode) values (18067,'祁东县人民医院','qidongxianrenminyiyuan',6,26.784656,112.126876,'430400','');
        insert into s_landmark (landmarkid, landmarkname, pinyin, ltype, lat, lng, citycode, discode) values (18068,'祁东县第四人民医院','qidongxiandisirenminyiyuan',6,26.779973,112.134135,'430400','');
        insert into s_landmark (landmarkid, landmarkname, pinyin, ltype, lat, lng, citycode, discode) values (18071,'祁东汽车站','qidongqichezhan',2,26.779289,112.125241,'430400','');
        insert into s_landmark (landmarkid, landmarkname, pinyin, ltype, lat, lng, citycode, discode) values (18176,'衡阳人民车站','hengyangrenminchezhan',2,26.870104,112.493523,'430400','');
        insert into s_landmark (landmarkid, landmarkname, pinyin, ltype, lat, lng, citycode, discode) values (18177,'衡阳西渡汽车站','hengyangxiduqichezhan',2,26.96744,112.367941,'430400','');
        insert into s_landmark (landmarkid, landmarkname, pinyin, ltype, lat, lng, citycode, discode) values (18079,'耒阳农耕文化博物馆','leiyangnonggengwenhuabowuguan',5,26.422493,112.860962,'430400','');
        /****************************** 输出景点SQL脚本: 结束 ***********************************/

/** citycode 450100: 南宁市 */
delete from s_areainfo where citycode = '450100';
        /****************************** 输出行政区SQL脚本: 开始 ***********************************/
        insert into s_areainfo (areaid, areaname, pinyin, lat, lng, citycode, discode) values (3707,'宾阳县','binyangxian',23.217787,108.810326,'450100','');
        insert into s_areainfo (areaid, areaname, pinyin, lat, lng, citycode, discode) values (3706,'横县','hengxian',22.679932,109.261384,'450100','');
        insert into s_areainfo (areaid, areaname, pinyin, lat, lng, citycode, discode) values (3705,'武鸣区','wumingqu',23.158693,108.274712,'450100','');
        insert into s_areainfo (areaid, areaname, pinyin, lat, lng, citycode, discode) values (3704,'邕宁区','yongningqu',22.75839,108.487369,'450100','');
        insert into s_areainfo (areaid, areaname, pinyin, lat, lng, citycode, discode) values (3710,'马山县','mashanxian',23.708192,108.176979,'450100','');
        insert into s_areainfo (areaid, areaname, pinyin, lat, lng, citycode, discode) values (3709,'隆安县','longxian',23.166028,107.696153,'450100','');
        insert into s_areainfo (areaid, areaname, pinyin, lat, lng, citycode, discode) values (3708,'上林县','shanglinxian',23.431936,108.604921,'450100','');
        insert into s_areainfo (areaid, areaname, pinyin, lat, lng, citycode, discode) values (3703,'良庆区','liangqingqu',22.759296,108.324928,'450100','');
        insert into s_areainfo (areaid, areaname, pinyin, lat, lng, citycode, discode) values (248,'西乡塘区','xixiangtangqu',22.832779,108.306903,'450100','');
        insert into s_areainfo (areaid, areaname, pinyin, lat, lng, citycode, discode) values (249,'近郊','jinjiao',47.972589,122.787537,'450100','');
        insert into s_areainfo (areaid, areaname, pinyin, lat, lng, citycode, discode) values (246,'青秀区','qingxiuqu',22.785879,108.494024,'450100','');
        insert into s_areainfo (areaid, areaname, pinyin, lat, lng, citycode, discode) values (247,'江南区','jiangnanqu',22.781632,108.273158,'450100','');
        insert into s_areainfo (areaid, areaname, pinyin, lat, lng, citycode, discode) values (245,'兴宁区','xingningqu',22.85402,108.368871,'450100','');
        /****************************** 输出行政区SQL脚本: 结束 ***********************************/
delete from s_landmark where citycode = '450100';
        /****************************** 输出景点SQL脚本: 开始 ***********************************/
        insert into s_landmark (landmarkid, landmarkname, pinyin, ltype, lat, lng, citycode, discode) values (7653,'人人乐(金湖店）','renrenle(jinhudian）',1,22.813395,108.37008,'450100','');
        insert into s_landmark (landmarkid, landmarkname, pinyin, ltype, lat, lng, citycode, discode) values (7654,'永凯购物广场','yongkaigouwuguangchang',1,22.825387,108.353812,'450100','');
        insert into s_landmark (landmarkid, landmarkname, pinyin, ltype, lat, lng, citycode, discode) values (7648,'航洋国际购物中心','hangyangguojigouwuzhongxin',1,22.813538,108.385041,'450100','');
        insert into s_landmark (landmarkid, landmarkname, pinyin, ltype, lat, lng, citycode, discode) values (7649,'华润·万象城','huarun·wanxiangcheng',1,22.808971,108.39134,'450100','');
        insert into s_landmark (landmarkid, landmarkname, pinyin, ltype, lat, lng, citycode, discode) values (7650,'盛天地','shengtiandi',1,22.810777,108.399406,'450100','');
        insert into s_landmark (landmarkid, landmarkname, pinyin, ltype, lat, lng, citycode, discode) values (7651,'梦之岛水晶城','mengzhidaoshuijingcheng',1,22.8173,108.369916,'450100','');
        insert into s_landmark (landmarkid, landmarkname, pinyin, ltype, lat, lng, citycode, discode) values (7660,'梦之岛（旧）','mengzhidao（jiu）',1,22.80788,108.328405,'450100','');
        insert into s_landmark (landmarkid, landmarkname, pinyin, ltype, lat, lng, citycode, discode) values (7661,'王府井','wangfujing',1,22.80724,108.32862,'450100','');
        insert into s_landmark (landmarkid, landmarkname, pinyin, ltype, lat, lng, citycode, discode) values (7663,'百佳华超市','baijiahuachaoshi',1,22.760917,108.317547,'450100','');
        insert into s_landmark (landmarkid, landmarkname, pinyin, ltype, lat, lng, citycode, discode) values (7656,'荣和中央公园','ronghezhongyanggongyuan',1,22.819268,108.337633,'450100','');
        insert into s_landmark (landmarkid, landmarkname, pinyin, ltype, lat, lng, citycode, discode) values (14576,'中山公园','zhongshangongyuan',5,23.242804,108.834481,'450100','');
        insert into s_landmark (landmarkid, landmarkname, pinyin, ltype, lat, lng, citycode, discode) values (7657,'梦之岛（新）','mengzhidao（xin）',1,22.813908,108.335328,'450100','');
        insert into s_landmark (landmarkid, landmarkname, pinyin, ltype, lat, lng, citycode, discode) values (7658,'阳光100','yangguang100',1,22.800403,108.355235,'450100','');
        insert into s_landmark (landmarkid, landmarkname, pinyin, ltype, lat, lng, citycode, discode) values (14579,'灵水风景区','lingshuifengjingqu',5,23.149596,108.269604,'450100','');
        insert into s_landmark (landmarkid, landmarkname, pinyin, ltype, lat, lng, citycode, discode) values (14578,'文化广场','wenhuaguangchang',5,23.215133,108.82434,'450100','');
        insert into s_landmark (landmarkid, landmarkname, pinyin, ltype, lat, lng, citycode, discode) values (8279,'广西艺术学院','guangxiyishuxueyuan',7,22.802741,108.338649,'450100','');
        insert into s_landmark (landmarkid, landmarkname, pinyin, ltype, lat, lng, citycode, discode) values (7669,'西南商都','xinanshangdou',1,22.815351,108.321098,'450100','');
        insert into s_landmark (landmarkid, landmarkname, pinyin, ltype, lat, lng, citycode, discode) values (7668,'悦荟广场','yuehuiguangchang',1,22.814844,108.322416,'450100','');
        insert into s_landmark (landmarkid, landmarkname, pinyin, ltype, lat, lng, citycode, discode) values (8278,'广西财经学院','guangxicaijingxueyuan',7,22.82606,108.183415,'450100','');
        insert into s_landmark (landmarkid, landmarkname, pinyin, ltype, lat, lng, citycode, discode) values (7671,'南宁百货','nanningbaihuo',1,22.817306,108.320495,'450100','');
        insert into s_landmark (landmarkid, landmarkname, pinyin, ltype, lat, lng, citycode, discode) values (8277,'邕江大学','yongjiangdaxue',7,22.751297,108.452013,'450100','');
        insert into s_landmark (landmarkid, landmarkname, pinyin, ltype, lat, lng, citycode, discode) values (7670,'新朝阳','xinchaoyang',1,22.816168,108.321891,'450100','');
        insert into s_landmark (landmarkid, landmarkname, pinyin, ltype, lat, lng, citycode, discode) values (7665,'国贸购物中心','guomaogouwuzhongxin',1,22.813825,108.323873,'450100','');
        insert into s_landmark (landmarkid, landmarkname, pinyin, ltype, lat, lng, citycode, discode) values (8275,'广西中医学院','guangxizhongyixueyuan',7,22.842179,108.317792,'450100','');
        insert into s_landmark (landmarkid, landmarkname, pinyin, ltype, lat, lng, citycode, discode) values (8274,'广西医科大学','guangxiyikedaxue',7,22.799161,108.351059,'450100','');
        insert into s_landmark (landmarkid, landmarkname, pinyin, ltype, lat, lng, citycode, discode) values (7667,'丽源天际','liyuantianji',1,22.812686,108.323676,'450100','');
        insert into s_landmark (landmarkid, landmarkname, pinyin, ltype, lat, lng, citycode, discode) values (8273,'广西大学','guangxidaxue',7,22.838499,108.288452,'450100','');
        insert into s_landmark (landmarkid, landmarkname, pinyin, ltype, lat, lng, citycode, discode) values (7676,'南城百货（江南店）','nanchengbaihuo（jiangnandian）',1,22.784946,108.324781,'450100','');
        insert into s_landmark (landmarkid, landmarkname, pinyin, ltype, lat, lng, citycode, discode) values (7679,'世贸西城','shimaoxicheng',1,22.832529,108.29098,'450100','');
        insert into s_landmark (landmarkid, landmarkname, pinyin, ltype, lat, lng, citycode, discode) values (7678,'南城百货（兴宁店）','nanchengbaihuo（xingningdian）',1,22.836141,108.33576,'450100','');
        insert into s_landmark (landmarkid, landmarkname, pinyin, ltype, lat, lng, citycode, discode) values (7673,'南方天街','nanfangtianjie',1,22.823027,108.319381,'450100','');
        insert into s_landmark (landmarkid, landmarkname, pinyin, ltype, lat, lng, citycode, discode) values (7672,'台湾城520流行广场','taiwancheng520liuxingguangchang',1,22.820795,108.319411,'450100','');
        insert into s_landmark (landmarkid, landmarkname, pinyin, ltype, lat, lng, citycode, discode) values (8831,'人民公园','renmingongyuan',5,22.828702,108.331113,'450100','');
        insert into s_landmark (landmarkid, landmarkname, pinyin, ltype, lat, lng, citycode, discode) values (7675,'梦之岛','mengzhidao',1,22.806669,108.335774,'450100','');
        insert into s_landmark (landmarkid, landmarkname, pinyin, ltype, lat, lng, citycode, discode) values (8281,'广西师范学院','guangxishifanxueyuan',7,22.84097,108.320053,'450100','');
        insert into s_landmark (landmarkid, landmarkname, pinyin, ltype, lat, lng, citycode, discode) values (7674,'江南·香格里拉','jiangnan·xianggelila',1,22.803507,108.309537,'450100','');
        insert into s_landmark (landmarkid, landmarkname, pinyin, ltype, lat, lng, citycode, discode) values (8830,'动物园','dongwuyuan',5,22.835008,108.268546,'450100','');
        insert into s_landmark (landmarkid, landmarkname, pinyin, ltype, lat, lng, citycode, discode) values (8280,'广西民族大学','guangximinzudaxue',7,22.842189,108.235916,'450100','');
        insert into s_landmark (landmarkid, landmarkname, pinyin, ltype, lat, lng, citycode, discode) values (13593,'正恒商业广场','zhenghengshangyeguangchang',1,22.834393,108.29982,'450100','');
        insert into s_landmark (landmarkid, landmarkname, pinyin, ltype, lat, lng, citycode, discode) values (24088,'横县中医医院','hengxianzhongyiyiyuan',6,22.688731,109.27612,'450100','');
        insert into s_landmark (landmarkid, landmarkname, pinyin, ltype, lat, lng, citycode, discode) values (24988,'南宁市第三人民医院','nanningshidisanrenminyiyuan',6,22.820303,108.282158,'450100','');
        insert into s_landmark (landmarkid, landmarkname, pinyin, ltype, lat, lng, citycode, discode) values (24089,'茉莉花文化公园','molihuawenhuagongyuan',5,22.698624,109.26974,'450100','');
        insert into s_landmark (landmarkid, landmarkname, pinyin, ltype, lat, lng, citycode, discode) values (24989,'南宁市第五人民医院','nanningshidiwurenminyiyuan',6,22.859005,108.337538,'450100','');
        insert into s_landmark (landmarkid, landmarkname, pinyin, ltype, lat, lng, citycode, discode) values (24990,'南宁瑞康医院','nanningruikangyiyuan',6,22.821875,108.314274,'450100','');
        insert into s_landmark (landmarkid, landmarkname, pinyin, ltype, lat, lng, citycode, discode) values (24091,'横州公园','hengzhougongyuan',5,22.688405,109.264446,'450100','');
        insert into s_landmark (landmarkid, landmarkname, pinyin, ltype, lat, lng, citycode, discode) values (24991,'南宁市红十字会医院','nanningshihongshizihuiyiyuan',6,22.815304,108.312607,'450100','');
        insert into s_landmark (landmarkid, landmarkname, pinyin, ltype, lat, lng, citycode, discode) values (24984,'广西医科大口腔医院','guangxiyikedakouqiangyiyuan',6,22.798835,108.343534,'450100','');
        insert into s_landmark (landmarkid, landmarkname, pinyin, ltype, lat, lng, citycode, discode) values (24985,'广西医科大学附属第一医院','guangxiyikedaxuefushudiyiyiyuan',6,22.796066,108.343459,'450100','');
        insert into s_landmark (landmarkid, landmarkname, pinyin, ltype, lat, lng, citycode, discode) values (24093,'武鸣县妇幼保健院','wumingxianfuyoubaojianyuan',6,23.166722,108.284947,'450100','');
        insert into s_landmark (landmarkid, landmarkname, pinyin, ltype, lat, lng, citycode, discode) values (24986,'南宁市第一人民医院','nanningshidiyirenminyiyuan',6,22.809865,108.325344,'450100','');
        insert into s_landmark (landmarkid, landmarkname, pinyin, ltype, lat, lng, citycode, discode) values (24094,'武鸣汽车总站','wumingqichezongzhan',2,23.148364,108.285947,'450100','');
        insert into s_landmark (landmarkid, landmarkname, pinyin, ltype, lat, lng, citycode, discode) values (24987,'南宁市第二人民医院','nanningshidierrenminyiyuan',6,22.797096,108.305934,'450100','');
        insert into s_landmark (landmarkid, landmarkname, pinyin, ltype, lat, lng, citycode, discode) values (24095,'狮子山公园','shizishangongyuan',5,23.150295,108.260003,'450100','');
        insert into s_landmark (landmarkid, landmarkname, pinyin, ltype, lat, lng, citycode, discode) values (24981,'广西民族医院','guangximinzuyiyuan',6,22.843911,108.319182,'450100','');
        insert into s_landmark (landmarkid, landmarkname, pinyin, ltype, lat, lng, citycode, discode) values (24982,'广西区人民医院','guangxiqurenminyiyuan',6,22.803158,108.327702,'450100','');
        insert into s_landmark (landmarkid, landmarkname, pinyin, ltype, lat, lng, citycode, discode) values (24983,'广西骨伤医院','guangxigushangyiyuan',6,22.816175,108.328805,'450100','');
        insert into s_landmark (landmarkid, landmarkname, pinyin, ltype, lat, lng, citycode, discode) values (24084,'横县汽车总站','hengxianqichezongzhan',2,22.683324,109.262519,'450100','');
        insert into s_landmark (landmarkid, landmarkname, pinyin, ltype, lat, lng, citycode, discode) values (24086,'新百大楼','xinbaidalou',1,22.680848,109.268606,'450100','');
        insert into s_landmark (landmarkid, landmarkname, pinyin, ltype, lat, lng, citycode, discode) values (3751,'广西中医学院','guangxizhongyixueyuan',7,22.842179,108.317792,'450100','');
        insert into s_landmark (landmarkid, landmarkname, pinyin, ltype, lat, lng, citycode, discode) values (24072,'隆安商城','longanshangcheng',1,23.170914,107.697621,'450100','');
        insert into s_landmark (landmarkid, landmarkname, pinyin, ltype, lat, lng, citycode, discode) values (3749,'广西大学行健文理学院','guangxidaxuexingjianwenlixueyuan',7,22.85369,108.289034,'450100','');
        insert into s_landmark (landmarkid, landmarkname, pinyin, ltype, lat, lng, citycode, discode) values (24075,'马山县福康医院','mashanxianfukangyiyuan',6,23.704737,108.165408,'450100','');
        insert into s_landmark (landmarkid, landmarkname, pinyin, ltype, lat, lng, citycode, discode) values (3748,'广西交通技师学院','guangxijiaotongjishixueyuan',7,22.859609,108.336409,'450100','');
        insert into s_landmark (landmarkid, landmarkname, pinyin, ltype, lat, lng, citycode, discode) values (24074,'马山县中医院','mashanxianzhongyiyuan',6,23.710776,108.16598,'450100','');
        insert into s_landmark (landmarkid, landmarkname, pinyin, ltype, lat, lng, citycode, discode) values (3747,'广西工商职业技术学院','guangxigongshangzhiyejishuxueyuan',7,22.813533,108.288897,'450100','');
        insert into s_landmark (landmarkid, landmarkname, pinyin, ltype, lat, lng, citycode, discode) values (3746,'广西教育学院','guangxijiaoyuxueyuan',7,22.822081,108.338294,'450100','');
        insert into s_landmark (landmarkid, landmarkname, pinyin, ltype, lat, lng, citycode, discode) values (24076,'马山城南汽车站','mashanchengnanqichezhan',2,23.700729,108.174905,'450100','');
        insert into s_landmark (landmarkid, landmarkname, pinyin, ltype, lat, lng, citycode, discode) values (3745,'广西民族大学','guangximinzudaxue',7,22.842189,108.235916,'450100','');
        insert into s_landmark (landmarkid, landmarkname, pinyin, ltype, lat, lng, citycode, discode) values (3744,'广西工业职业技术学院','guangxigongyezhiyejishuxueyuan',7,22.841176,108.30092,'450100','');
        insert into s_landmark (landmarkid, landmarkname, pinyin, ltype, lat, lng, citycode, discode) values (24065,'宾阳客运站','binyangkeyunzhan',2,23.208819,108.828638,'450100','');
        insert into s_landmark (landmarkid, landmarkname, pinyin, ltype, lat, lng, citycode, discode) values (24067,'宾阳中山医院','binyangzhongshanyiyuan',6,23.218671,108.823387,'450100','');
        insert into s_landmark (landmarkid, landmarkname, pinyin, ltype, lat, lng, citycode, discode) values (24068,'隆安火车站','longanhuochezhan',2,23.174543,107.682662,'450100','');
        insert into s_landmark (landmarkid, landmarkname, pinyin, ltype, lat, lng, citycode, discode) values (3752,'广西中医学院赛恩斯新医药学院','guangxizhongyixueyuansaiensixinyiyaoxueyuan',7,22.797273,108.506997,'450100','');
        insert into s_landmark (landmarkid, landmarkname, pinyin, ltype, lat, lng, citycode, discode) values (24070,'隆安汽车站','longanqichezhan',2,23.170863,107.689348,'450100','');
        insert into s_landmark (landmarkid, landmarkname, pinyin, ltype, lat, lng, citycode, discode) values (3732,'广西财经学院','guangxicaijingxueyuan',7,22.82606,108.183415,'450100','');
        insert into s_landmark (landmarkid, landmarkname, pinyin, ltype, lat, lng, citycode, discode) values (3733,'广西国际商务职业技术学院','guangxiguojishangwuzhiyejishuxueyuan',7,22.841185,108.257938,'450100','');
        insert into s_landmark (landmarkid, landmarkname, pinyin, ltype, lat, lng, citycode, discode) values (3734,'广西机电职业技术学院','guangxijidianzhiyejishuxueyuan',7,22.836471,108.236751,'450100','');
        insert into s_landmark (landmarkid, landmarkname, pinyin, ltype, lat, lng, citycode, discode) values (3735,'广西交通职业技术学院','guangxijiaotongzhiyejishuxueyuan',7,22.915042,108.492569,'450100','');
        insert into s_landmark (landmarkid, landmarkname, pinyin, ltype, lat, lng, citycode, discode) values (3728,'南宁职业技术学院二分院','nanningzhiyejishuxueyuanerfenyuan',7,22.818256,108.32762,'450100','');
        insert into s_landmark (landmarkid, landmarkname, pinyin, ltype, lat, lng, citycode, discode) values (3743,'邕江大学','yongjiangdaxue',7,22.751297,108.452013,'450100','');
        insert into s_landmark (landmarkid, landmarkname, pinyin, ltype, lat, lng, citycode, discode) values (3736,'广西经贸职业技术学院','guangxijingmaozhiyejishuxueyuan',7,22.793943,108.361503,'450100','');
        insert into s_landmark (landmarkid, landmarkname, pinyin, ltype, lat, lng, citycode, discode) values (3737,'广西警官高等专科学校','guangxijingguangaodengzhuankexuexiao',7,22.832848,108.357482,'450100','');
        insert into s_landmark (landmarkid, landmarkname, pinyin, ltype, lat, lng, citycode, discode) values (3719,'广西农业职业技术学院','guangxinongyezhiyejishuxueyuan',7,22.844679,108.243036,'450100','');
        insert into s_landmark (landmarkid, landmarkname, pinyin, ltype, lat, lng, citycode, discode) values (3714,'广西大学','guangxidaxue',7,22.838499,108.288452,'450100','');
        insert into s_landmark (landmarkid, landmarkname, pinyin, ltype, lat, lng, citycode, discode) values (3725,'广西艺术学院','guangxiyishuxueyuan',7,22.802741,108.338649,'450100','');
        insert into s_landmark (landmarkid, landmarkname, pinyin, ltype, lat, lng, citycode, discode) values (3724,'广西医科大学','guangxiyikedaxue',7,22.799161,108.351059,'450100','');
        insert into s_landmark (landmarkid, landmarkname, pinyin, ltype, lat, lng, citycode, discode) values (3727,'南宁职业技术学院三分院','nanningzhiyejishuxueyuansanfenyuan',7,22.831721,108.295109,'450100','');
        insert into s_landmark (landmarkid, landmarkname, pinyin, ltype, lat, lng, citycode, discode) values (3726,'南宁职业技术学院','nanningzhiyejishuxueyuan',7,22.831412,108.191853,'450100','');
        insert into s_landmark (landmarkid, landmarkname, pinyin, ltype, lat, lng, citycode, discode) values (24096,'解放商场','jiefangshangchang',1,23.160205,108.275046,'450100','');
        insert into s_landmark (landmarkid, landmarkname, pinyin, ltype, lat, lng, citycode, discode) values (24993,'广西妇幼保健院','guangxifuyoubaojianyuan',6,22.817762,108.29242,'450100','');
        insert into s_landmark (landmarkid, landmarkname, pinyin, ltype, lat, lng, citycode, discode) values (24992,'三零三医院','sanlingsanyiyuan',6,22.794475,108.332438,'450100','');
        insert into s_landmark (landmarkid, landmarkname, pinyin, ltype, lat, lng, citycode, discode) values (24051,'上林汽车总站','shanglinqichezongzhan',2,23.428252,108.605605,'450100','');
        insert into s_landmark (landmarkid, landmarkname, pinyin, ltype, lat, lng, citycode, discode) values (24052,'上林县人民医院','shanglinxianrenminyiyuan',6,23.431867,108.597579,'450100','');
        insert into s_landmark (landmarkid, landmarkname, pinyin, ltype, lat, lng, citycode, discode) values (24054,'澄州大商场','chengzhoudashangchang',1,23.430801,108.601297,'450100','');
        insert into s_landmark (landmarkid, landmarkname, pinyin, ltype, lat, lng, citycode, discode) values (24058,'宾阳县人民医院','binyangxianrenminyiyuan',6,23.215552,108.808158,'450100','');
        insert into s_landmark (landmarkid, landmarkname, pinyin, ltype, lat, lng, citycode, discode) values (24063,'城建尚城购物广场','chengjianshangchenggouwuguangchang',1,23.214505,108.820921,'450100','');
        insert into s_landmark (landmarkid, landmarkname, pinyin, ltype, lat, lng, citycode, discode) values (24062,'宾阳芦圩客运站','binyangluweikeyunzhan',2,23.248307,108.82294,'450100','');
        insert into s_landmark (landmarkid, landmarkname, pinyin, ltype, lat, lng, citycode, discode) values (164,'南宁站','nanningzhan',2,22.826642,108.31534,'450100','');
        insert into s_landmark (landmarkid, landmarkname, pinyin, ltype, lat, lng, citycode, discode) values (10346,'九曲湾温泉度假村','jiuquwanwenquandujiacun',5,22.881737,108.420909,'450100','');
        insert into s_landmark (landmarkid, landmarkname, pinyin, ltype, lat, lng, citycode, discode) values (10347,'南宁乡村大世界','nanningxiangcundashijie',5,22.862154,108.425053,'450100','');
        insert into s_landmark (landmarkid, landmarkname, pinyin, ltype, lat, lng, citycode, discode) values (14371,'供水大厦','gongshuidasha',1,23.156511,108.291192,'450100','');
        insert into s_landmark (landmarkid, landmarkname, pinyin, ltype, lat, lng, citycode, discode) values (14375,'民族中学','minzuzhongxue',2,23.249079,108.820787,'450100','');
        insert into s_landmark (landmarkid, landmarkname, pinyin, ltype, lat, lng, citycode, discode) values (14374,'中银大厦','zhongyindasha',1,22.817828,108.334882,'450100','');
        insert into s_landmark (landmarkid, landmarkname, pinyin, ltype, lat, lng, citycode, discode) values (7680,'城市碧园','chengshibiyuan',1,22.830616,108.288808,'450100','');
        insert into s_landmark (landmarkid, landmarkname, pinyin, ltype, lat, lng, citycode, discode) values (10529,'南宁吴圩机场','nanningwuweijichang',2,22.600974,108.185952,'450100','');
        insert into s_landmark (landmarkid, landmarkname, pinyin, ltype, lat, lng, citycode, discode) values (9724,'嘉和城温泉谷','jiahechengwenquangu',5,22.901382,108.45424,'450100','');
        insert into s_landmark (landmarkid, landmarkname, pinyin, ltype, lat, lng, citycode, discode) values (9725,'南宁海底世界','nanninghaidishijie',5,22.826478,108.33243,'450100','');
        insert into s_landmark (landmarkid, landmarkname, pinyin, ltype, lat, lng, citycode, discode) values (8833,'南湖公园','nanhugongyuan',5,22.805406,108.353983,'450100','');
        insert into s_landmark (landmarkid, landmarkname, pinyin, ltype, lat, lng, citycode, discode) values (8832,'青秀山','qingxiushan',5,22.787381,108.387083,'450100','');
        insert into s_landmark (landmarkid, landmarkname, pinyin, ltype, lat, lng, citycode, discode) values (14618,'蓝城花园','lanchenghuayuan',2,23.428357,108.609122,'450100','');
        insert into s_landmark (landmarkid, landmarkname, pinyin, ltype, lat, lng, citycode, discode) values (14619,'旺角花园','wangjiaohuayuan',5,23.428013,108.603132,'450100','');
        insert into s_landmark (landmarkid, landmarkname, pinyin, ltype, lat, lng, citycode, discode) values (14620,'海棠公园','haitanggongyuan',5,22.677397,109.259241,'450100','');
        insert into s_landmark (landmarkid, landmarkname, pinyin, ltype, lat, lng, citycode, discode) values (14621,'利客隆购物广场','likelonggouwuguangchang',1,22.8476,108.267528,'450100','');
        insert into s_landmark (landmarkid, landmarkname, pinyin, ltype, lat, lng, citycode, discode) values (14622,'慧玩游乐场','huiwanyoulechang',5,23.173558,107.698801,'450100','');
        /****************************** 输出景点SQL脚本: 结束 ***********************************/
        
/** citycode 320600: 南通市 */
delete from s_areainfo where citycode = '320600';
        /****************************** 输出行政区SQL脚本: 开始 ***********************************/
        insert into s_areainfo (areaid, areaname, pinyin, lat, lng, citycode, discode) values (2761,'通州区','nttongzhou',39.909946,116.656435,'320600','');
        insert into s_areainfo (areaid, areaname, pinyin, lat, lng, citycode, discode) values (2760,'启东市','qidongshi',31.808026,121.657441,'320600','');
        insert into s_areainfo (areaid, areaname, pinyin, lat, lng, citycode, discode) values (2763,'如东县','rudongxian',32.331766,121.185201,'320600','');
        insert into s_areainfo (areaid, areaname, pinyin, lat, lng, citycode, discode) values (2762,'如皋市','rugaoshi',32.370557,120.574946,'320600','');
        insert into s_areainfo (areaid, areaname, pinyin, lat, lng, citycode, discode) values (2764,'海安县','haixian',32.540289,120.465995,'320600','');
        insert into s_areainfo (areaid, areaname, pinyin, lat, lng, citycode, discode) values (2757,'崇川区','chongchuanqu',32.009875,120.857434,'320600','');
        insert into s_areainfo (areaid, areaname, pinyin, lat, lng, citycode, discode) values (2759,'海门市','haimenshi',31.871173,121.181615,'320600','');
        insert into s_areainfo (areaid, areaname, pinyin, lat, lng, citycode, discode) values (2758,'港闸区','gangzhaqu',32.032442,120.818527,'320600','');
        /****************************** 输出行政区SQL脚本: 结束 ***********************************/
delete from s_landmark where citycode = '320600';
        /****************************** 输出景点SQL脚本: 开始 ***********************************/
        insert into s_landmark (landmarkid, landmarkname, pinyin, ltype, lat, lng, citycode, discode) values (10454,'如东文峰大世界','rudongwenfengdashijie',1,32.31193,121.184715,'320600','');
        insert into s_landmark (landmarkid, landmarkname, pinyin, ltype, lat, lng, citycode, discode) values (8928,'圆陀角','yuantuojiao',5,31.698623,121.896596,'320600','');
        insert into s_landmark (landmarkid, landmarkname, pinyin, ltype, lat, lng, citycode, discode) values (146,'南通站','nantongzhan',2,32.06809,120.860369,'320600','');
        insert into s_landmark (landmarkid, landmarkname, pinyin, ltype, lat, lng, citycode, discode) values (4095,'南通大学','nantongdaxue',7,31.972493,120.9093,'320600','');
        insert into s_landmark (landmarkid, landmarkname, pinyin, ltype, lat, lng, citycode, discode) values (4097,'南通职业大学','nantongzhiyedaxue',7,32.008299,120.893495,'320600','');
        insert into s_landmark (landmarkid, landmarkname, pinyin, ltype, lat, lng, citycode, discode) values (17306,'海安南屏医院','haiannanpingyiyuan',6,32.513631,120.495894,'320600','');
        insert into s_landmark (landmarkid, landmarkname, pinyin, ltype, lat, lng, citycode, discode) values (18270,'如东县中医院','rudongxianzhongyiyuan',6,32.314514,121.185513,'320600','');
        insert into s_landmark (landmarkid, landmarkname, pinyin, ltype, lat, lng, citycode, discode) values (4099,'南通农业职业技术学院','nantongnongyezhiyejishuxueyuan',7,32.005169,120.892798,'320600','');
        insert into s_landmark (landmarkid, landmarkname, pinyin, ltype, lat, lng, citycode, discode) values (4098,'紫琅职业技术学院','zilangzhiyejishuxueyuan',7,32.040928,120.80634,'320600','');
        insert into s_landmark (landmarkid, landmarkname, pinyin, ltype, lat, lng, citycode, discode) values (18268,'如东县第四人民医院','rudongxiandisirenminyiyuan',6,32.298386,121.17668,'320600','');
        insert into s_landmark (landmarkid, landmarkname, pinyin, ltype, lat, lng, citycode, discode) values (18267,'人民公园','renmingongyuan',5,32.081225,121.071192,'320600','');
        insert into s_landmark (landmarkid, landmarkname, pinyin, ltype, lat, lng, citycode, discode) values (24306,'通州区中医院','tongzhouquzhongyiyuan',6,32.078078,121.077736,'320600','');
        insert into s_landmark (landmarkid, landmarkname, pinyin, ltype, lat, lng, citycode, discode) values (4103,'南通航运职业技术学院','nantonghangyunzhiyejishuxueyuan',7,31.916589,120.962167,'320600','');
        insert into s_landmark (landmarkid, landmarkname, pinyin, ltype, lat, lng, citycode, discode) values (18264,'如东县人民医院','rudongxianrenminyiyuan',6,32.315793,121.181151,'320600','');
        insert into s_landmark (landmarkid, landmarkname, pinyin, ltype, lat, lng, citycode, discode) values (17298,'海安县火车站','haianxianhuochezhan',2,32.547582,120.50384,'320600','');
        insert into s_landmark (landmarkid, landmarkname, pinyin, ltype, lat, lng, citycode, discode) values (1533,'张骞纪念馆','zhangqianjinianguan',5,33.155553,107.296257,'320600','');
        insert into s_landmark (landmarkid, landmarkname, pinyin, ltype, lat, lng, citycode, discode) values (18262,'如东县烈士陵园','rudongxianlieshilingyuan',5,32.316157,121.192227,'320600','');
        insert into s_landmark (landmarkid, landmarkname, pinyin, ltype, lat, lng, citycode, discode) values (8922,'濠河','haohe',5,32.020644,120.857592,'320600','');
        insert into s_landmark (landmarkid, landmarkname, pinyin, ltype, lat, lng, citycode, discode) values (6418,'文峰大世界','wenfengdashijie',1,32.015318,120.865849,'320600','');
        insert into s_landmark (landmarkid, landmarkname, pinyin, ltype, lat, lng, citycode, discode) values (8923,'狼山','langshan',5,31.949891,120.887651,'320600','');
        insert into s_landmark (landmarkid, landmarkname, pinyin, ltype, lat, lng, citycode, discode) values (6419,'侨鸿国际','qiaohongguoji',1,32.017617,120.868751,'320600','');
        insert into s_landmark (landmarkid, landmarkname, pinyin, ltype, lat, lng, citycode, discode) values (17290,'海安县妇幼保健所','haianxianfuyoubaojiansuo',6,32.517949,120.469283,'320600','');
        insert into s_landmark (landmarkid, landmarkname, pinyin, ltype, lat, lng, citycode, discode) values (6417,'八佰伴','babaiban',1,32.016982,120.865578,'320600','');
        insert into s_landmark (landmarkid, landmarkname, pinyin, ltype, lat, lng, citycode, discode) values (17288,'海安县仁济医院','haianxianrenjiyiyuan',6,32.536796,120.48093,'320600','');
        insert into s_landmark (landmarkid, landmarkname, pinyin, ltype, lat, lng, citycode, discode) values (8926,'滨江公园','binjianggongyuan',5,31.959479,120.87207,'320600','');
        insert into s_landmark (landmarkid, landmarkname, pinyin, ltype, lat, lng, citycode, discode) values (17294,'海安立发医院','haianlifayiyuan',6,32.531983,120.507895,'320600','');
        insert into s_landmark (landmarkid, landmarkname, pinyin, ltype, lat, lng, citycode, discode) values (8927,'洋口港','yangkougang',5,32.300597,121.185445,'320600','');
        insert into s_landmark (landmarkid, landmarkname, pinyin, ltype, lat, lng, citycode, discode) values (8924,'啬园','seyuan',5,31.966153,120.908403,'320600','');
        insert into s_landmark (landmarkid, landmarkname, pinyin, ltype, lat, lng, citycode, discode) values (6420,'欧尚/中南城购物中心','oushang/zhongnanchenggouwuzhongxin',1,31.968588,120.892627,'320600','');
        insert into s_landmark (landmarkid, landmarkname, pinyin, ltype, lat, lng, citycode, discode) values (8925,'园博园','yuanboyuan',5,31.954516,120.881859,'320600','');
        insert into s_landmark (landmarkid, landmarkname, pinyin, ltype, lat, lng, citycode, discode) values (18868,'启东市第三人民医院','qidongshidisanrenminyiyuan',6,31.799856,121.67835,'320600','');
        insert into s_landmark (landmarkid, landmarkname, pinyin, ltype, lat, lng, citycode, discode) values (18869,'启东市人民医院','qidongshirenminyiyuan',6,31.811778,121.661536,'320600','');
        insert into s_landmark (landmarkid, landmarkname, pinyin, ltype, lat, lng, citycode, discode) values (18870,'启东市中医院','qidongshizhongyiyuan',6,31.81702,121.668891,'320600','');
        insert into s_landmark (landmarkid, landmarkname, pinyin, ltype, lat, lng, citycode, discode) values (18871,'启东西站','qidongxizhan',2,31.843386,121.541755,'320600','');
        insert into s_landmark (landmarkid, landmarkname, pinyin, ltype, lat, lng, citycode, discode) values (18867,'人口文化主题公园','renkouwenhuazhutigongyuan',5,31.814709,121.647316,'320600','');
        insert into s_landmark (landmarkid, landmarkname, pinyin, ltype, lat, lng, citycode, discode) values (17270,'如皋市百信医院','rugaoshibaixinyiyuan',6,32.391667,120.561072,'320600','');
        insert into s_landmark (landmarkid, landmarkname, pinyin, ltype, lat, lng, citycode, discode) values (17267,'如皋市人民医院','rugaoshirenminyiyuan',6,32.381522,120.564962,'320600','');
        insert into s_landmark (landmarkid, landmarkname, pinyin, ltype, lat, lng, citycode, discode) values (17127,'滨河广场','binheguangchang',5,31.896044,121.162428,'320600','');
        insert into s_landmark (landmarkid, landmarkname, pinyin, ltype, lat, lng, citycode, discode) values (17277,'海安博爱医院','haianboaiyiyuan',6,32.531811,120.454249,'320600','');
        insert into s_landmark (landmarkid, landmarkname, pinyin, ltype, lat, lng, citycode, discode) values (17279,'江苏省海安县人民医院','jiangsushenghaianxianrenminyiyuan',6,32.541662,120.459411,'320600','');
        insert into s_landmark (landmarkid, landmarkname, pinyin, ltype, lat, lng, citycode, discode) values (17272,'如皋市博爱医院','rugaoshiboaiyiyuan',6,32.398792,120.554431,'320600','');
        insert into s_landmark (landmarkid, landmarkname, pinyin, ltype, lat, lng, citycode, discode) values (17121,'海门市妇幼保健院','haimenshifuyoubaojianyuan',6,31.901285,121.187426,'320600','');
        insert into s_landmark (landmarkid, landmarkname, pinyin, ltype, lat, lng, citycode, discode) values (17274,'亿丰如皋国际商贸城','yifengrugaoguojishangmaocheng',1,32.407809,120.54656,'320600','');
        insert into s_landmark (landmarkid, landmarkname, pinyin, ltype, lat, lng, citycode, discode) values (17252,'如皋市城西医院','rugaoshichengxiyiyuan',6,32.373875,120.556108,'320600','');
        insert into s_landmark (landmarkid, landmarkname, pinyin, ltype, lat, lng, citycode, discode) values (17257,'南通市电大如皋分校','nantongshidiandarugaofenxiao',7,32.383689,120.588738,'320600','');
        insert into s_landmark (landmarkid, landmarkname, pinyin, ltype, lat, lng, citycode, discode) values (1550,'苏中七战七捷纪念馆','suzhongqizhanqijiejinianguan',5,32.535657,120.474231,'320600','');
        insert into s_landmark (landmarkid, landmarkname, pinyin, ltype, lat, lng, citycode, discode) values (1551,'南通市啬园','nantongshiseyuan',5,31.966153,120.908403,'320600','');
        insert into s_landmark (landmarkid, landmarkname, pinyin, ltype, lat, lng, citycode, discode) values (1544,'城隍庙','chenghuangmiao',5,32.024909,120.869802,'320600','');
        insert into s_landmark (landmarkid, landmarkname, pinyin, ltype, lat, lng, citycode, discode) values (1545,'范公苑','fangongyuan',5,32.385185,120.567712,'320600','');
        insert into s_landmark (landmarkid, landmarkname, pinyin, ltype, lat, lng, citycode, discode) values (1546,'吕四风情区','lu:sifengqingqu',5,32.054508,121.601963,'320600','');
        insert into s_landmark (landmarkid, landmarkname, pinyin, ltype, lat, lng, citycode, discode) values (1547,'南通博物苑','nantongbowuyuan',5,32.0117,120.869112,'320600','');
        insert into s_landmark (landmarkid, landmarkname, pinyin, ltype, lat, lng, citycode, discode) values (1540,'环西文化广场','huanxiwenhuaguangchang',5,32.015129,120.861471,'320600','');
        insert into s_landmark (landmarkid, landmarkname, pinyin, ltype, lat, lng, citycode, discode) values (1541,'蓝印花布馆','lanyinhuabuguan',5,32.017254,120.872742,'320600','');
        insert into s_landmark (landmarkid, landmarkname, pinyin, ltype, lat, lng, citycode, discode) values (10657,'南通兴东机场','nantongxingdongjichang',2,32.070986,120.980434,'320600','');
        insert into s_landmark (landmarkid, landmarkname, pinyin, ltype, lat, lng, citycode, discode) values (10656,'启东直升机场','qidongzhishengjichang',2,31.825008,121.668938,'320600','');
        insert into s_landmark (landmarkid, landmarkname, pinyin, ltype, lat, lng, citycode, discode) values (1543,'剑山','jianshan',5,31.948546,120.892345,'320600','');
        insert into s_landmark (landmarkid, landmarkname, pinyin, ltype, lat, lng, citycode, discode) values (1536,'定慧禅寺','dinghuishansi',5,32.389114,120.57186,'320600','');
        insert into s_landmark (landmarkid, landmarkname, pinyin, ltype, lat, lng, citycode, discode) values (1537,'狼山风景名胜区','langshanfengjingmingshengqu',5,31.949891,120.887651,'320600','');
        insert into s_landmark (landmarkid, landmarkname, pinyin, ltype, lat, lng, citycode, discode) values (17116,'海门中山医院','haimenzhongshanyiyuan',6,31.894601,121.199343,'320600','');
        insert into s_landmark (landmarkid, landmarkname, pinyin, ltype, lat, lng, citycode, discode) values (17119,'同济医院','tongjiyiyuan',6,31.889717,121.203194,'320600','');
        insert into s_landmark (landmarkid, landmarkname, pinyin, ltype, lat, lng, citycode, discode) values (17113,'海门市人民医院','haimenshirenminyiyuan',6,31.891851,121.164192,'320600','');
        insert into s_landmark (landmarkid, landmarkname, pinyin, ltype, lat, lng, citycode, discode) values (17114,'海门市中医院','haimenshizhongyiyuan',6,31.893719,121.179824,'320600','');
        insert into s_landmark (landmarkid, landmarkname, pinyin, ltype, lat, lng, citycode, discode) values (25001,'南通市妇幼保健院','nantongshifuyoubaojianyuan',6,31.979496,120.90577,'320600','');
        insert into s_landmark (landmarkid, landmarkname, pinyin, ltype, lat, lng, citycode, discode) values (25000,'南通市肿瘤医院','nantongshizhongliuyiyuan',6,32.102444,120.749964,'320600','');
        insert into s_landmark (landmarkid, landmarkname, pinyin, ltype, lat, lng, citycode, discode) values (24999,'南通市第三人民医院','nantongshidisanrenminyiyuan',6,32.003732,120.866311,'320600','');
        insert into s_landmark (landmarkid, landmarkname, pinyin, ltype, lat, lng, citycode, discode) values (1557,'文峰公园','wenfenggongyuan',5,32.009093,120.875539,'320600','');
        insert into s_landmark (landmarkid, landmarkname, pinyin, ltype, lat, lng, citycode, discode) values (24998,'南通市第一人民医院','nantongshidiyirenminyiyuan',6,32.017441,120.850924,'320600','');
        insert into s_landmark (landmarkid, landmarkname, pinyin, ltype, lat, lng, citycode, discode) values (10281,'中国珠算博物馆','zhongguozhusuanbowuguan',5,32.023909,120.857833,'320600','');
        insert into s_landmark (landmarkid, landmarkname, pinyin, ltype, lat, lng, citycode, discode) values (1556,'南通盆景园','nantongpenjingyuan',5,32.019571,120.858239,'320600','');
        insert into s_landmark (landmarkid, landmarkname, pinyin, ltype, lat, lng, citycode, discode) values (24997,'南通市中医院','nantongshizhongyiyuan',6,32.020267,120.866213,'320600','');
        insert into s_landmark (landmarkid, landmarkname, pinyin, ltype, lat, lng, citycode, discode) values (1558,'水绘园','shuihuiyuan',5,32.395301,120.570074,'320600','');
        insert into s_landmark (landmarkid, landmarkname, pinyin, ltype, lat, lng, citycode, discode) values (24996,'南通大学附属医院','nantongdaxuefushuyiyuan',6,32.008757,120.864826,'320600','');
        insert into s_landmark (landmarkid, landmarkname, pinyin, ltype, lat, lng, citycode, discode) values (1552,'海安县博物馆','haianxianbowuguan',5,32.547086,120.463982,'320600','');
        insert into s_landmark (landmarkid, landmarkname, pinyin, ltype, lat, lng, citycode, discode) values (1555,'沈寿艺术馆','shenshouyishuguan',5,32.012775,120.863923,'320600','');
        /****************************** 输出景点SQL脚本: 结束 ***********************************/

/** citycode 650100: 乌鲁木齐市 */
delete from s_areainfo where citycode = '650100';
        /****************************** 输出行政区SQL脚本: 开始 ***********************************/
        insert into s_areainfo (areaid, areaname, pinyin, lat, lng, citycode, discode) values (268,'近郊','jinjiao',47.972589,122.787537,'650100','');
        insert into s_areainfo (areaid, areaname, pinyin, lat, lng, citycode, discode) values (4490,'米东区','midongqu',43.973579,87.655755,'650100','');
        insert into s_areainfo (areaid, areaname, pinyin, lat, lng, citycode, discode) values (4491,'乌鲁木齐县','wulumuqixian',43.47136,87.409417,'650100','');
        insert into s_areainfo (areaid, areaname, pinyin, lat, lng, citycode, discode) values (4488,'头屯河区','toutunhequ',43.87505,87.424515,'650100','');
        insert into s_areainfo (areaid, areaname, pinyin, lat, lng, citycode, discode) values (4489,'达坂城区','dabanchengqu',43.363668,88.311099,'650100','');
        insert into s_areainfo (areaid, areaname, pinyin, lat, lng, citycode, discode) values (244,'水磨沟区','shuimogouqu',43.832459,87.642482,'650100','');
        insert into s_areainfo (areaid, areaname, pinyin, lat, lng, citycode, discode) values (242,'沙依巴克区','shayibakequ',43.800939,87.598195,'650100','');
        insert into s_areainfo (areaid, areaname, pinyin, lat, lng, citycode, discode) values (243,'新市区','xinshiqu',43.8745,87.559723,'650100','');
        insert into s_areainfo (areaid, areaname, pinyin, lat, lng, citycode, discode) values (241,'天山区','tianshanqu',43.794399,87.631676,'650100','');
        /****************************** 输出行政区SQL脚本: 结束 ***********************************/
delete from s_landmark where citycode = '650100';
        /****************************** 输出景点SQL脚本: 开始 ***********************************/
        insert into s_landmark (landmarkid, landmarkname, pinyin, ltype, lat, lng, citycode, discode) values (1762,'新疆农业大学','xinjiangnongyedaxue',7,43.814133,87.566297,'650100','');
        insert into s_landmark (landmarkid, landmarkname, pinyin, ltype, lat, lng, citycode, discode) values (1761,'新疆科信学院','xinjiangkexinxueyuan',7,43.76277,87.61268,'650100','');
        insert into s_landmark (landmarkid, landmarkname, pinyin, ltype, lat, lng, citycode, discode) values (8066,'新疆财经大学','xinjiangcaijingdaxue',7,43.883975,87.55077,'650100','');
        insert into s_landmark (landmarkid, landmarkname, pinyin, ltype, lat, lng, citycode, discode) values (1768,'新疆医科大学厚博学院','xinjiangyikedaxuehouboxueyuan',7,43.851147,87.581688,'650100','');
        insert into s_landmark (landmarkid, landmarkname, pinyin, ltype, lat, lng, citycode, discode) values (10329,'维斯特滑雪场','weisitehuaxuechang',5,43.840669,87.672925,'650100','');
        insert into s_landmark (landmarkid, landmarkname, pinyin, ltype, lat, lng, citycode, discode) values (10328,'白云滑雪场','baiyunhuaxuechang',5,43.446199,87.494062,'650100','');
        insert into s_landmark (landmarkid, landmarkname, pinyin, ltype, lat, lng, citycode, discode) values (25274,'新疆医科大学第一附属医院','xinjiangyikedaxuediyifushuyiyuan',6,43.837362,87.582463,'650100','');
        insert into s_landmark (landmarkid, landmarkname, pinyin, ltype, lat, lng, citycode, discode) values (1777,'新疆轻工职业技术学院南校区','xinjiangqinggongzhiyejishuxueyuannanxiaoqu',7,43.770493,87.602927,'650100','');
        insert into s_landmark (landmarkid, landmarkname, pinyin, ltype, lat, lng, citycode, discode) values (25276,'新疆医科大学第二附属医院','xinjiangyikedaxuedierfushuyiyuan',6,43.877275,87.643824,'650100','');
        insert into s_landmark (landmarkid, landmarkname, pinyin, ltype, lat, lng, citycode, discode) values (25277,'新疆医科大学第五附属医院','xinjiangyikedaxuediwufushuyiyuan',6,43.868525,87.556812,'650100','');
        insert into s_landmark (landmarkid, landmarkname, pinyin, ltype, lat, lng, citycode, discode) values (25278,'新疆医科大学第六附属医院','xinjiangyikedaxuediliufushuyiyuan',6,43.809603,87.631907,'650100','');
        insert into s_landmark (landmarkid, landmarkname, pinyin, ltype, lat, lng, citycode, discode) values (25279,'474医院','474yiyuan',6,43.885726,87.552293,'650100','');
        insert into s_landmark (landmarkid, landmarkname, pinyin, ltype, lat, lng, citycode, discode) values (387,'乌鲁木齐站','wulumuqizhan',2,43.78034,87.586258,'650100','');
        insert into s_landmark (landmarkid, landmarkname, pinyin, ltype, lat, lng, citycode, discode) values (9613,'九龙生态园','jiulongshengtaiyuan',5,43.754938,87.460284,'650100','');
        insert into s_landmark (landmarkid, landmarkname, pinyin, ltype, lat, lng, citycode, discode) values (9612,'苜蓿台生态公园','muxutaishengtaigongyuan',5,43.526601,87.623531,'650100','');
        insert into s_landmark (landmarkid, landmarkname, pinyin, ltype, lat, lng, citycode, discode) values (25292,'新疆医科大学中医学院直属医院','xinjiangyikedaxuezhongyixueyuanzhishuyiyuan',6,43.836468,87.584925,'650100','');
        insert into s_landmark (landmarkid, landmarkname, pinyin, ltype, lat, lng, citycode, discode) values (25290,'乌鲁木齐市口腔医院','wulumuqishikouqiangyiyuan',6,43.793984,87.61559,'650100','');
        insert into s_landmark (landmarkid, landmarkname, pinyin, ltype, lat, lng, citycode, discode) values (25288,'乌鲁木齐市第四人民医院','wulumuqishidisirenminyiyuan',6,43.798318,87.642018,'650100','');
        insert into s_landmark (landmarkid, landmarkname, pinyin, ltype, lat, lng, citycode, discode) values (25287,'新疆胸科医院','xinjiangxiongkeyiyuan',6,43.773532,87.61886,'650100','');
        insert into s_landmark (landmarkid, landmarkname, pinyin, ltype, lat, lng, citycode, discode) values (19749,'日用百货商店','riyongbaihuoshangdian',1,43.478369,87.415228,'650100','');
        insert into s_landmark (landmarkid, landmarkname, pinyin, ltype, lat, lng, citycode, discode) values (25285,'乌鲁木齐市友谊医院','wulumuqishiyouyiyiyuan',6,43.769701,87.614399,'650100','');
        insert into s_landmark (landmarkid, landmarkname, pinyin, ltype, lat, lng, citycode, discode) values (25284,'新疆兵团医院','xinjiangbingtuanyiyuan',6,43.804539,87.633314,'650100','');
        insert into s_landmark (landmarkid, landmarkname, pinyin, ltype, lat, lng, citycode, discode) values (25283,'新疆心脑血管病医院','xinjiangxinnaoxueguanbingyiyuan',6,43.854484,87.570649,'650100','');
        insert into s_landmark (landmarkid, landmarkname, pinyin, ltype, lat, lng, citycode, discode) values (1741,'新疆医科大学','xinjiangyikedaxue',7,43.835457,87.581155,'650100','');
        insert into s_landmark (landmarkid, landmarkname, pinyin, ltype, lat, lng, citycode, discode) values (25282,'新疆人民医院','xinjiangrenminyiyuan',6,43.783982,87.614211,'650100','');
        insert into s_landmark (landmarkid, landmarkname, pinyin, ltype, lat, lng, citycode, discode) values (1740,'新疆警官高等专科学校','xinjiangjingguangaodengzhuankexuexiao',7,43.891292,87.570392,'650100','');
        insert into s_landmark (landmarkid, landmarkname, pinyin, ltype, lat, lng, citycode, discode) values (25281,'新疆煤矿总医院','xinjiangmeikuangzongyiyuan',6,43.8148,87.5824,'650100','');
        insert into s_landmark (landmarkid, landmarkname, pinyin, ltype, lat, lng, citycode, discode) values (25280,'新疆肿瘤医院','xinjiangzhongliuyiyuan',6,43.861093,87.572155,'650100','');
        insert into s_landmark (landmarkid, landmarkname, pinyin, ltype, lat, lng, citycode, discode) values (1742,'新疆医科大学护理学院','xinjiangyikedaxuehulixueyuan',7,43.814812,87.593606,'650100','');
        insert into s_landmark (landmarkid, landmarkname, pinyin, ltype, lat, lng, citycode, discode) values (1744,'乌鲁木齐职业大学','wulumuqizhiyedaxue',7,43.784218,87.650976,'650100','');
        insert into s_landmark (landmarkid, landmarkname, pinyin, ltype, lat, lng, citycode, discode) values (1745,'新疆大学','xinjiangdaxue',7,43.767557,87.62211,'650100','');
        insert into s_landmark (landmarkid, landmarkname, pinyin, ltype, lat, lng, citycode, discode) values (1747,'新疆工业高等专科学校','xinjianggongyegaodengzhuankexuexiao',7,43.812526,87.581113,'650100','');
        insert into s_landmark (landmarkid, landmarkname, pinyin, ltype, lat, lng, citycode, discode) values (8061,'新疆大学','xinjiangdaxue',7,43.767557,87.62211,'650100','');
        insert into s_landmark (landmarkid, landmarkname, pinyin, ltype, lat, lng, citycode, discode) values (8062,'新疆农业大学','xinjiangnongyedaxue',7,43.814133,87.566297,'650100','');
        insert into s_landmark (landmarkid, landmarkname, pinyin, ltype, lat, lng, citycode, discode) values (8063,'新疆医科大学','xinjiangyikedaxue',7,43.835457,87.581155,'650100','');
        insert into s_landmark (landmarkid, landmarkname, pinyin, ltype, lat, lng, citycode, discode) values (1754,'新疆建设职业技术学院','xinjiangjianshezhiyejishuxueyuan',7,46.746251,82.957888,'650100','');
        insert into s_landmark (landmarkid, landmarkname, pinyin, ltype, lat, lng, citycode, discode) values (1758,'新疆艺术学院','xinjiangyishuxueyuan',7,43.771261,87.628676,'650100','');
        /****************************** 输出景点SQL脚本: 结束 ***********************************/

/** citycode 430300: 湘潭市 */
delete from s_areainfo where citycode = '430300';
        /****************************** 输出行政区SQL脚本: 开始 ***********************************/
        insert into s_areainfo (areaid, areaname, pinyin, lat, lng, citycode, discode) values (3535,'韶山市','shaoshanshi',27.915009,112.526671,'430300','');
        insert into s_areainfo (areaid, areaname, pinyin, lat, lng, citycode, discode) values (3534,'湘乡市','xiangxiangshi',27.73412,112.535028,'430300','');
        insert into s_areainfo (areaid, areaname, pinyin, lat, lng, citycode, discode) values (3533,'雨湖区','yuhuqu',27.85625,112.907238,'430300','');
        insert into s_areainfo (areaid, areaname, pinyin, lat, lng, citycode, discode) values (3532,'岳塘区','yuetangqu',27.872028,112.96948,'430300','');
        insert into s_areainfo (areaid, areaname, pinyin, lat, lng, citycode, discode) values (3536,'湘潭县','xiangtanxian',27.778958,112.950831,'430300','');
        /****************************** 输出行政区SQL脚本: 结束 ***********************************/
delete from s_landmark where citycode = '430300';
        /****************************** 输出景点SQL脚本: 开始 ***********************************/
        insert into s_landmark (landmarkid, landmarkname, pinyin, ltype, lat, lng, citycode, discode) values (17421,'湘潭县妇幼保健院','xiangtanxianfuyoubaojianyuan',6,27.772621,112.949847,'430300','');
        insert into s_landmark (landmarkid, landmarkname, pinyin, ltype, lat, lng, citycode, discode) values (17406,'湘潭天易汽车站','xiangtantianyiqichezhan',2,27.779014,112.962106,'430300','');
        insert into s_landmark (landmarkid, landmarkname, pinyin, ltype, lat, lng, citycode, discode) values (17423,'湘潭县人民医院','xiangtanxianrenminyiyuan',6,27.86127,112.926289,'430300','');
        insert into s_landmark (landmarkid, landmarkname, pinyin, ltype, lat, lng, citycode, discode) values (17418,'湘潭现代医院','xiangtanxiandaiyiyuan',6,27.774852,112.957006,'430300','');
        insert into s_landmark (landmarkid, landmarkname, pinyin, ltype, lat, lng, citycode, discode) values (17413,'湘潭县中医医院','xiangtanxianzhongyiyiyuan',6,27.778899,112.937101,'430300','');
        insert into s_landmark (landmarkid, landmarkname, pinyin, ltype, lat, lng, citycode, discode) values (17410,'湘潭县汽车站','xiangtanxianqichezhan',2,27.780861,112.941666,'430300','');
        insert into s_landmark (landmarkid, landmarkname, pinyin, ltype, lat, lng, citycode, discode) values (17437,'湘潭市中心医院','xiangtanshizhongxinyiyuan',6,27.862845,112.911822,'430300','');
        insert into s_landmark (landmarkid, landmarkname, pinyin, ltype, lat, lng, citycode, discode) values (17439,'湘潭市口腔医院','xiangtanshikouqiangyiyuan',6,27.859707,112.912605,'430300','');
        insert into s_landmark (landmarkid, landmarkname, pinyin, ltype, lat, lng, citycode, discode) values (22400,'三和商务宾馆','sanheshangwubinguan',5,28.127863,113.00546,'430300','');
        insert into s_landmark (landmarkid, landmarkname, pinyin, ltype, lat, lng, citycode, discode) values (17433,'罗源流行广场','luoyuanliuxingguangchang',1,27.855635,112.907818,'430300','');
        insert into s_landmark (landmarkid, landmarkname, pinyin, ltype, lat, lng, citycode, discode) values (17435,'湘潭康美医院','xiangtankangmeiyiyuan',6,27.862572,112.904408,'430300','');
        insert into s_landmark (landmarkid, landmarkname, pinyin, ltype, lat, lng, citycode, discode) values (17383,'红旗购物中心','hongqigouwuzhongxin',1,28.438646,113.065855,'430300','');
        insert into s_landmark (landmarkid, landmarkname, pinyin, ltype, lat, lng, citycode, discode) values (17382,'湘潭市尔康医院','xiangtanshierkangyiyuan',6,27.86083,112.960754,'430300','');
        insert into s_landmark (landmarkid, landmarkname, pinyin, ltype, lat, lng, citycode, discode) values (17427,'凯旋国际广场','kaixuanguojiguangchang',1,28.192297,113.009949,'430300','');
        insert into s_landmark (landmarkid, landmarkname, pinyin, ltype, lat, lng, citycode, discode) values (17378,'湘潭市第六人民医院','xiangtanshidiliurenminyiyuan',6,27.842753,112.935281,'430300','');
        insert into s_landmark (landmarkid, landmarkname, pinyin, ltype, lat, lng, citycode, discode) values (304,'湘潭站','xiangtanzhan',2,27.875471,112.912946,'430300','');
        insert into s_landmark (landmarkid, landmarkname, pinyin, ltype, lat, lng, citycode, discode) values (17373,'银海广场','yinhaiguangchang',1,28.199962,112.98506,'430300','');
        insert into s_landmark (landmarkid, landmarkname, pinyin, ltype, lat, lng, citycode, discode) values (17449,'湘潭阿波罗医院','xiangtanaboluoyiyuan',6,27.869938,112.91214,'430300','');
        insert into s_landmark (landmarkid, landmarkname, pinyin, ltype, lat, lng, citycode, discode) values (14331,'鑫隆大酒店','xinlongdajiudian',5,28.212291,112.912235,'430300','');
        insert into s_landmark (landmarkid, landmarkname, pinyin, ltype, lat, lng, citycode, discode) values (2226,'湖南理工职业技术学院','hunanligongzhiyejishuxueyuan',7,27.836675,112.921308,'430300','');
        insert into s_landmark (landmarkid, landmarkname, pinyin, ltype, lat, lng, citycode, discode) values (17366,'岳塘龙建内科诊所','yuetanglongjianneikezhensuo',6,27.8572,112.95751,'430300','');
        insert into s_landmark (landmarkid, landmarkname, pinyin, ltype, lat, lng, citycode, discode) values (2227,'湘潭教育学院','xiangtanjiaoyuxueyuan',7,27.860651,112.911449,'430300','');
        insert into s_landmark (landmarkid, landmarkname, pinyin, ltype, lat, lng, citycode, discode) values (2224,'湖南工程学院','hunangongchengxueyuan',7,27.845184,112.932355,'430300','');
        insert into s_landmark (landmarkid, landmarkname, pinyin, ltype, lat, lng, citycode, discode) values (17443,'湘潭丽人医院','xiangtanlirenyiyuan',6,27.865543,112.921074,'430300','');
        insert into s_landmark (landmarkid, landmarkname, pinyin, ltype, lat, lng, citycode, discode) values (2228,'湘潭职业技术学院','xiangtanzhiyejishuxueyuan',7,27.840921,112.947969,'430300','');
        insert into s_landmark (landmarkid, landmarkname, pinyin, ltype, lat, lng, citycode, discode) values (17360,'华侨中医院','huaqiaozhongyiyuan',6,28.203815,112.980826,'430300','');
        insert into s_landmark (landmarkid, landmarkname, pinyin, ltype, lat, lng, citycode, discode) values (17441,'湘潭市创伤医院','xiangtanshichuangshangyiyuan',6,27.860298,112.913899,'430300','');
        insert into s_landmark (landmarkid, landmarkname, pinyin, ltype, lat, lng, citycode, discode) values (2229,'湖南电气职业技术学院','hunandianqizhiyejishuxueyuan',7,27.811867,112.924924,'430300','');
        insert into s_landmark (landmarkid, landmarkname, pinyin, ltype, lat, lng, citycode, discode) values (17468,'韶山市文化馆','shaoshanshiwenhuaguan',5,27.914676,112.52946,'430300','');
        insert into s_landmark (landmarkid, landmarkname, pinyin, ltype, lat, lng, citycode, discode) values (17356,'湘潭华侨中西医结合医院','xiangtanhuaqiaozhongxiyijieheyiyuan',6,27.83459,112.956047,'430300','');
        insert into s_landmark (landmarkid, landmarkname, pinyin, ltype, lat, lng, citycode, discode) values (17467,'韶山市妇幼保健所','shaoshanshifuyoubaojiansuo',6,27.925891,112.529952,'430300','');
        insert into s_landmark (landmarkid, landmarkname, pinyin, ltype, lat, lng, citycode, discode) values (17464,'湘潭市韶山医院','xiangtanshishaoshanyiyuan',6,27.926756,112.52456,'430300','');
        insert into s_landmark (landmarkid, landmarkname, pinyin, ltype, lat, lng, citycode, discode) values (17462,'毛泽东同志青年塑像公园','maozedongtongzhiqingniansuxianggongyuan',5,27.922664,112.52769,'430300','');
        insert into s_landmark (landmarkid, landmarkname, pinyin, ltype, lat, lng, citycode, discode) values (17350,'湘潭市创伤外科中心','xiangtanshichuangshangwaikezhongxin',6,27.858677,112.96158,'430300','');
        insert into s_landmark (landmarkid, landmarkname, pinyin, ltype, lat, lng, citycode, discode) values (17460,'韶山火车站','shaoshanhuochezhan',2,27.921662,112.528636,'430300','');
        insert into s_landmark (landmarkid, landmarkname, pinyin, ltype, lat, lng, citycode, discode) values (17458,'江麓医院','jiangluyiyuan',6,27.868686,112.894018,'430300','');
        /****************************** 输出景点SQL脚本: 结束 ***********************************/

/** citycode 430800: 张家界 */
delete from s_areainfo where citycode = '430800';
        /****************************** 输出行政区SQL脚本: 开始 ***********************************/
        insert into s_areainfo (areaid, areaname, pinyin, lat, lng, citycode, discode) values (3495,'永定区','yongdingqu',24.723962,116.732092,'430800','');
        insert into s_areainfo (areaid, areaname, pinyin, lat, lng, citycode, discode) values (3497,'慈利县','cilixian',29.429999,111.139775,'430800','');
        insert into s_areainfo (areaid, areaname, pinyin, lat, lng, citycode, discode) values (3496,'武陵源区','wulingyuanqu',29.34573,110.550434,'430800','');
        insert into s_areainfo (areaid, areaname, pinyin, lat, lng, citycode, discode) values (3498,'桑植县','sangzhixian',29.400069,110.165819,'430800','');
        /****************************** 输出行政区SQL脚本: 结束 ***********************************/
delete from s_landmark where citycode = '430800';
        /****************************** 输出景点SQL脚本: 开始 ***********************************/
        insert into s_landmark (landmarkid, landmarkname, pinyin, ltype, lat, lng, citycode, discode) values (17812,'慈利火车站','cilihuochezhan',2,29.417348,111.119059,'430800','');
        insert into s_landmark (landmarkid, landmarkname, pinyin, ltype, lat, lng, citycode, discode) values (17810,'慈利县中医院','cilixianzhongyiyuan',6,29.422106,111.121952,'430800','');
        insert into s_landmark (landmarkid, landmarkname, pinyin, ltype, lat, lng, citycode, discode) values (2194,'张家界航空工业职业技术学院','zhangjiajiehangkonggongyezhiyejishuxueyuan',7,29.147755,110.454038,'430800','');
        insert into s_landmark (landmarkid, landmarkname, pinyin, ltype, lat, lng, citycode, discode) values (10097,'张家界大峡谷','zhangjiajiedaxiagu',5,29.426895,110.69516,'430800','');
        insert into s_landmark (landmarkid, landmarkname, pinyin, ltype, lat, lng, citycode, discode) values (10096,'张家界万福温泉','zhangjiajiewanfuwenquan',5,29.414147,111.178123,'430800','');
        insert into s_landmark (landmarkid, landmarkname, pinyin, ltype, lat, lng, citycode, discode) values (10689,'张家界荷花机场','zhangjiajiehehuajichang',2,29.103857,110.451191,'430800','');
        insert into s_landmark (landmarkid, landmarkname, pinyin, ltype, lat, lng, citycode, discode) values (2196,'吉首大学张家界学院','jishoudaxuezhangjiajiexueyuan',7,29.151313,110.457252,'430800','');
        insert into s_landmark (landmarkid, landmarkname, pinyin, ltype, lat, lng, citycode, discode) values (17799,'慈利博物馆','cilibowuguan',5,29.430269,111.137581,'430800','');
        insert into s_landmark (landmarkid, landmarkname, pinyin, ltype, lat, lng, citycode, discode) values (17796,'慈利县儿童保健中心','cilixianertongbaojianzhongxin',6,29.425364,111.140602,'430800','');
        insert into s_landmark (landmarkid, landmarkname, pinyin, ltype, lat, lng, citycode, discode) values (10094,'宝峰湖景区','baofenghujingqu',5,29.329723,110.547254,'430800','');
        insert into s_landmark (landmarkid, landmarkname, pinyin, ltype, lat, lng, citycode, discode) values (10095,'张家界土家风情园','zhangjiajietujiafengqingyuan',5,29.115103,110.461304,'430800','');
        insert into s_landmark (landmarkid, landmarkname, pinyin, ltype, lat, lng, citycode, discode) values (10092,'黄龙洞','huanglongdong',5,29.374596,110.625626,'430800','');
        insert into s_landmark (landmarkid, landmarkname, pinyin, ltype, lat, lng, citycode, discode) values (17792,'慈利皮肤病医院','cilipifubingyiyuan',6,29.418977,111.12266,'430800','');
        insert into s_landmark (landmarkid, landmarkname, pinyin, ltype, lat, lng, citycode, discode) values (10093,'天门山','tianmenshan',5,29.032962,110.478686,'430800','');
        insert into s_landmark (landmarkid, landmarkname, pinyin, ltype, lat, lng, citycode, discode) values (17806,'人民广场','renminguangchang',5,29.123702,110.487051,'430800','');
        insert into s_landmark (landmarkid, landmarkname, pinyin, ltype, lat, lng, citycode, discode) values (15255,'蜗蜗居宾馆','wowojubinguan',5,29.418747,111.118401,'430800','');
        insert into s_landmark (landmarkid, landmarkname, pinyin, ltype, lat, lng, citycode, discode) values (17789,'环城医院','huanchengyiyuan',6,29.426034,111.141122,'430800','');
        insert into s_landmark (landmarkid, landmarkname, pinyin, ltype, lat, lng, citycode, discode) values (308,'张家界站','zhangjiajiezhan',2,29.105362,110.486734,'430800','');
        insert into s_landmark (landmarkid, landmarkname, pinyin, ltype, lat, lng, citycode, discode) values (17777,'桑植县汽车西站','sangzhixianqichexizhan',2,29.400532,110.153989,'430800','');
        insert into s_landmark (landmarkid, landmarkname, pinyin, ltype, lat, lng, citycode, discode) values (17780,'慈利县人民医院','cilixianrenminyiyuan',6,29.423207,111.130231,'430800','');
        insert into s_landmark (landmarkid, landmarkname, pinyin, ltype, lat, lng, citycode, discode) values (18258,'回龙观公园','huilongguangongyuan',5,29.122315,110.4936,'430800','');
        insert into s_landmark (landmarkid, landmarkname, pinyin, ltype, lat, lng, citycode, discode) values (17768,'民歌广场','mingeguangchang',5,29.396805,110.158904,'430800','');
        insert into s_landmark (landmarkid, landmarkname, pinyin, ltype, lat, lng, citycode, discode) values (18254,'梅尼百货','meinibaihuo',1,29.12439,110.486357,'430800','');
        insert into s_landmark (landmarkid, landmarkname, pinyin, ltype, lat, lng, citycode, discode) values (14127,'索溪峪','suoxiyu',5,29.346984,110.561526,'430800','');
        insert into s_landmark (landmarkid, landmarkname, pinyin, ltype, lat, lng, citycode, discode) values (14126,'黄石寨','huangshizhai',5,29.328873,110.432438,'430800','');
        insert into s_landmark (landmarkid, landmarkname, pinyin, ltype, lat, lng, citycode, discode) values (17770,'桑植县红十字医院','sangzhixianhongshiziyiyuan',6,29.393771,110.156956,'430800','');
        insert into s_landmark (landmarkid, landmarkname, pinyin, ltype, lat, lng, citycode, discode) values (14125,'金鞭溪','jinbianxi',5,29.321894,110.441557,'430800','');
        insert into s_landmark (landmarkid, landmarkname, pinyin, ltype, lat, lng, citycode, discode) values (14124,'袁家界','yuanjiajie',5,29.343058,110.443247,'430800','');
        insert into s_landmark (landmarkid, landmarkname, pinyin, ltype, lat, lng, citycode, discode) values (17772,'大众医院','dazhongyiyuan',6,29.131649,110.475069,'430800','');
        insert into s_landmark (landmarkid, landmarkname, pinyin, ltype, lat, lng, citycode, discode) values (18250,'张家界中医院','zhangjiajiezhongyiyuan',6,29.122219,110.485752,'430800','');
        insert into s_landmark (landmarkid, landmarkname, pinyin, ltype, lat, lng, citycode, discode) values (14123,'杨家界','yangjiajie',5,29.028912,110.704265,'430800','');
        insert into s_landmark (landmarkid, landmarkname, pinyin, ltype, lat, lng, citycode, discode) values (14122,'天子山','tianzishan',5,29.401558,110.443813,'430800','');
        insert into s_landmark (landmarkid, landmarkname, pinyin, ltype, lat, lng, citycode, discode) values (17775,'桑植县人民医院','sangzhixianrenminyiyuan',6,29.396369,110.146698,'430800','');
        insert into s_landmark (landmarkid, landmarkname, pinyin, ltype, lat, lng, citycode, discode) values (18249,'张家界市第二人民医院','zhangjiajieshidierrenminyiyuan',6,29.118336,110.546773,'430800','');
        insert into s_landmark (landmarkid, landmarkname, pinyin, ltype, lat, lng, citycode, discode) values (10414,'江垭温泉度假村','jiangyawenquandujiacun',5,29.500734,110.762311,'430800','');
        insert into s_landmark (landmarkid, landmarkname, pinyin, ltype, lat, lng, citycode, discode) values (17763,'桑植县妇幼保健院','sangzhixianfuyoubaojianyuan',6,29.40139,110.173661,'430800','');
        insert into s_landmark (landmarkid, landmarkname, pinyin, ltype, lat, lng, citycode, discode) values (17764,'桑植县民族中医院','sangzhixianminzuzhongyiyuan',6,29.405514,110.180408,'430800','');
        /****************************** 输出景点SQL脚本: 结束 ***********************************/

/** citycode 430100: 长沙市 */
delete from s_subway where citycode = '430100';
delete from s_subway_stations where citycode = '430100';
        /******************************************************************************************/
        insert into s_subway (lineid, linename, citycode) values (94,'2号线','430100');
        insert into s_subway_stations (lineid, stationid, stationname, lat, lng, pinyin, citycode) values (94,1892,'光达',28.148031,113.08517,'guangda','430100');
        insert into s_subway_stations (lineid, stationid, stationname, lat, lng, pinyin, citycode) values (94,1897,'长沙火车南站',28.146466,113.064483,'zhangshahuochenanzhan','430100');
        insert into s_subway_stations (lineid, stationid, stationname, lat, lng, pinyin, citycode) values (94,1907,'杜花路',28.146351,113.056471,'duhualu','430100');
        insert into s_subway_stations (lineid, stationid, stationname, lat, lng, pinyin, citycode) values (94,1893,'沙湾公园',28.157673,113.044896,'shawangongyuan','430100');
        insert into s_subway_stations (lineid, stationid, stationname, lat, lng, pinyin, citycode) values (94,1904,'长沙大道',28.167975,113.044575,'zhangshadadao','430100');
        insert into s_subway_stations (lineid, stationid, stationname, lat, lng, pinyin, citycode) values (94,1903,'人民东路',28.184251,113.038688,'renmindonglu','430100');
        insert into s_subway_stations (lineid, stationid, stationname, lat, lng, pinyin, citycode) values (94,1905,'万家丽广场',28.191491,113.030457,'wanjialiguangchang','430100');
        insert into s_subway_stations (lineid, stationid, stationname, lat, lng, pinyin, citycode) values (94,1896,'锦泰广场',28.191855,113.017587,'jintaiguangchang','430100');
        insert into s_subway_stations (lineid, stationid, stationname, lat, lng, pinyin, citycode) values (94,1909,'长沙火车站',28.193633,113.010987,'zhangshahuochezhan','430100');
        insert into s_subway_stations (lineid, stationid, stationname, lat, lng, pinyin, citycode) values (94,1901,'袁家岭',28.194532,113.000458,'yuanjialing','430100');
        insert into s_subway_stations (lineid, stationid, stationname, lat, lng, pinyin, citycode) values (94,1908,'迎宾路口',28.194797,112.992187,'yingbinlukou','430100');
        insert into s_subway_stations (lineid, stationid, stationname, lat, lng, pinyin, citycode) values (94,1898,'芙蓉广场',28.194797,112.984667,'furongguangchang','430100');
        insert into s_subway_stations (lineid, stationid, stationname, lat, lng, pinyin, citycode) values (94,1900,'五一广场',28.195242,112.976357,'wuyiguangchang','430100');
        insert into s_subway_stations (lineid, stationid, stationname, lat, lng, pinyin, citycode) values (94,1895,'湘江中路',28.195347,112.969458,'xiangjiangzhonglu','430100');
        insert into s_subway_stations (lineid, stationid, stationname, lat, lng, pinyin, citycode) values (94,1894,'橘子洲',28.195601,112.96252,'juzizhou','430100');
        insert into s_subway_stations (lineid, stationid, stationname, lat, lng, pinyin, citycode) values (94,1910,'溁湾镇',28.197614,112.951436,'yingwanzhen','430100');
        insert into s_subway_stations (lineid, stationid, stationname, lat, lng, pinyin, citycode) values (94,1906,'西湖公园',28.202593,112.939953,'xihugongyuan','430100');
        insert into s_subway_stations (lineid, stationid, stationname, lat, lng, pinyin, citycode) values (94,1899,'金星路',28.206047,112.928603,'jinxinglu','430100');
        insert into s_subway_stations (lineid, stationid, stationname, lat, lng, pinyin, citycode) values (94,1902,'望城坡',28.207558,112.91458,'wangchengpo','430100');

delete from s_areainfo where citycode = '430100';
        /****************************** 输出行政区SQL脚本: 开始 ***********************************/
        insert into s_areainfo (areaid, areaname, pinyin, lat, lng, citycode, discode) values (5894,'长沙县','changshaxian',28.24615,113.08081,'430100','');
        insert into s_areainfo (areaid, areaname, pinyin, lat, lng, citycode, discode) values (3491,'浏阳市','liuyangshi',28.162833,113.643076,'430100','');
        insert into s_areainfo (areaid, areaname, pinyin, lat, lng, citycode, discode) values (3493,'望城县','wangchengxian',28.332954,112.81651,'430100','');
        insert into s_areainfo (areaid, areaname, pinyin, lat, lng, citycode, discode) values (3494,'宁乡县','ningxiangxian',28.277483,112.551885,'430100','');
        insert into s_areainfo (areaid, areaname, pinyin, lat, lng, citycode, discode) values (152,'雨花区','yuhuaqu',28.185289,112.999315,'430100','');
        insert into s_areainfo (areaid, areaname, pinyin, lat, lng, citycode, discode) values (153,'岳麓区','yueluqu',28.235193,112.931375,'430100','');
        insert into s_areainfo (areaid, areaname, pinyin, lat, lng, citycode, discode) values (154,'近郊','jinjiao',47.972589,122.787537,'430100','');
        insert into s_areainfo (areaid, areaname, pinyin, lat, lng, citycode, discode) values (149,'芙蓉区','furongqu',28.185386,113.032539,'430100','');
        insert into s_areainfo (areaid, areaname, pinyin, lat, lng, citycode, discode) values (150,'开福区','kaifuqu',28.254227,112.987679,'430100','');
        insert into s_areainfo (areaid, areaname, pinyin, lat, lng, citycode, discode) values (151,'天心区','tianxinqu',28.112525,112.989855,'430100','');
        /****************************** 输出行政区SQL脚本: 结束 ***********************************/
delete from s_landmark where citycode = '430100';
        /****************************** 输出景点SQL脚本: 开始 ***********************************/
        insert into s_landmark (landmarkid, landmarkname, pinyin, ltype, lat, lng, citycode, discode) values (8189,'中南大学','zhongnandaxue',7,28.164372,112.932514,'430100','');
        insert into s_landmark (landmarkid, landmarkname, pinyin, ltype, lat, lng, citycode, discode) values (8188,'湖南大学','hunandaxue',7,28.179978,112.944045,'430100','');
        insert into s_landmark (landmarkid, landmarkname, pinyin, ltype, lat, lng, citycode, discode) values (8190,'湖南师范大学','hunanshifandaxue',7,28.184988,112.946774,'430100','');
        insert into s_landmark (landmarkid, landmarkname, pinyin, ltype, lat, lng, citycode, discode) values (8194,'湖南民政学院','hunanminzhengxueyuan',7,28.140479,113.013683,'430100','');
        insert into s_landmark (landmarkid, landmarkname, pinyin, ltype, lat, lng, citycode, discode) values (24330,'长沙市中医医院','zhangshashizhongyiyiyuan',6,28.183543,112.973407,'430100','');
        insert into s_landmark (landmarkid, landmarkname, pinyin, ltype, lat, lng, citycode, discode) values (8195,'长沙医学院','zhangshayixueyuan',7,28.297444,112.874721,'430100','');
        insert into s_landmark (landmarkid, landmarkname, pinyin, ltype, lat, lng, citycode, discode) values (8192,'长沙理工大学','zhangshaligongdaxue',7,28.066609,113.011019,'430100','');
        insert into s_landmark (landmarkid, landmarkname, pinyin, ltype, lat, lng, citycode, discode) values (8193,'长沙大学','zhangshadaxue',7,28.241575,113.027016,'430100','');
        insert into s_landmark (landmarkid, landmarkname, pinyin, ltype, lat, lng, citycode, discode) values (8198,'湖南商学院','hunanshangxueyuan',7,28.220488,112.916083,'430100','');
        insert into s_landmark (landmarkid, landmarkname, pinyin, ltype, lat, lng, citycode, discode) values (8196,'湖南农业大学','hunannongyedaxue',7,28.180758,113.08318,'430100','');
        insert into s_landmark (landmarkid, landmarkname, pinyin, ltype, lat, lng, citycode, discode) values (8197,'国防科技大学','guofangkejidaxue',7,28.229801,112.999016,'430100','');
        insert into s_landmark (landmarkid, landmarkname, pinyin, ltype, lat, lng, citycode, discode) values (16619,'红十字医院','hongshiziyiyuan',6,28.198977,113.063768,'430100','');
        insert into s_landmark (landmarkid, landmarkname, pinyin, ltype, lat, lng, citycode, discode) values (10425,'湖南电力公司灰汤培训部','hunandianligongsihuitangpeixunbu',5,27.988716,112.329332,'430100','');
        insert into s_landmark (landmarkid, landmarkname, pinyin, ltype, lat, lng, citycode, discode) values (10426,'湖南省国际会展中心','hunanshengguojihuizhanzhongxin',5,28.234805,113.049719,'430100','');
        insert into s_landmark (landmarkid, landmarkname, pinyin, ltype, lat, lng, citycode, discode) values (16617,'长沙卫生职业学院','zhangshaweishengzhiyexueyuan',7,28.258248,113.084822,'430100','');
        insert into s_landmark (landmarkid, landmarkname, pinyin, ltype, lat, lng, citycode, discode) values (15270,'尚都城','shangdoucheng',1,28.227593,113.07513,'430100','');
        insert into s_landmark (landmarkid, landmarkname, pinyin, ltype, lat, lng, citycode, discode) values (15271,'红星大市场','hongxingdashichang',1,28.108191,113.015655,'430100','');
        insert into s_landmark (landmarkid, landmarkname, pinyin, ltype, lat, lng, citycode, discode) values (14749,'长沙星灿医院','zhangshaxingcanyiyuan',6,28.218057,112.906922,'430100','');
        insert into s_landmark (landmarkid, landmarkname, pinyin, ltype, lat, lng, citycode, discode) values (14740,'侯家塘','houjiatang',5,28.174538,112.986031,'430100','');
        insert into s_landmark (landmarkid, landmarkname, pinyin, ltype, lat, lng, citycode, discode) values (15659,'湖南商学院','hunanshangxueyuan',7,28.220488,112.916083,'430100','');
        insert into s_landmark (landmarkid, landmarkname, pinyin, ltype, lat, lng, citycode, discode) values (136,'长沙南站','zhangshananzhan',2,28.146659,113.063523,'430100','');
        insert into s_landmark (landmarkid, landmarkname, pinyin, ltype, lat, lng, citycode, discode) values (14228,'中南汽车世界','zhongnanqicheshijie',5,28.232878,113.063635,'430100','');
        insert into s_landmark (landmarkid, landmarkname, pinyin, ltype, lat, lng, citycode, discode) values (14231,'石燕湖生态旅游风景区','shiyanhushengtailu:youfengjingqu',5,28.008977,113.088063,'430100','');
        insert into s_landmark (landmarkid, landmarkname, pinyin, ltype, lat, lng, citycode, discode) values (14230,'华润凤凰城','huarunfenghuangcheng',5,28.250774,113.088317,'430100','');
        insert into s_landmark (landmarkid, landmarkname, pinyin, ltype, lat, lng, citycode, discode) values (18580,'湖南水利水电职业技术学院','hunanshuilishuidianzhiyejishuxueyuan',7,28.214266,113.106032,'430100','');
        insert into s_landmark (landmarkid, landmarkname, pinyin, ltype, lat, lng, citycode, discode) values (15654,'马王堆陶瓷城','mawangduitaocicheng',1,28.198211,113.028531,'430100','');
        insert into s_landmark (landmarkid, landmarkname, pinyin, ltype, lat, lng, citycode, discode) values (135,'长沙站','zhangshazhan',2,28.194303,113.013096,'430100','');
        insert into s_landmark (landmarkid, landmarkname, pinyin, ltype, lat, lng, citycode, discode) values (18578,'高塘岭镇卫生院','gaotanglingzhenweishengyuan',6,28.3359,112.820107,'430100','');
        insert into s_landmark (landmarkid, landmarkname, pinyin, ltype, lat, lng, citycode, discode) values (18573,'三零三医院','sanlingsanyiyuan',6,28.038477,112.97602,'430100','');
        insert into s_landmark (landmarkid, landmarkname, pinyin, ltype, lat, lng, citycode, discode) values (19112,'长沙县第一人民医院','zhangshaxiandiyirenminyiyuan',6,28.397415,113.289116,'430100','');
        insert into s_landmark (landmarkid, landmarkname, pinyin, ltype, lat, lng, citycode, discode) values (13738,'橘子洲','juzizhou',5,28.187139,112.96212,'430100','');
        insert into s_landmark (landmarkid, landmarkname, pinyin, ltype, lat, lng, citycode, discode) values (13739,'公安学校','gonganxuexiao',7,28.195096,112.937037,'430100','');
        insert into s_landmark (landmarkid, landmarkname, pinyin, ltype, lat, lng, citycode, discode) values (13736,'板仓路尚都汇特色商业街','bancanglushangdouhuiteseshangyejie',5,28.229677,113.07843,'430100','');
        insert into s_landmark (landmarkid, landmarkname, pinyin, ltype, lat, lng, citycode, discode) values (13740,'五一广场','wuyiguangchang',5,28.196452,112.977308,'430100','');
        insert into s_landmark (landmarkid, landmarkname, pinyin, ltype, lat, lng, citycode, discode) values (1255,'湖南民俗文化村','hunanminsuwenhuacun',5,28.211692,113.0073,'430100','');
        insert into s_landmark (landmarkid, landmarkname, pinyin, ltype, lat, lng, citycode, discode) values (16896,'长沙师范学院','zhangshashifanxueyuan',7,28.256109,113.083385,'430100','');
        insert into s_landmark (landmarkid, landmarkname, pinyin, ltype, lat, lng, citycode, discode) values (1254,'湘江风光带','xiangjiangfengguangdai',5,28.176089,112.96767,'430100','');
        insert into s_landmark (landmarkid, landmarkname, pinyin, ltype, lat, lng, citycode, discode) values (16897,'星沙购物广场','xingshagouwuguangchang',1,28.238461,113.081535,'430100','');
        insert into s_landmark (landmarkid, landmarkname, pinyin, ltype, lat, lng, citycode, discode) values (1253,'岳麓山/云麓宫','yuelushan/yunlugong',5,28.177368,112.933289,'430100','');
        insert into s_landmark (landmarkid, landmarkname, pinyin, ltype, lat, lng, citycode, discode) values (1251,'橘子洲头','juzizhoutou',5,28.187139,112.96212,'430100','');
        insert into s_landmark (landmarkid, landmarkname, pinyin, ltype, lat, lng, citycode, discode) values (16901,'思进大厦','sijindasha',1,28.245934,113.089449,'430100','');
        insert into s_landmark (landmarkid, landmarkname, pinyin, ltype, lat, lng, citycode, discode) values (16903,'长沙仁康医院','zhangsharenkangyiyuan',6,28.234724,113.079053,'430100','');
        insert into s_landmark (landmarkid, landmarkname, pinyin, ltype, lat, lng, citycode, discode) values (1262,'海底世界','haidishijie',5,28.232311,113.056213,'430100','');
        insert into s_landmark (landmarkid, landmarkname, pinyin, ltype, lat, lng, citycode, discode) values (16905,'星沙汽车站','xingshaqichezhan',2,28.232383,113.082145,'430100','');
        insert into s_landmark (landmarkid, landmarkname, pinyin, ltype, lat, lng, citycode, discode) values (1261,'李富春故居','lifuchunguju',5,28.192539,112.974104,'430100','');
        insert into s_landmark (landmarkid, landmarkname, pinyin, ltype, lat, lng, citycode, discode) values (16907,'星沙年轮骨科医院','xingshanianlungukeyiyuan',6,28.223689,113.073908,'430100','');
        insert into s_landmark (landmarkid, landmarkname, pinyin, ltype, lat, lng, citycode, discode) values (1258,'桃子湖','taozihu',5,28.180886,112.952319,'430100','');
        insert into s_landmark (landmarkid, landmarkname, pinyin, ltype, lat, lng, citycode, discode) values (16909,'银杏园','yinxingyuan',5,28.232254,113.075588,'430100','');
        insert into s_landmark (landmarkid, landmarkname, pinyin, ltype, lat, lng, citycode, discode) values (1270,'摩天轮','motianlun',5,28.178758,112.985603,'430100','');
        insert into s_landmark (landmarkid, landmarkname, pinyin, ltype, lat, lng, citycode, discode) values (1271,'化龙池','hualongchi',5,28.187298,112.977273,'430100','');
        insert into s_landmark (landmarkid, landmarkname, pinyin, ltype, lat, lng, citycode, discode) values (1268,'新民学会成立会旧址','xinminxuehuichenglihuijiuzhi',5,28.193195,112.952409,'430100','');
        insert into s_landmark (landmarkid, landmarkname, pinyin, ltype, lat, lng, citycode, discode) values (1269,'湖南省森林植物园','hunanshengsenlinzhiwuyuan',5,28.103525,113.031937,'430100','');
        insert into s_landmark (landmarkid, landmarkname, pinyin, ltype, lat, lng, citycode, discode) values (1279,'贾谊故居','jiayiguju',5,28.192647,112.971984,'430100','');
        insert into s_landmark (landmarkid, landmarkname, pinyin, ltype, lat, lng, citycode, discode) values (1276,'马王堆汉墓遗址','mawangduihanmuyizhi',5,28.205496,113.027424,'430100','');
        insert into s_landmark (landmarkid, landmarkname, pinyin, ltype, lat, lng, citycode, discode) values (1274,'杜甫江阁','dufujiangge',5,28.185255,112.968555,'430100','');
        insert into s_landmark (landmarkid, landmarkname, pinyin, ltype, lat, lng, citycode, discode) values (1275,'北正街教堂','beizhengjiejiaotang',5,28.203532,112.976325,'430100','');
        insert into s_landmark (landmarkid, landmarkname, pinyin, ltype, lat, lng, citycode, discode) values (1272,'八路军驻湘通讯处旧址','balujunzhuxiangtongxunchujiuzhi',5,28.197626,112.981687,'430100','');
        insert into s_landmark (landmarkid, landmarkname, pinyin, ltype, lat, lng, citycode, discode) values (1273,'石燕湖生态公园','shiyanhushengtaigongyuan',5,28.008977,113.088063,'430100','');
        insert into s_landmark (landmarkid, landmarkname, pinyin, ltype, lat, lng, citycode, discode) values (7466,'太平街','taipingjie',5,28.192455,112.969198,'430100','');
        insert into s_landmark (landmarkid, landmarkname, pinyin, ltype, lat, lng, citycode, discode) values (7468,'坡子街火宫殿','pozijiehuogongdian',5,28.190561,112.973763,'430100','');
        insert into s_landmark (landmarkid, landmarkname, pinyin, ltype, lat, lng, citycode, discode) values (7457,'天心阁','tianxinge',5,28.183681,112.981362,'430100','');
        insert into s_landmark (landmarkid, landmarkname, pinyin, ltype, lat, lng, citycode, discode) values (7460,'乐和城','lehecheng',1,28.198851,112.976601,'430100','');
        insert into s_landmark (landmarkid, landmarkname, pinyin, ltype, lat, lng, citycode, discode) values (7462,'王府井','wangfujing',1,28.192714,112.97587,'430100','');
        insert into s_landmark (landmarkid, landmarkname, pinyin, ltype, lat, lng, citycode, discode) values (7480,'月湖公园','yuehugongyuan',5,28.237167,113.033243,'430100','');
        insert into s_landmark (landmarkid, landmarkname, pinyin, ltype, lat, lng, citycode, discode) values (7482,'世界之窗','shijiezhichuang',5,28.235195,113.053226,'430100','');
        insert into s_landmark (landmarkid, landmarkname, pinyin, ltype, lat, lng, citycode, discode) values (7472,'平和堂','pinghetang',1,28.194666,112.976867,'430100','');
        insert into s_landmark (landmarkid, landmarkname, pinyin, ltype, lat, lng, citycode, discode) values (7477,'烈士公园','lieshigongyuan',5,28.143507,113.628247,'430100','');
        insert into s_landmark (landmarkid, landmarkname, pinyin, ltype, lat, lng, citycode, discode) values (15690,'妇幼保健院','fuyoubaojianyuan',6,28.208227,112.982898,'430100','');
        insert into s_landmark (landmarkid, landmarkname, pinyin, ltype, lat, lng, citycode, discode) values (6331,'罗马广场','luomaguangchang',1,28.198139,112.883247,'430100','');
        insert into s_landmark (landmarkid, landmarkname, pinyin, ltype, lat, lng, citycode, discode) values (6328,'奥克斯广场','aokesiguangchang',1,28.223942,112.954152,'430100','');
        insert into s_landmark (landmarkid, landmarkname, pinyin, ltype, lat, lng, citycode, discode) values (6333,'金星路步步高广场','jinxinglububugaoguangchang',1,28.218408,112.935656,'430100','');
        insert into s_landmark (landmarkid, landmarkname, pinyin, ltype, lat, lng, citycode, discode) values (20656,'长沙师范学院第二校区','zhangshashifanxueyuandierxiaoqu',7,28.293009,113.08986,'430100','');
        insert into s_landmark (landmarkid, landmarkname, pinyin, ltype, lat, lng, citycode, discode) values (15491,'长沙师范学院北校区','zhangshashifanxueyuanbeixiaoqu',7,28.256109,113.083385,'430100','');
        insert into s_landmark (landmarkid, landmarkname, pinyin, ltype, lat, lng, citycode, discode) values (15488,'星沙海底世界','xingshahaidishijie',5,28.232311,113.056213,'430100','');
        insert into s_landmark (landmarkid, landmarkname, pinyin, ltype, lat, lng, citycode, discode) values (15493,'同心花园','tongxinhuayuan',5,28.315455,112.83792,'430100','');
        insert into s_landmark (landmarkid, landmarkname, pinyin, ltype, lat, lng, citycode, discode) values (25536,'湖南省马王堆医院','hunanshengmawangduiyiyuan',6,28.204689,113.028914,'430100','');
        insert into s_landmark (landmarkid, landmarkname, pinyin, ltype, lat, lng, citycode, discode) values (25538,'湖南省妇幼保健院','hunanshengfuyoubaojianyuan',6,28.208227,112.982898,'430100','');
        insert into s_landmark (landmarkid, landmarkname, pinyin, ltype, lat, lng, citycode, discode) values (25531,'湖南省肿瘤医院','hunanshengzhongliuyiyuan',6,28.212869,112.93867,'430100','');
        insert into s_landmark (landmarkid, landmarkname, pinyin, ltype, lat, lng, citycode, discode) values (25529,'湖南省中医院','hunanshengzhongyiyuan',6,28.203611,112.980742,'430100','');
        insert into s_landmark (landmarkid, landmarkname, pinyin, ltype, lat, lng, citycode, discode) values (25534,'湖南省中医药研究院附属医院','hunanshengzhongyiyaoyanjiuyuanfushuyiyuan',1,28.194741,112.951111,'430100','');
        insert into s_landmark (landmarkid, landmarkname, pinyin, ltype, lat, lng, citycode, discode) values (25532,'湖南中医药大学第一附属医院','hunanzhongyiyaodaxuediyifushuyiyuan',6,28.16538,112.994672,'430100','');
        insert into s_landmark (landmarkid, landmarkname, pinyin, ltype, lat, lng, citycode, discode) values (16084,'长沙县人民医院','zhangshaxianrenminyiyuan',6,28.254701,113.07628,'430100','');
        insert into s_landmark (landmarkid, landmarkname, pinyin, ltype, lat, lng, citycode, discode) values (25522,'湘雅二医院','xiangyaeryiyuan',6,28.187,112.993996,'430100','');
        insert into s_landmark (landmarkid, landmarkname, pinyin, ltype, lat, lng, citycode, discode) values (25520,'湘雅医院','xiangyayiyuan',6,28.211938,112.985546,'430100','');
        insert into s_landmark (landmarkid, landmarkname, pinyin, ltype, lat, lng, citycode, discode) values (16089,'仁康医院','renkangyiyuan',6,28.234724,113.079053,'430100','');
        insert into s_landmark (landmarkid, landmarkname, pinyin, ltype, lat, lng, citycode, discode) values (16088,'星沙博爱医院','xingshaboaiyiyuan',6,28.246421,113.078277,'430100','');
        insert into s_landmark (landmarkid, landmarkname, pinyin, ltype, lat, lng, citycode, discode) values (16854,'望城县人民医院','wangchengxianrenminyiyuan',6,28.37225,112.814824,'430100','');
        insert into s_landmark (landmarkid, landmarkname, pinyin, ltype, lat, lng, citycode, discode) values (25527,'湖南省人民医院','hunanshengrenminyiyuan',6,28.190355,112.981484,'430100','');
        insert into s_landmark (landmarkid, landmarkname, pinyin, ltype, lat, lng, citycode, discode) values (25524,'湘雅三医院','xiangyasanyiyuan',6,28.219014,112.944926,'430100','');
        insert into s_landmark (landmarkid, landmarkname, pinyin, ltype, lat, lng, citycode, discode) values (25518,'湖南省儿童医院','hunanshengertongyiyuan',6,28.173342,112.989136,'430100','');
        insert into s_landmark (landmarkid, landmarkname, pinyin, ltype, lat, lng, citycode, discode) values (1280,'古开福寺','gukaifusi',5,28.224355,112.978313,'430100','');
        insert into s_landmark (landmarkid, landmarkname, pinyin, ltype, lat, lng, citycode, discode) values (16888,'星沙公园','xingshagongyuan',5,28.236593,113.07571,'430100','');
        insert into s_landmark (landmarkid, landmarkname, pinyin, ltype, lat, lng, citycode, discode) values (16889,'时代广场','shidaiguangchang',5,28.219443,112.909929,'430100','');
        insert into s_landmark (landmarkid, landmarkname, pinyin, ltype, lat, lng, citycode, discode) values (16890,'圣力大厦','shenglidasha',1,28.238151,113.078761,'430100','');
        insert into s_landmark (landmarkid, landmarkname, pinyin, ltype, lat, lng, citycode, discode) values (16893,'湖南传媒技术学院','hunanchuanmeijishuxueyuan',7,28.154521,112.991498,'430100','');
        insert into s_landmark (landmarkid, landmarkname, pinyin, ltype, lat, lng, citycode, discode) values (16894,'徐特立纪念馆','xutelijinianguan',5,28.255894,113.082169,'430100','');
        insert into s_landmark (landmarkid, landmarkname, pinyin, ltype, lat, lng, citycode, discode) values (16895,'长沙手外科医院','zhangshashouwaikeyiyuan',6,28.237646,113.079101,'430100','');
        insert into s_landmark (landmarkid, landmarkname, pinyin, ltype, lat, lng, citycode, discode) values (16881,'联城国际城','lianchengguojicheng',1,28.35634,112.821894,'430100','');
        insert into s_landmark (landmarkid, landmarkname, pinyin, ltype, lat, lng, citycode, discode) values (17853,'长沙市第八医院','zhangshashidibayiyuan',6,28.235237,113.086746,'430100','');
        insert into s_landmark (landmarkid, landmarkname, pinyin, ltype, lat, lng, citycode, discode) values (17855,'长沙县手外科医院','zhangshaxianshouwaikeyiyuan',6,28.237646,113.079101,'430100','');
        insert into s_landmark (landmarkid, landmarkname, pinyin, ltype, lat, lng, citycode, discode) values (16887,'生态公园','shengtaigongyuan',5,28.263554,113.070972,'430100','');
        insert into s_landmark (landmarkid, landmarkname, pinyin, ltype, lat, lng, citycode, discode) values (13944,'铜官镇窑火陶城文化广场 ','tongguanzhenyaohuotaochengwenhuaguangchang ',5,28.455789,112.80884,'430100','');
        insert into s_landmark (landmarkid, landmarkname, pinyin, ltype, lat, lng, citycode, discode) values (16879,'碧园','biyuan',5,28.35904,112.815143,'430100','');
        insert into s_landmark (landmarkid, landmarkname, pinyin, ltype, lat, lng, citycode, discode) values (16865,'望城友谊医院','wangchengyouyiyiyuan',6,28.367249,112.815584,'430100','');
        insert into s_landmark (landmarkid, landmarkname, pinyin, ltype, lat, lng, citycode, discode) values (6341,'通程商业广场','tongchengshangyeguangchang',1,28.244257,113.080342,'430100','');
        insert into s_landmark (landmarkid, landmarkname, pinyin, ltype, lat, lng, citycode, discode) values (16867,'望城区文化馆','wangchengquwenhuaguan',5,28.360209,112.809129,'430100','');
        insert into s_landmark (landmarkid, landmarkname, pinyin, ltype, lat, lng, citycode, discode) values (6336,'王家湾步步高广场','wangjiawanbubugaoguangchang',1,28.160843,112.925801,'430100','');
        insert into s_landmark (landmarkid, landmarkname, pinyin, ltype, lat, lng, citycode, discode) values (16869,'仁德医院','rendeyiyuan',6,28.354283,112.812444,'430100','');
        insert into s_landmark (landmarkid, landmarkname, pinyin, ltype, lat, lng, citycode, discode) values (13940,'高林·金三商业街','gaolin·jinsanshangyejie',1,28.225915,113.062801,'430100','');
        insert into s_landmark (landmarkid, landmarkname, pinyin, ltype, lat, lng, citycode, discode) values (13941,'五子登科树','wuzidengkeshu',5,28.013164,113.09089,'430100','');
        insert into s_landmark (landmarkid, landmarkname, pinyin, ltype, lat, lng, citycode, discode) values (6339,'渔湾广场','yuwanguangchang',1,28.169075,112.94411,'430100','');
        insert into s_landmark (landmarkid, landmarkname, pinyin, ltype, lat, lng, citycode, discode) values (6676,'黄花国际机场','huanghuaguojijichang',2,28.193502,113.220041,'430100','');
        insert into s_landmark (landmarkid, landmarkname, pinyin, ltype, lat, lng, citycode, discode) values (15418,'园外圆客栈','yuanwaiyuankezhan',5,28.433372,114.049535,'430100','');
        insert into s_landmark (landmarkid, landmarkname, pinyin, ltype, lat, lng, citycode, discode) values (6679,'中医药附一','zhongyiyaofuyi',6,28.165801,112.995163,'430100','');
        insert into s_landmark (landmarkid, landmarkname, pinyin, ltype, lat, lng, citycode, discode) values (10162,'靖港古镇','jinggangguzhen',5,28.457491,112.790291,'430100','');
        insert into s_landmark (landmarkid, landmarkname, pinyin, ltype, lat, lng, citycode, discode) values (10163,'浏阳大围山野外滑雪场','liuyangdaweishanyewaihuaxuechang',5,28.420287,114.128067,'430100','');
        insert into s_landmark (landmarkid, landmarkname, pinyin, ltype, lat, lng, citycode, discode) values (6674,'桂花公园','guihuagongyuan',5,28.171175,113.003795,'430100','');
        insert into s_landmark (landmarkid, landmarkname, pinyin, ltype, lat, lng, citycode, discode) values (10160,'杨开慧故居','yangkaihuiguju',5,28.587452,113.210221,'430100','');
        insert into s_landmark (landmarkid, landmarkname, pinyin, ltype, lat, lng, citycode, discode) values (6675,'浏阳河婚庆文化园','liuyanghehunqingwenhuayuan',5,28.190099,113.045938,'430100','');
        insert into s_landmark (landmarkid, landmarkname, pinyin, ltype, lat, lng, citycode, discode) values (10161,'密印寺','miyinsi',5,28.173688,111.971989,'430100','');
        insert into s_landmark (landmarkid, landmarkname, pinyin, ltype, lat, lng, citycode, discode) values (6684,'雨花亭（凯德广场）','yuhuating（kaideguangchang）',1,28.154763,112.994984,'430100','');
        insert into s_landmark (landmarkid, landmarkname, pinyin, ltype, lat, lng, citycode, discode) values (6685,'友阿百货（人民路）','youabaihuo（renminlu）',1,28.184267,113.007687,'430100','');
        insert into s_landmark (landmarkid, landmarkname, pinyin, ltype, lat, lng, citycode, discode) values (6686,'通程商业广场（红星）','tongchengshangyeguangchang（hongxing）',1,28.109607,113.015904,'430100','');
        insert into s_landmark (landmarkid, landmarkname, pinyin, ltype, lat, lng, citycode, discode) values (6687,'梦和商业广场','mengheshangyeguangchang',1,28.109921,113.018598,'430100','');
        insert into s_landmark (landmarkid, landmarkname, pinyin, ltype, lat, lng, citycode, discode) values (6680,'湖南旺旺医院','hunanwangwangyiyuan',6,28.183165,113.03142,'430100','');
        insert into s_landmark (landmarkid, landmarkname, pinyin, ltype, lat, lng, citycode, discode) values (6681,'长沙市妇幼保健院','zhangshashifuyoubaojianyuan',6,28.179826,112.998388,'430100','');
        insert into s_landmark (landmarkid, landmarkname, pinyin, ltype, lat, lng, citycode, discode) values (6682,'长沙市中心医院','zhangshashizhongxinyiyuan',6,28.141591,112.997693,'430100','');
        insert into s_landmark (landmarkid, landmarkname, pinyin, ltype, lat, lng, citycode, discode) values (6683,'友谊商城','youyishangcheng',1,28.168328,112.995294,'430100','');
        insert into s_landmark (landmarkid, landmarkname, pinyin, ltype, lat, lng, citycode, discode) values (4281,'长沙职业技术学院','zhangshazhiyejishuxueyuan',7,28.214979,112.840109,'430100','');
        insert into s_landmark (landmarkid, landmarkname, pinyin, ltype, lat, lng, citycode, discode) values (4280,'湖南工程职业技术学院南院','hunangongchengzhiyejishuxueyuannanyuan',7,28.077612,112.982764,'430100','');
        insert into s_landmark (landmarkid, landmarkname, pinyin, ltype, lat, lng, citycode, discode) values (6669,'湖南农业大学','hunannongyedaxue',7,28.180758,113.08318,'430100','');
        insert into s_landmark (landmarkid, landmarkname, pinyin, ltype, lat, lng, citycode, discode) values (16654,'昌明医院','changmingyiyuan',6,28.098032,111.970502,'430100','');
        insert into s_landmark (landmarkid, landmarkname, pinyin, ltype, lat, lng, citycode, discode) values (10158,'刘少奇纪念馆','liushaoqijinianguan',5,28.03395,112.648905,'430100','');
        insert into s_landmark (landmarkid, landmarkname, pinyin, ltype, lat, lng, citycode, discode) values (6671,'长沙火车站','zhangshahuochezhan',2,28.194303,113.013096,'430100','');
        insert into s_landmark (landmarkid, landmarkname, pinyin, ltype, lat, lng, citycode, discode) values (10157,'湖南雷锋纪念馆','hunanleifengjinianguan',5,28.203907,112.845153,'430100','');
        insert into s_landmark (landmarkid, landmarkname, pinyin, ltype, lat, lng, citycode, discode) values (6670,'湖南民政学院','hunanminzhengxueyuan',7,28.140479,113.013683,'430100','');
        insert into s_landmark (landmarkid, landmarkname, pinyin, ltype, lat, lng, citycode, discode) values (10156,'岳麓山鸟语林','yuelushanniaoyulin',5,28.178673,112.933025,'430100','');
        insert into s_landmark (landmarkid, landmarkname, pinyin, ltype, lat, lng, citycode, discode) values (4277,'湖南艺术职业学院北院','hunanyishuzhiyexueyuanbeiyuan',7,28.211127,112.921866,'430100','');
        insert into s_landmark (landmarkid, landmarkname, pinyin, ltype, lat, lng, citycode, discode) values (5317,'长沙生态动物园','zhangshashengtaidongwuyuan',5,28.032966,113.003464,'430100','');
        insert into s_landmark (landmarkid, landmarkname, pinyin, ltype, lat, lng, citycode, discode) values (5318,'南郊公园','nanjiaogongyuan',5,28.140938,112.965209,'430100','');
        insert into s_landmark (landmarkid, landmarkname, pinyin, ltype, lat, lng, citycode, discode) values (5319,'长沙王陵公园','zhangshawanglinggongyuan',5,28.211374,112.952586,'430100','');
        insert into s_landmark (landmarkid, landmarkname, pinyin, ltype, lat, lng, citycode, discode) values (10592,'长沙黄花机场','zhangshahuanghuajichang',2,28.193502,113.220041,'430100','');
        insert into s_landmark (landmarkid, landmarkname, pinyin, ltype, lat, lng, citycode, discode) values (10593,'黄花机场','huanghuajichang',2,28.193502,113.220041,'430100','');
        insert into s_landmark (landmarkid, landmarkname, pinyin, ltype, lat, lng, citycode, discode) values (17179,'海德公园','haidegongyuan',5,28.220718,113.113969,'430100','');
        insert into s_landmark (landmarkid, landmarkname, pinyin, ltype, lat, lng, citycode, discode) values (14431,'望城火车站','wangchenghuochezhan',2,28.313548,112.829349,'430100','');
        insert into s_landmark (landmarkid, landmarkname, pinyin, ltype, lat, lng, citycode, discode) values (14429,'星沙商业步行街','xingshashangyebuxingjie',1,28.239819,113.085199,'430100','');
        insert into s_landmark (landmarkid, landmarkname, pinyin, ltype, lat, lng, citycode, discode) values (5320,'中海国际社区','zhonghaiguojishequ',5,28.139995,112.921727,'430100','');
        insert into s_landmark (landmarkid, landmarkname, pinyin, ltype, lat, lng, citycode, discode) values (17183,'湖南大众传媒职业技术学院','hunandazhongchuanmeizhiyejishuxueyuan',7,28.256417,113.077371,'430100','');
        insert into s_landmark (landmarkid, landmarkname, pinyin, ltype, lat, lng, citycode, discode) values (14426,'安沙镇','anshazhen',1,28.370998,113.108857,'430100','');
        insert into s_landmark (landmarkid, landmarkname, pinyin, ltype, lat, lng, citycode, discode) values (5321,'梅溪湖','meixihu',5,28.192992,112.912754,'430100','');
        insert into s_landmark (landmarkid, landmarkname, pinyin, ltype, lat, lng, citycode, discode) values (5322,'湖南省博物馆','hunanshengbowuguan',5,28.211875,112.992496,'430100','');
        insert into s_landmark (landmarkid, landmarkname, pinyin, ltype, lat, lng, citycode, discode) values (17181,'恒生购物广场','hengshenggouwuguangchang',1,28.226728,113.111216,'430100','');
        insert into s_landmark (landmarkid, landmarkname, pinyin, ltype, lat, lng, citycode, discode) values (6694,'大润发','darunfa',1,28.185002,113.029127,'430100','');
        insert into s_landmark (landmarkid, landmarkname, pinyin, ltype, lat, lng, citycode, discode) values (15369,'百合湖滨花园','baihehubinhuayuan',5,28.35328,112.822161,'430100','');
        insert into s_landmark (landmarkid, landmarkname, pinyin, ltype, lat, lng, citycode, discode) values (6692,'运达中央广场','yundazhongyangguangchang',1,28.170471,113.042513,'430100','');
        insert into s_landmark (landmarkid, landmarkname, pinyin, ltype, lat, lng, citycode, discode) values (6691,'喜乐地','xiledi',1,28.12962,113.036855,'430100','');
        insert into s_landmark (landmarkid, landmarkname, pinyin, ltype, lat, lng, citycode, discode) values (6690,'喜盈门·范城','xiyingmen·fancheng',1,28.131906,113.035793,'430100','');
        insert into s_landmark (landmarkid, landmarkname, pinyin, ltype, lat, lng, citycode, discode) values (15374,'岳麓山','yuelushan',5,28.184689,112.936015,'430100','');
        insert into s_landmark (landmarkid, landmarkname, pinyin, ltype, lat, lng, citycode, discode) values (6689,'万家丽家居建材市场','wanjialijiajujiancaishichang',1,28.192572,113.029902,'430100','');
        insert into s_landmark (landmarkid, landmarkname, pinyin, ltype, lat, lng, citycode, discode) values (6688,'上河国际商业广场','shangheguojishangyeguangchang',1,28.178183,113.029134,'430100','');
        insert into s_landmark (landmarkid, landmarkname, pinyin, ltype, lat, lng, citycode, discode) values (6700,'通程万惠','tongchengwanhui',1,28.177042,113.00197,'430100','');
        insert into s_landmark (landmarkid, landmarkname, pinyin, ltype, lat, lng, citycode, discode) values (15367,'名豪广场','minghaoguangchang',1,29.353755,105.89119,'430100','');
        insert into s_landmark (landmarkid, landmarkname, pinyin, ltype, lat, lng, citycode, discode) values (6698,'高桥大市场','gaoqiaodashichang',1,28.173183,113.01719,'430100','');
        insert into s_landmark (landmarkid, landmarkname, pinyin, ltype, lat, lng, citycode, discode) values (6696,'井湾子国际家居城','jingwanziguojijiajucheng',1,28.125068,113.008919,'430100','');
        insert into s_landmark (landmarkid, landmarkname, pinyin, ltype, lat, lng, citycode, discode) values (15364,'中南汽车世界','zhongnanqicheshijie',2,28.232878,113.063635,'430100','');
        insert into s_landmark (landmarkid, landmarkname, pinyin, ltype, lat, lng, citycode, discode) values (18895,'宁乡火车站','ningxianghuochezhan',2,28.289284,112.58107,'430100','');
        insert into s_landmark (landmarkid, landmarkname, pinyin, ltype, lat, lng, citycode, discode) values (18894,'湖南省宁乡人民医院','hunanshengningxiangrenminyiyuan',6,28.265299,112.547536,'430100','');
        insert into s_landmark (landmarkid, landmarkname, pinyin, ltype, lat, lng, citycode, discode) values (18893,'宁乡县中医医院','ningxiangxianzhongyiyiyuan',6,28.251456,112.544745,'430100','');
        insert into s_landmark (landmarkid, landmarkname, pinyin, ltype, lat, lng, citycode, discode) values (18892,'宁乡县第二人民医院','ningxiangxiandierrenminyiyuan',6,28.26533,112.533029,'430100','');
        insert into s_landmark (landmarkid, landmarkname, pinyin, ltype, lat, lng, citycode, discode) values (10210,'长沙海底世界','zhangshahaidishijie',5,28.232311,113.056213,'430100','');
        insert into s_landmark (landmarkid, landmarkname, pinyin, ltype, lat, lng, citycode, discode) values (18898,'宁乡县老年大学','ningxiangxianlaoniandaxue',7,28.26076,112.557522,'430100','');
        insert into s_landmark (landmarkid, landmarkname, pinyin, ltype, lat, lng, citycode, discode) values (18896,'三零四医院','sanlingsiyiyuan',6,28.261865,112.545512,'430100','');
        insert into s_landmark (landmarkid, landmarkname, pinyin, ltype, lat, lng, citycode, discode) values (18897,'龙头湾购物中心','longtouwangouwuzhongxin',1,28.249905,112.557465,'430100','');
        insert into s_landmark (landmarkid, landmarkname, pinyin, ltype, lat, lng, citycode, discode) values (4300,'长沙通信职业技术学院','zhangshatongxinzhiyejishuxueyuan',7,28.161475,112.975493,'430100','');
        insert into s_landmark (landmarkid, landmarkname, pinyin, ltype, lat, lng, citycode, discode) values (4301,'湖南对外经济贸易职业学院南校区','hunanduiwaijingjimaoyizhiyexueyuannanxiaoqu',7,28.159043,112.974617,'430100','');
        insert into s_landmark (landmarkid, landmarkname, pinyin, ltype, lat, lng, citycode, discode) values (20354,'昌明医院','changmingyiyuan',6,28.098032,111.970502,'430100','');
        insert into s_landmark (landmarkid, landmarkname, pinyin, ltype, lat, lng, citycode, discode) values (4303,'中南大学','zhongnandaxue',7,28.164372,112.932514,'430100','');
        insert into s_landmark (landmarkid, landmarkname, pinyin, ltype, lat, lng, citycode, discode) values (4296,'湖南师范大学','hunanshifandaxue',7,28.184988,112.946774,'430100','');
        insert into s_landmark (landmarkid, landmarkname, pinyin, ltype, lat, lng, citycode, discode) values (4299,'长沙理工大学城南学院','zhangshaligongdaxuechengnanxueyuan',7,28.158419,112.976627,'430100','');
        insert into s_landmark (landmarkid, landmarkname, pinyin, ltype, lat, lng, citycode, discode) values (4292,'湖南艺术职业学院','hunanyishuzhiyexueyuan',7,28.166768,112.938061,'430100','');
        insert into s_landmark (landmarkid, landmarkname, pinyin, ltype, lat, lng, citycode, discode) values (20363,'靖港中心卫生院','jinggangzhongxinweishengyuan',6,28.450829,112.739696,'430100','');
        insert into s_landmark (landmarkid, landmarkname, pinyin, ltype, lat, lng, citycode, discode) values (4293,'长沙大学南院','zhangshadaxuenanyuan',7,28.158419,112.976627,'430100','');
        insert into s_landmark (landmarkid, landmarkname, pinyin, ltype, lat, lng, citycode, discode) values (4294,'长沙学院南院','zhangshaxueyuannanyuan',7,28.158419,112.976627,'430100','');
        insert into s_landmark (landmarkid, landmarkname, pinyin, ltype, lat, lng, citycode, discode) values (4288,'湖南司法警官职业学院','hunansifajingguanzhiyexueyuan',7,28.207209,113.09739,'430100','');
        insert into s_landmark (landmarkid, landmarkname, pinyin, ltype, lat, lng, citycode, discode) values (4289,'长沙医学院','zhangshayixueyuan',7,28.297444,112.874721,'430100','');
        insert into s_landmark (landmarkid, landmarkname, pinyin, ltype, lat, lng, citycode, discode) values (20365,'湖南中医药大学','hunanzhongyiyaodaxue',7,28.129393,112.894242,'430100','');
        insert into s_landmark (landmarkid, landmarkname, pinyin, ltype, lat, lng, citycode, discode) values (4318,'湖南城建职业技术学院继续教育学院','hunanchengjianzhiyejishuxueyuanjixujiaoyuxueyuan',7,28.209424,112.975782,'430100','');
        insert into s_landmark (landmarkid, landmarkname, pinyin, ltype, lat, lng, citycode, discode) values (4315,'湖南中医药大学湘杏学院','hunanzhongyiyaodaxuexiangxingxueyuan',7,28.164072,112.996082,'430100','');
        insert into s_landmark (landmarkid, landmarkname, pinyin, ltype, lat, lng, citycode, discode) values (4308,'中南林业科技大学','zhongnanlinyekejidaxue',7,28.133917,112.997467,'430100','');
        insert into s_landmark (landmarkid, landmarkname, pinyin, ltype, lat, lng, citycode, discode) values (4305,'湖南涉外经济学院','hunanshewaijingjixueyuan',7,28.202752,112.873772,'430100','');
        insert into s_landmark (landmarkid, landmarkname, pinyin, ltype, lat, lng, citycode, discode) values (4304,'湖南大学','hunandaxue',7,28.179978,112.944045,'430100','');
        insert into s_landmark (landmarkid, landmarkname, pinyin, ltype, lat, lng, citycode, discode) values (4306,'长沙理工大学云塘校区','zhangshaligongdaxueyuntangxiaoqu',7,28.061094,113.012032,'430100','');
        /****************************** 输出景点SQL脚本: 结束 ***********************************/

/** citycode 430200: 株洲市 */
delete from s_areainfo where citycode = '430200';
        /****************************** 输出行政区SQL脚本: 开始 ***********************************/
        insert into s_areainfo (areaid, areaname, pinyin, lat, lng, citycode, discode) values (3527,'醴陵市','lilingshi',27.64613,113.496894,'430200','');
        insert into s_areainfo (areaid, areaname, pinyin, lat, lng, citycode, discode) values (3526,'石峰区','danfengqu',27.875445,113.117732,'430200','');
        insert into s_areainfo (areaid, areaname, pinyin, lat, lng, citycode, discode) values (3525,'芦淞区','lusongqu',27.78507,113.152724,'430200','');
        insert into s_areainfo (areaid, areaname, pinyin, lat, lng, citycode, discode) values (3524,'荷塘区','hetangqu',27.855929,113.173487,'430200','');
        insert into s_areainfo (areaid, areaname, pinyin, lat, lng, citycode, discode) values (3523,'天元区','tianyuanqu',27.826867,113.082216,'430200','');
        insert into s_areainfo (areaid, areaname, pinyin, lat, lng, citycode, discode) values (3531,'炎陵县','yanlingxian',26.489902,113.772655,'430200','');
        insert into s_areainfo (areaid, areaname, pinyin, lat, lng, citycode, discode) values (3530,'茶陵县','chalingxian',26.777492,113.53928,'430200','');
        insert into s_areainfo (areaid, areaname, pinyin, lat, lng, citycode, discode) values (3529,'攸县','youxian',27.000227,113.345309,'430200','');
        insert into s_areainfo (areaid, areaname, pinyin, lat, lng, citycode, discode) values (3528,'株洲县','zhuzhouxian',27.699346,113.144006,'430200','');
        /****************************** 输出行政区SQL脚本: 结束 ***********************************/
delete from s_landmark where citycode = '430200';
        /****************************** 输出景点SQL脚本: 开始 ***********************************/
        insert into s_landmark (landmarkid, landmarkname, pinyin, ltype, lat, lng, citycode, discode) values (18910,'醴陵市中医院','lilingshizhongyiyuan',6,27.656472,113.498671,'430200','');
        insert into s_landmark (landmarkid, landmarkname, pinyin, ltype, lat, lng, citycode, discode) values (9426,'云阳山景区','yunyangshanjingqu',5,26.759273,113.477375,'430200','');
        insert into s_landmark (landmarkid, landmarkname, pinyin, ltype, lat, lng, citycode, discode) values (17982,'湘运炎陵汽车站','xiangyunyanlingqichezhan',2,26.482998,113.776997,'430200','');
        insert into s_landmark (landmarkid, landmarkname, pinyin, ltype, lat, lng, citycode, discode) values (9425,'酒埠江旅游区','jiubujianglu:youqu',5,27.210652,113.584819,'430200','');
        insert into s_landmark (landmarkid, landmarkname, pinyin, ltype, lat, lng, citycode, discode) values (17975,'炎陵县中医院','yanlingxianzhongyiyuan',6,26.490927,113.776959,'430200','');
        insert into s_landmark (landmarkid, landmarkname, pinyin, ltype, lat, lng, citycode, discode) values (2240,'湖南工业大学','hunangongyedaxue',7,27.814927,113.107007,'430200','');
        insert into s_landmark (landmarkid, landmarkname, pinyin, ltype, lat, lng, citycode, discode) values (2243,'湖南冶金职业技术学院','hunanyejinzhiyejishuxueyuan',7,27.836611,112.924519,'430200','');
        insert into s_landmark (landmarkid, landmarkname, pinyin, ltype, lat, lng, citycode, discode) values (2242,'湖南铁道职业技术学院','hunantiedaozhiyejishuxueyuan',7,27.880115,113.129313,'430200','');
        insert into s_landmark (landmarkid, landmarkname, pinyin, ltype, lat, lng, citycode, discode) values (2234,'株洲师范高等专科学校','zhuzhoushifangaodengzhuankexuexiao',7,27.818291,113.128319,'430200','');
        insert into s_landmark (landmarkid, landmarkname, pinyin, ltype, lat, lng, citycode, discode) values (17998,'红军标语博物馆','hongjunbiaoyubowuguan',5,26.488167,113.772853,'430200','');
        insert into s_landmark (landmarkid, landmarkname, pinyin, ltype, lat, lng, citycode, discode) values (2233,'湖南铁路科技职业技术学院','hunantielukejizhiyejishuxueyuan',7,27.904616,113.160674,'430200','');
        insert into s_landmark (landmarkid, landmarkname, pinyin, ltype, lat, lng, citycode, discode) values (2239,'王府井','wangfujing',7,28.192714,112.97587,'430200','');
        insert into s_landmark (landmarkid, landmarkname, pinyin, ltype, lat, lng, citycode, discode) values (2237,'株洲职业技术学院','zhuzhouzhiyejishuxueyuan',7,27.880115,113.129313,'430200','');
        insert into s_landmark (landmarkid, landmarkname, pinyin, ltype, lat, lng, citycode, discode) values (18912,'醴陵火车站','lilinghuochezhan',2,27.669956,113.511399,'430200','');
        insert into s_landmark (landmarkid, landmarkname, pinyin, ltype, lat, lng, citycode, discode) values (18915,'醴陵市妇幼保健院','lilingshifuyoubaojianyuan',6,27.66577,113.50659,'430200','');
        insert into s_landmark (landmarkid, landmarkname, pinyin, ltype, lat, lng, citycode, discode) values (15268,'明馨宾馆','mingxinbinguan',5,28.262407,113.077835,'430200','');
        insert into s_landmark (landmarkid, landmarkname, pinyin, ltype, lat, lng, citycode, discode) values (17990,'炎陵县人民医院','yanlingxianrenminyiyuan',6,26.484432,113.775227,'430200','');
        insert into s_landmark (landmarkid, landmarkname, pinyin, ltype, lat, lng, citycode, discode) values (18917,'醴陵现代妇科医院','lilingxiandaifukeyiyuan',6,27.64695,113.51674,'430200','');
        insert into s_landmark (landmarkid, landmarkname, pinyin, ltype, lat, lng, citycode, discode) values (18013,'株洲县第一人民医院','zhuzhouxiandiyirenminyiyuan',6,27.696622,113.14207,'430200','');
        insert into s_landmark (landmarkid, landmarkname, pinyin, ltype, lat, lng, citycode, discode) values (18012,'株洲县妇幼保健院','zhuzhouxianfuyoubaojianyuan',6,27.697136,113.142923,'430200','');
        insert into s_landmark (landmarkid, landmarkname, pinyin, ltype, lat, lng, citycode, discode) values (18009,'湖南株洲县中医院','hunanzhuzhouxianzhongyiyuan',6,27.706143,113.144654,'430200','');
        insert into s_landmark (landmarkid, landmarkname, pinyin, ltype, lat, lng, citycode, discode) values (6153,'王府井','wangfujing',1,28.192714,112.97587,'430200','');
        insert into s_landmark (landmarkid, landmarkname, pinyin, ltype, lat, lng, citycode, discode) values (25653,'株洲市一医院','zhuzhoushiyiyiyuan',6,27.834693,113.15171,'430200','');
        insert into s_landmark (landmarkid, landmarkname, pinyin, ltype, lat, lng, citycode, discode) values (25655,'中医伤科医院','zhongyishangkeyiyuan',6,27.821992,113.127847,'430200','');
        insert into s_landmark (landmarkid, landmarkname, pinyin, ltype, lat, lng, citycode, discode) values (6154,'平和堂','pinghetang',1,28.194666,112.976867,'430200','');
        insert into s_landmark (landmarkid, landmarkname, pinyin, ltype, lat, lng, citycode, discode) values (6157,'华润万家','huarunwanjia',1,28.168223,113.029436,'430200','');
        insert into s_landmark (landmarkid, landmarkname, pinyin, ltype, lat, lng, citycode, discode) values (6159,'天虹百货','tianhongbaihuo',1,28.135203,112.987014,'430200','');
        insert into s_landmark (landmarkid, landmarkname, pinyin, ltype, lat, lng, citycode, discode) values (25651,'株洲市中医院','zhuzhoushizhongyiyuan',6,27.848069,113.145793,'430200','');
        insert into s_landmark (landmarkid, landmarkname, pinyin, ltype, lat, lng, citycode, discode) values (303,'株洲站','zhuzhouzhan',2,27.835395,113.1562,'430200','');
        insert into s_landmark (landmarkid, landmarkname, pinyin, ltype, lat, lng, citycode, discode) values (6158,'神农城','shennongcheng',1,27.820072,113.121313,'430200','');
        /****************************** 输出景点SQL脚本: 结束 ***********************************/
