/** citycode 310000: 上海城市 */
delete from s_subway where citycode = '310000';
delete from s_subway_stations where citycode = '310000';
        /******************************************************************************************/
        insert into s_subway (lineid, linename, citycode) values (21,'1号线','310000');
        insert into s_subway_stations (lineid, stationid, stationname, lat, lng, pinyin, citycode) values (21,218,'莘庄',31.11109,121.385346,'xinzhuang','310000');
        insert into s_subway_stations (lineid, stationid, stationname, lat, lng, pinyin, citycode) values (21,233,'上海火车站',31.247431,121.455833,'shanghaihuochezhan','310000');
        insert into s_subway_stations (lineid, stationid, stationname, lat, lng, pinyin, citycode) values (21,234,'中山北路',31.25876,121.45922,'zhongshanbeilu','310000');
        insert into s_subway_stations (lineid, stationid, stationname, lat, lng, pinyin, citycode) values (21,235,'延长路',31.2714,121.455517,'yanzhanglu','310000');
        insert into s_subway_stations (lineid, stationid, stationname, lat, lng, pinyin, citycode) values (21,236,'上海马戏城',31.279934,121.452017,'shanghaimaxicheng','310000');
        insert into s_subway_stations (lineid, stationid, stationname, lat, lng, pinyin, citycode) values (21,237,'汶水路',31.292593,121.45024,'wenshuilu','310000');
        insert into s_subway_stations (lineid, stationid, stationname, lat, lng, pinyin, citycode) values (21,238,'彭浦新村',31.306752,121.44864,'pengpuxincun','310000');
        insert into s_subway_stations (lineid, stationid, stationname, lat, lng, pinyin, citycode) values (21,239,'共康路',31.318791,121.447169,'gongkanglu','310000');
        insert into s_subway_stations (lineid, stationid, stationname, lat, lng, pinyin, citycode) values (21,240,'通河新村',31.331259,121.441479,'tonghexincun','310000');
        insert into s_subway_stations (lineid, stationid, stationname, lat, lng, pinyin, citycode) values (21,241,'呼兰路',31.339967,121.437671,'hulanlu','310000');
        insert into s_subway_stations (lineid, stationid, stationname, lat, lng, pinyin, citycode) values (21,242,'共富新村',31.355414,121.43409,'gongfuxincun','310000');
        insert into s_subway_stations (lineid, stationid, stationname, lat, lng, pinyin, citycode) values (21,243,'宝安公路',31.369575,121.431045,'baoangonglu','310000');
        insert into s_subway_stations (lineid, stationid, stationname, lat, lng, pinyin, citycode) values (21,244,'友谊西路',31.380984,121.428045,'youyixilu','310000');
        insert into s_subway_stations (lineid, stationid, stationname, lat, lng, pinyin, citycode) values (21,232,'汉中路',31.241746,121.458592,'hanzhonglu','310000');
        insert into s_subway_stations (lineid, stationid, stationname, lat, lng, pinyin, citycode) values (21,231,'新闸路',31.238456,121.467936,'xinzhalu','310000');
        insert into s_subway_stations (lineid, stationid, stationname, lat, lng, pinyin, citycode) values (21,219,'外环路',31.121008,121.393101,'waihuanlu','310000');
        insert into s_subway_stations (lineid, stationid, stationname, lat, lng, pinyin, citycode) values (21,220,'莲花路',31.131071,121.402673,'lianhualu','310000');
        insert into s_subway_stations (lineid, stationid, stationname, lat, lng, pinyin, citycode) values (21,221,'锦江乐园',31.142088,121.413824,'jinjiangleyuan','310000');
        insert into s_subway_stations (lineid, stationid, stationname, lat, lng, pinyin, citycode) values (21,222,'上海南站',31.154697,121.430246,'shanghainanzhan','310000');
        insert into s_subway_stations (lineid, stationid, stationname, lat, lng, pinyin, citycode) values (21,223,'漕宝路',31.168237,121.434977,'caobaolu','310000');
        insert into s_subway_stations (lineid, stationid, stationname, lat, lng, pinyin, citycode) values (21,224,'上海体育馆',31.181869,121.436249,'shanghaitiyuguan','310000');
        insert into s_subway_stations (lineid, stationid, stationname, lat, lng, pinyin, citycode) values (21,225,'徐家汇',31.192035,121.438236,'xujiahui','310000');
        insert into s_subway_stations (lineid, stationid, stationname, lat, lng, pinyin, citycode) values (21,226,'衡山路',31.204715,121.446551,'hengshanlu','310000');
        insert into s_subway_stations (lineid, stationid, stationname, lat, lng, pinyin, citycode) values (21,227,'常熟路',31.213353,121.449283,'changshulu','310000');
        insert into s_subway_stations (lineid, stationid, stationname, lat, lng, pinyin, citycode) values (21,228,'陕西南路',31.217196,121.45996,'shanxinanlu','310000');
        insert into s_subway_stations (lineid, stationid, stationname, lat, lng, pinyin, citycode) values (21,229,'黄陂南路',31.222729,121.473292,'huangponanlu','310000');
        insert into s_subway_stations (lineid, stationid, stationname, lat, lng, pinyin, citycode) values (21,230,'人民广场',31.232844,121.47537,'renminguangchang','310000');
        insert into s_subway_stations (lineid, stationid, stationname, lat, lng, pinyin, citycode) values (21,245,'富锦路',31.392403,121.42472,'fujinlu','310000');
        /******************************************************************************************/
        insert into s_subway (lineid, linename, citycode) values (22,'2号线','310000');
        insert into s_subway_stations (lineid, stationid, stationname, lat, lng, pinyin, citycode) values (22,246,'徐泾东',31.188378,121.299553,'xujingdong','310000');
        insert into s_subway_stations (lineid, stationid, stationname, lat, lng, pinyin, citycode) values (22,258,'南京东路',31.237093,121.48382,'nanjingdonglu','310000');
        insert into s_subway_stations (lineid, stationid, stationname, lat, lng, pinyin, citycode) values (22,259,'陆家嘴',31.237796,121.502232,'lujiazui','310000');
        insert into s_subway_stations (lineid, stationid, stationname, lat, lng, pinyin, citycode) values (22,260,'东昌路',31.233253,121.515119,'dongchanglu','310000');
        insert into s_subway_stations (lineid, stationid, stationname, lat, lng, pinyin, citycode) values (22,261,'世纪大道',31.228998,121.526814,'shijidadao','310000');
        insert into s_subway_stations (lineid, stationid, stationname, lat, lng, pinyin, citycode) values (22,262,'上海科技馆',31.21803,121.545374,'shanghaikejiguan','310000');
        insert into s_subway_stations (lineid, stationid, stationname, lat, lng, pinyin, citycode) values (22,263,'世纪公园',31.209547,121.550867,'shijigongyuan','310000');
        insert into s_subway_stations (lineid, stationid, stationname, lat, lng, pinyin, citycode) values (22,264,'龙阳路',31.202883,121.557716,'longyanglu','310000');
        insert into s_subway_stations (lineid, stationid, stationname, lat, lng, pinyin, citycode) values (22,265,'张江高科',31.201906,121.587748,'zhangjianggaoke','310000');
        insert into s_subway_stations (lineid, stationid, stationname, lat, lng, pinyin, citycode) values (22,266,'金科路',31.20435,121.601987,'jinkelu','310000');
        insert into s_subway_stations (lineid, stationid, stationname, lat, lng, pinyin, citycode) values (22,257,'人民广场',31.232844,121.47537,'renminguangchang','310000');
        insert into s_subway_stations (lineid, stationid, stationname, lat, lng, pinyin, citycode) values (22,256,'南京西路',31.229724,121.459716,'nanjingxilu','310000');
        insert into s_subway_stations (lineid, stationid, stationname, lat, lng, pinyin, citycode) values (22,247,'虹桥火车站',31.192681,121.321523,'hongqiaohuochezhan','310000');
        insert into s_subway_stations (lineid, stationid, stationname, lat, lng, pinyin, citycode) values (22,248,'虹桥2号航站楼',31.19293,121.326484,'hongqiao2haohangzhanlou','310000');
        insert into s_subway_stations (lineid, stationid, stationname, lat, lng, pinyin, citycode) values (22,249,'淞虹路',31.218255,121.359278,'songhonglu','310000');
        insert into s_subway_stations (lineid, stationid, stationname, lat, lng, pinyin, citycode) values (22,250,'北新泾',31.216787,121.373543,'beixinjing','310000');
        insert into s_subway_stations (lineid, stationid, stationname, lat, lng, pinyin, citycode) values (22,251,'威宁路',31.215027,121.386289,'weininglu','310000');
        insert into s_subway_stations (lineid, stationid, stationname, lat, lng, pinyin, citycode) values (22,252,'娄山关路',31.211003,121.403894,'loushanguanlu','310000');
        insert into s_subway_stations (lineid, stationid, stationname, lat, lng, pinyin, citycode) values (22,253,'中山公园',31.218609,121.418832,'zhongshangongyuan','310000');
        insert into s_subway_stations (lineid, stationid, stationname, lat, lng, pinyin, citycode) values (22,254,'江苏路',31.21987,121.432569,'jiangsulu','310000');
        insert into s_subway_stations (lineid, stationid, stationname, lat, lng, pinyin, citycode) values (22,255,'静安寺',31.223216,121.446437,'jingansi','310000');
        insert into s_subway_stations (lineid, stationid, stationname, lat, lng, pinyin, citycode) values (22,267,'广兰路',31.21105,121.621096,'guanglanlu','310000');
        /******************************************************************************************/
        insert into s_subway (lineid, linename, citycode) values (23,'2号线东延','310000');
        insert into s_subway_stations (lineid, stationid, stationname, lat, lng, pinyin, citycode) values (23,268,'广兰路',31.210781,121.619971,'guanglanlu','310000');
        insert into s_subway_stations (lineid, stationid, stationname, lat, lng, pinyin, citycode) values (23,269,'唐镇',31.213292,121.655241,'tangzhen','310000');
        insert into s_subway_stations (lineid, stationid, stationname, lat, lng, pinyin, citycode) values (23,270,'创新中路',31.213275,121.674606,'chuangxinzhonglu','310000');
        insert into s_subway_stations (lineid, stationid, stationname, lat, lng, pinyin, citycode) values (23,271,'华夏东路',31.19678,121.68088,'huaxiadonglu','310000');
        insert into s_subway_stations (lineid, stationid, stationname, lat, lng, pinyin, citycode) values (23,272,'川沙',31.186555,121.698223,'chuansha','310000');
        insert into s_subway_stations (lineid, stationid, stationname, lat, lng, pinyin, citycode) values (23,273,'凌空路',31.192471,121.723031,'lingkonglu','310000');
        insert into s_subway_stations (lineid, stationid, stationname, lat, lng, pinyin, citycode) values (23,274,'远东大道',31.199373,121.755391,'yuandongdadao','310000');
        insert into s_subway_stations (lineid, stationid, stationname, lat, lng, pinyin, citycode) values (23,275,'海天三路',31.168323,121.79698,'haitiansanlu','310000');
        insert into s_subway_stations (lineid, stationid, stationname, lat, lng, pinyin, citycode) values (23,276,'浦东国际机场',31.150428,121.805864,'pudongguojijichang','310000');
        /******************************************************************************************/
        insert into s_subway (lineid, linename, citycode) values (24,'3号线','310000');
        insert into s_subway_stations (lineid, stationid, stationname, lat, lng, pinyin, citycode) values (24,277,'上海南站',31.153596,121.431404,'shanghainanzhan','310000');
        insert into s_subway_stations (lineid, stationid, stationname, lat, lng, pinyin, citycode) values (24,292,'虹口足球场',31.270599,121.479414,'hongkouzuqiuchang','310000');
        insert into s_subway_stations (lineid, stationid, stationname, lat, lng, pinyin, citycode) values (24,293,'赤峰路',31.281251,121.48249,'chifenglu','310000');
        insert into s_subway_stations (lineid, stationid, stationname, lat, lng, pinyin, citycode) values (24,294,'大柏树',31.28958,121.483253,'daboshu','310000');
        insert into s_subway_stations (lineid, stationid, stationname, lat, lng, pinyin, citycode) values (24,295,'江湾镇',31.305516,121.485078,'jiangwanzhen','310000');
        insert into s_subway_stations (lineid, stationid, stationname, lat, lng, pinyin, citycode) values (24,296,'殷高西路',31.320025,121.484891,'yingaoxilu','310000');
        insert into s_subway_stations (lineid, stationid, stationname, lat, lng, pinyin, citycode) values (24,297,'长江南路',31.331793,121.491422,'changjiangnanlu','310000');
        insert into s_subway_stations (lineid, stationid, stationname, lat, lng, pinyin, citycode) values (24,298,'淞发路',31.345127,121.500464,'songfalu','310000');
        insert into s_subway_stations (lineid, stationid, stationname, lat, lng, pinyin, citycode) values (24,299,'张华浜',31.358022,121.498709,'zhanghuabang','310000');
        insert into s_subway_stations (lineid, stationid, stationname, lat, lng, pinyin, citycode) values (24,300,'淞滨路',31.371082,121.492828,'songbinlu','310000');
        insert into s_subway_stations (lineid, stationid, stationname, lat, lng, pinyin, citycode) values (24,301,'水产路',31.381297,121.488224,'shuichanlu','310000');
        insert into s_subway_stations (lineid, stationid, stationname, lat, lng, pinyin, citycode) values (24,302,'宝杨路',31.39536,121.479636,'baoyanglu','310000');
        insert into s_subway_stations (lineid, stationid, stationname, lat, lng, pinyin, citycode) values (24,303,'友谊路',31.403811,121.476193,'youyilu','310000');
        insert into s_subway_stations (lineid, stationid, stationname, lat, lng, pinyin, citycode) values (24,291,'东宝兴路',31.260128,121.480158,'dongbaoxinglu','310000');
        insert into s_subway_stations (lineid, stationid, stationname, lat, lng, pinyin, citycode) values (24,290,'宝山路',31.251434,121.476528,'baoshanlu','310000');
        insert into s_subway_stations (lineid, stationid, stationname, lat, lng, pinyin, citycode) values (24,278,'石龙路',31.157925,121.443197,'shilonglu','310000');
        insert into s_subway_stations (lineid, stationid, stationname, lat, lng, pinyin, citycode) values (24,279,'龙漕路',31.169461,121.444389,'longcaolu','310000');
        insert into s_subway_stations (lineid, stationid, stationname, lat, lng, pinyin, citycode) values (24,280,'漕溪路',31.17686,121.438303,'caoxilu','310000');
        insert into s_subway_stations (lineid, stationid, stationname, lat, lng, pinyin, citycode) values (24,281,'宜山路',31.186685,121.427206,'yishanlu','310000');
        insert into s_subway_stations (lineid, stationid, stationname, lat, lng, pinyin, citycode) values (24,282,'虹桥路',31.197448,121.420773,'hongqiaolu','310000');
        insert into s_subway_stations (lineid, stationid, stationname, lat, lng, pinyin, citycode) values (24,283,'延安西路',31.209588,121.417066,'yananxilu','310000');
        insert into s_subway_stations (lineid, stationid, stationname, lat, lng, pinyin, citycode) values (24,284,'中山公园',31.218173,121.415695,'zhongshangongyuan','310000');
        insert into s_subway_stations (lineid, stationid, stationname, lat, lng, pinyin, citycode) values (24,285,'金沙江路',31.232135,121.413217,'jinshajianglu','310000');
        insert into s_subway_stations (lineid, stationid, stationname, lat, lng, pinyin, citycode) values (24,286,'曹杨路',31.239608,121.418478,'caoyanglu','310000');
        insert into s_subway_stations (lineid, stationid, stationname, lat, lng, pinyin, citycode) values (24,287,'镇坪路',31.246443,121.430053,'zhenpinglu','310000');
        insert into s_subway_stations (lineid, stationid, stationname, lat, lng, pinyin, citycode) values (24,288,'中潭路',31.254358,121.441605,'zhongtanlu','310000');
        insert into s_subway_stations (lineid, stationid, stationname, lat, lng, pinyin, citycode) values (24,289,'上海火车站',31.24969,121.458216,'shanghaihuochezhan','310000');
        insert into s_subway_stations (lineid, stationid, stationname, lat, lng, pinyin, citycode) values (24,304,'江杨北路',31.407856,121.439823,'jiangyangbeilu','310000');
        insert into s_subway_stations (lineid, stationid, stationname, lat, lng, pinyin, citycode) values (24,1497,'铁力路',31.408164,121.461219,'tielilu','310000');
        /******************************************************************************************/
        insert into s_subway (lineid, linename, citycode) values (25,'4号线','310000');
        insert into s_subway_stations (lineid, stationid, stationname, lat, lng, pinyin, citycode) values (25,305,'宜山路',31.187082,121.427238,'yishanlu','310000');
        insert into s_subway_stations (lineid, stationid, stationname, lat, lng, pinyin, citycode) values (25,330,'上海体育馆',31.182813,121.437423,'shanghaitiyuguan','310000');
        insert into s_subway_stations (lineid, stationid, stationname, lat, lng, pinyin, citycode) values (25,329,'上海体育场',31.185605,121.443529,'shanghaitiyuchang','310000');
        insert into s_subway_stations (lineid, stationid, stationname, lat, lng, pinyin, citycode) values (25,328,'东安路',31.190819,121.454897,'donganlu','310000');
        insert into s_subway_stations (lineid, stationid, stationname, lat, lng, pinyin, citycode) values (25,327,'大木桥路',31.194057,121.463278,'damuqiaolu','310000');
        insert into s_subway_stations (lineid, stationid, stationname, lat, lng, pinyin, citycode) values (25,326,'鲁班路',31.199221,121.475148,'lubanlu','310000');
        insert into s_subway_stations (lineid, stationid, stationname, lat, lng, pinyin, citycode) values (25,325,'西藏南路',31.201967,121.489555,'xizangnanlu','310000');
        insert into s_subway_stations (lineid, stationid, stationname, lat, lng, pinyin, citycode) values (25,324,'南浦大桥',31.208504,121.499725,'nanpudaqiao','310000');
        insert into s_subway_stations (lineid, stationid, stationname, lat, lng, pinyin, citycode) values (25,323,'塘桥',31.209762,121.51869,'tangqiao','310000');
        insert into s_subway_stations (lineid, stationid, stationname, lat, lng, pinyin, citycode) values (25,322,'蓝村路',31.211563,121.5279,'lancunlu','310000');
        insert into s_subway_stations (lineid, stationid, stationname, lat, lng, pinyin, citycode) values (25,3758,'浦电路(4号线)',31.222285,121.53208,'pudianlu4haoxian','310000');
        insert into s_subway_stations (lineid, stationid, stationname, lat, lng, pinyin, citycode) values (25,320,'世纪大道',31.228764,121.527221,'shijidadao','310000');
        insert into s_subway_stations (lineid, stationid, stationname, lat, lng, pinyin, citycode) values (25,319,'浦东大道',31.239974,121.519385,'pudongdadao','310000');
        insert into s_subway_stations (lineid, stationid, stationname, lat, lng, pinyin, citycode) values (25,318,'杨树浦路',31.251935,121.51721,'yangshupulu','310000');
        insert into s_subway_stations (lineid, stationid, stationname, lat, lng, pinyin, citycode) values (25,317,'大连路',31.257938,121.513088,'dalianlu','310000');
        insert into s_subway_stations (lineid, stationid, stationname, lat, lng, pinyin, citycode) values (25,316,'临平路',31.260874,121.500696,'linpinglu','310000');
        insert into s_subway_stations (lineid, stationid, stationname, lat, lng, pinyin, citycode) values (25,315,'海伦路',31.259009,121.489637,'hailunlu','310000');
        insert into s_subway_stations (lineid, stationid, stationname, lat, lng, pinyin, citycode) values (25,314,'宝山路',31.251523,121.476298,'baoshanlu','310000');
        insert into s_subway_stations (lineid, stationid, stationname, lat, lng, pinyin, citycode) values (25,313,'上海火车站',31.24969,121.458216,'shanghaihuochezhan','310000');
        insert into s_subway_stations (lineid, stationid, stationname, lat, lng, pinyin, citycode) values (25,312,'中潭路',31.254568,121.441001,'zhongtanlu','310000');
        insert into s_subway_stations (lineid, stationid, stationname, lat, lng, pinyin, citycode) values (25,311,'镇坪路',31.246369,121.429779,'zhenpinglu','310000');
        insert into s_subway_stations (lineid, stationid, stationname, lat, lng, pinyin, citycode) values (25,310,'曹杨路',31.239302,121.417701,'caoyanglu','310000');
        insert into s_subway_stations (lineid, stationid, stationname, lat, lng, pinyin, citycode) values (25,309,'金沙江路',31.232307,121.413257,'jinshajianglu','310000');
        insert into s_subway_stations (lineid, stationid, stationname, lat, lng, pinyin, citycode) values (25,308,'中山公园',31.218014,121.415741,'zhongshangongyuan','310000');
        insert into s_subway_stations (lineid, stationid, stationname, lat, lng, pinyin, citycode) values (25,307,'延安西路',31.209616,121.417062,'yananxilu','310000');
        insert into s_subway_stations (lineid, stationid, stationname, lat, lng, pinyin, citycode) values (25,306,'虹桥路',31.197524,121.420814,'hongqiaolu','310000');
        /******************************************************************************************/
        insert into s_subway (lineid, linename, citycode) values (26,'5号线','310000');
        insert into s_subway_stations (lineid, stationid, stationname, lat, lng, pinyin, citycode) values (26,331,'闵行开发区',31.000554,121.369804,'minxingkaifaqu','310000');
        insert into s_subway_stations (lineid, stationid, stationname, lat, lng, pinyin, citycode) values (26,340,'春申路',31.098331,121.385578,'chunshenlu','310000');
        insert into s_subway_stations (lineid, stationid, stationname, lat, lng, pinyin, citycode) values (26,339,'银都路',31.089581,121.390469,'yindoulu','310000');
        insert into s_subway_stations (lineid, stationid, stationname, lat, lng, pinyin, citycode) values (26,338,'颛桥',31.066755,121.401932,'zhuanqiao','310000');
        insert into s_subway_stations (lineid, stationid, stationname, lat, lng, pinyin, citycode) values (26,337,'北桥',31.044865,121.41011,'beiqiao','310000');
        insert into s_subway_stations (lineid, stationid, stationname, lat, lng, pinyin, citycode) values (26,336,'剑川路',31.026226,121.416514,'jianchuanlu','310000');
        insert into s_subway_stations (lineid, stationid, stationname, lat, lng, pinyin, citycode) values (26,335,'东川路',31.018078,121.419859,'dongchuanlu','310000');
        insert into s_subway_stations (lineid, stationid, stationname, lat, lng, pinyin, citycode) values (26,334,'金平路',31.011138,121.410198,'jinpinglu','310000');
        insert into s_subway_stations (lineid, stationid, stationname, lat, lng, pinyin, citycode) values (26,333,'华宁路',31.00738,121.395081,'huaninglu','310000');
        insert into s_subway_stations (lineid, stationid, stationname, lat, lng, pinyin, citycode) values (26,332,'文井路',31.003491,121.380601,'wenjinglu','310000');
        insert into s_subway_stations (lineid, stationid, stationname, lat, lng, pinyin, citycode) values (26,341,'莘庄',31.11109,121.385346,'xinzhuang','310000');
        /******************************************************************************************/
        insert into s_subway (lineid, linename, citycode) values (27,'6号线','310000');
        insert into s_subway_stations (lineid, stationid, stationname, lat, lng, pinyin, citycode) values (27,369,'港城路',31.353005,121.574752,'gangchenglu','310000');
        insert into s_subway_stations (lineid, stationid, stationname, lat, lng, pinyin, citycode) values (27,368,'外高桥保税区北',31.347802,121.586926,'waigaoqiaobaoshuiqubei','310000');
        insert into s_subway_stations (lineid, stationid, stationname, lat, lng, pinyin, citycode) values (27,367,'航津路',31.335371,121.593974,'hangjinlu','310000');
        insert into s_subway_stations (lineid, stationid, stationname, lat, lng, pinyin, citycode) values (27,366,'外高桥保税区南',31.321578,121.601963,'waigaoqiaobaoshuiqunan','310000');
        insert into s_subway_stations (lineid, stationid, stationname, lat, lng, pinyin, citycode) values (27,365,'洲海路',31.312229,121.589396,'zhouhailu','310000');
        insert into s_subway_stations (lineid, stationid, stationname, lat, lng, pinyin, citycode) values (27,364,'五洲大道',31.302569,121.589212,'wuzhoudadao','310000');
        insert into s_subway_stations (lineid, stationid, stationname, lat, lng, pinyin, citycode) values (27,363,'东靖路',31.290684,121.588736,'dongjinglu','310000');
        insert into s_subway_stations (lineid, stationid, stationname, lat, lng, pinyin, citycode) values (27,362,'巨峰路',31.280684,121.588365,'jufenglu','310000');
        insert into s_subway_stations (lineid, stationid, stationname, lat, lng, pinyin, citycode) values (27,361,'五莲路',31.272025,121.587866,'wulianlu','310000');
        insert into s_subway_stations (lineid, stationid, stationname, lat, lng, pinyin, citycode) values (27,360,'博兴路',31.26352,121.586689,'boxinglu','310000');
        insert into s_subway_stations (lineid, stationid, stationname, lat, lng, pinyin, citycode) values (27,359,'金桥路',31.257084,121.581817,'jinqiaolu','310000');
        insert into s_subway_stations (lineid, stationid, stationname, lat, lng, pinyin, citycode) values (27,358,'云山路',31.250413,121.572775,'yunshanlu','310000');
        insert into s_subway_stations (lineid, stationid, stationname, lat, lng, pinyin, citycode) values (27,357,'德平路',31.2454,121.564237,'depinglu','310000');
        insert into s_subway_stations (lineid, stationid, stationname, lat, lng, pinyin, citycode) values (27,1498,'北洋泾路',31.239145,121.552314,'beiyangjinglu','310000');
        insert into s_subway_stations (lineid, stationid, stationname, lat, lng, pinyin, citycode) values (27,355,'民生路',31.235851,121.543527,'minshenglu','310000');
        insert into s_subway_stations (lineid, stationid, stationname, lat, lng, pinyin, citycode) values (27,354,'源深体育中心',31.233004,121.534642,'yuanshentiyuzhongxin','310000');
        insert into s_subway_stations (lineid, stationid, stationname, lat, lng, pinyin, citycode) values (27,353,'世纪大道',31.228764,121.527221,'shijidadao','310000');
        insert into s_subway_stations (lineid, stationid, stationname, lat, lng, pinyin, citycode) values (27,351,'蓝村路',31.211672,121.527627,'lancunlu','310000');
        insert into s_subway_stations (lineid, stationid, stationname, lat, lng, pinyin, citycode) values (27,350,'上海儿童医学中心',31.203277,121.523482,'shanghaiertongyixuezhongxin','310000');
        insert into s_subway_stations (lineid, stationid, stationname, lat, lng, pinyin, citycode) values (27,349,'临沂新村',31.193202,121.516695,'linyixincun','310000');
        insert into s_subway_stations (lineid, stationid, stationname, lat, lng, pinyin, citycode) values (27,348,'高科西路',31.185761,121.509845,'gaokexilu','310000');
        insert into s_subway_stations (lineid, stationid, stationname, lat, lng, pinyin, citycode) values (27,347,'东明路',31.172646,121.510868,'dongminglu','310000');
        insert into s_subway_stations (lineid, stationid, stationname, lat, lng, pinyin, citycode) values (27,346,'高青路',31.159907,121.515787,'gaoqinglu','310000');
        insert into s_subway_stations (lineid, stationid, stationname, lat, lng, pinyin, citycode) values (27,345,'华夏西路',31.149878,121.514539,'huaxiaxilu','310000');
        insert into s_subway_stations (lineid, stationid, stationname, lat, lng, pinyin, citycode) values (27,344,'上南路',31.14909,121.506225,'shangnanlu','310000');
        insert into s_subway_stations (lineid, stationid, stationname, lat, lng, pinyin, citycode) values (27,343,'灵岩南路',31.148665,121.495295,'lingyannanlu','310000');
        insert into s_subway_stations (lineid, stationid, stationname, lat, lng, pinyin, citycode) values (27,342,'东方体育中心',31.153366,121.480304,'dongfangtiyuzhongxin','310000');
        insert into s_subway_stations (lineid, stationid, stationname, lat, lng, pinyin, citycode) values (27,3759,'浦电路(6号线)',31.220104,121.529122,'pudianlu6haoxian','310000');
        /******************************************************************************************/
        insert into s_subway (lineid, linename, citycode) values (28,'7号线','310000');
        insert into s_subway_stations (lineid, stationid, stationname, lat, lng, pinyin, citycode) values (28,370,'美兰湖',31.401721,121.350122,'meilanhu','310000');
        insert into s_subway_stations (lineid, stationid, stationname, lat, lng, pinyin, citycode) values (28,387,'静安寺',31.223216,121.446437,'jingansi','310000');
        insert into s_subway_stations (lineid, stationid, stationname, lat, lng, pinyin, citycode) values (28,388,'常熟路',31.213403,121.451075,'changshulu','310000');
        insert into s_subway_stations (lineid, stationid, stationname, lat, lng, pinyin, citycode) values (28,389,'肇嘉浜路',31.199524,121.450437,'zhaojiabanglu','310000');
        insert into s_subway_stations (lineid, stationid, stationname, lat, lng, pinyin, citycode) values (28,390,'东安路',31.19075,121.455086,'donganlu','310000');
        insert into s_subway_stations (lineid, stationid, stationname, lat, lng, pinyin, citycode) values (28,391,'龙华中路',31.184966,121.457138,'longhuazhonglu','310000');
        insert into s_subway_stations (lineid, stationid, stationname, lat, lng, pinyin, citycode) values (28,392,'后滩',31.171883,121.473936,'houtan','310000');
        insert into s_subway_stations (lineid, stationid, stationname, lat, lng, pinyin, citycode) values (28,393,'长清路',31.174846,121.486483,'changqinglu','310000');
        insert into s_subway_stations (lineid, stationid, stationname, lat, lng, pinyin, citycode) values (28,394,'耀华路',31.178527,121.494685,'yaohualu','310000');
        insert into s_subway_stations (lineid, stationid, stationname, lat, lng, pinyin, citycode) values (28,395,'云台路',31.182362,121.500435,'yuntailu','310000');
        insert into s_subway_stations (lineid, stationid, stationname, lat, lng, pinyin, citycode) values (28,396,'高科西路',31.185878,121.509693,'gaokexilu','310000');
        insert into s_subway_stations (lineid, stationid, stationname, lat, lng, pinyin, citycode) values (28,397,'杨高南路',31.187573,121.525106,'yanggaonanlu','310000');
        insert into s_subway_stations (lineid, stationid, stationname, lat, lng, pinyin, citycode) values (28,398,'锦绣路',31.187594,121.540185,'jinxiulu','310000');
        insert into s_subway_stations (lineid, stationid, stationname, lat, lng, pinyin, citycode) values (28,399,'芳华路',31.193009,121.550032,'fanghualu','310000');
        insert into s_subway_stations (lineid, stationid, stationname, lat, lng, pinyin, citycode) values (28,400,'龙阳路',31.203669,121.557686,'longyanglu','310000');
        insert into s_subway_stations (lineid, stationid, stationname, lat, lng, pinyin, citycode) values (28,386,'昌平路',31.233884,121.442527,'changpinglu','310000');
        insert into s_subway_stations (lineid, stationid, stationname, lat, lng, pinyin, citycode) values (28,385,'长寿路',31.239932,121.438239,'changshoulu','310000');
        insert into s_subway_stations (lineid, stationid, stationname, lat, lng, pinyin, citycode) values (28,371,'罗南新村',31.388574,121.357452,'luonanxincun','310000');
        insert into s_subway_stations (lineid, stationid, stationname, lat, lng, pinyin, citycode) values (28,372,'潘广路',31.364305,121.356895,'panguanglu','310000');
        insert into s_subway_stations (lineid, stationid, stationname, lat, lng, pinyin, citycode) values (28,373,'刘行',31.35739,121.363544,'liuxing','310000');
        insert into s_subway_stations (lineid, stationid, stationname, lat, lng, pinyin, citycode) values (28,374,'顾村公园',31.344809,121.372763,'gucungongyuan','310000');
        insert into s_subway_stations (lineid, stationid, stationname, lat, lng, pinyin, citycode) values (28,375,'上海大学',31.320783,121.388781,'shanghaidaxue','310000');
        insert into s_subway_stations (lineid, stationid, stationname, lat, lng, pinyin, citycode) values (28,376,'南陈路',31.321393,121.397122,'nanchenlu','310000');
        insert into s_subway_stations (lineid, stationid, stationname, lat, lng, pinyin, citycode) values (28,377,'上大路',31.314963,121.408601,'shangdalu','310000');
        insert into s_subway_stations (lineid, stationid, stationname, lat, lng, pinyin, citycode) values (28,378,'场中路',31.30397,121.413748,'changzhonglu','310000');
        insert into s_subway_stations (lineid, stationid, stationname, lat, lng, pinyin, citycode) values (28,379,'大场镇',31.29332,121.416548,'dachangzhen','310000');
        insert into s_subway_stations (lineid, stationid, stationname, lat, lng, pinyin, citycode) values (28,380,'行知路',31.284942,121.421493,'xingzhilu','310000');
        insert into s_subway_stations (lineid, stationid, stationname, lat, lng, pinyin, citycode) values (28,381,'大华三路',31.27387,121.423046,'dahuasanlu','310000');
        insert into s_subway_stations (lineid, stationid, stationname, lat, lng, pinyin, citycode) values (28,382,'新村路',31.263962,121.422924,'xincunlu','310000');
        insert into s_subway_stations (lineid, stationid, stationname, lat, lng, pinyin, citycode) values (28,383,'岚皋路',31.256222,121.421793,'langaolu','310000');
        insert into s_subway_stations (lineid, stationid, stationname, lat, lng, pinyin, citycode) values (28,384,'镇坪路',31.246443,121.430053,'zhenpinglu','310000');
        insert into s_subway_stations (lineid, stationid, stationname, lat, lng, pinyin, citycode) values (28,401,'花木路',31.211212,121.562754,'huamulu','310000');
        insert into s_subway_stations (lineid, stationid, stationname, lat, lng, pinyin, citycode) values (28,1499,'祁华路',31.322315,121.373569,'qihualu','310000');
        /******************************************************************************************/
        insert into s_subway (lineid, linename, citycode) values (29,'8号线','310000');
        insert into s_subway_stations (lineid, stationid, stationname, lat, lng, pinyin, citycode) values (29,402,'沈杜公路',31.06155,121.512094,'shendugonglu','310000');
        insert into s_subway_stations (lineid, stationid, stationname, lat, lng, pinyin, citycode) values (29,418,'曲阜路',31.242278,121.471512,'qufulu','310000');
        insert into s_subway_stations (lineid, stationid, stationname, lat, lng, pinyin, citycode) values (29,419,'中兴路',31.253172,121.468893,'zhongxinglu','310000');
        insert into s_subway_stations (lineid, stationid, stationname, lat, lng, pinyin, citycode) values (29,420,'西藏北路',31.263523,121.468783,'xizangbeilu','310000');
        insert into s_subway_stations (lineid, stationid, stationname, lat, lng, pinyin, citycode) values (29,421,'虹口足球场',31.26989,121.479274,'hongkouzuqiuchang','310000');
        insert into s_subway_stations (lineid, stationid, stationname, lat, lng, pinyin, citycode) values (29,422,'曲阳路',31.27652,121.49071,'quyanglu','310000');
        insert into s_subway_stations (lineid, stationid, stationname, lat, lng, pinyin, citycode) values (29,423,'四平路',31.274981,121.501517,'sipinglu','310000');
        insert into s_subway_stations (lineid, stationid, stationname, lat, lng, pinyin, citycode) values (29,424,'鞍山新村',31.273248,121.50973,'anshanxincun','310000');
        insert into s_subway_stations (lineid, stationid, stationname, lat, lng, pinyin, citycode) values (29,425,'江浦路',31.274887,121.517998,'jiangpulu','310000');
        insert into s_subway_stations (lineid, stationid, stationname, lat, lng, pinyin, citycode) values (29,426,'黄兴路',31.278659,121.528032,'huangxinglu','310000');
        insert into s_subway_stations (lineid, stationid, stationname, lat, lng, pinyin, citycode) values (29,427,'延吉中路',31.288592,121.53494,'yanjizhonglu','310000');
        insert into s_subway_stations (lineid, stationid, stationname, lat, lng, pinyin, citycode) values (29,428,'黄兴公园',31.295831,121.533141,'huangxinggongyuan','310000');
        insert into s_subway_stations (lineid, stationid, stationname, lat, lng, pinyin, citycode) values (29,429,'翔殷路',31.30513,121.531976,'xiangyinlu','310000');
        insert into s_subway_stations (lineid, stationid, stationname, lat, lng, pinyin, citycode) values (29,430,'嫩江路',31.314789,121.531952,'nenjianglu','310000');
        insert into s_subway_stations (lineid, stationid, stationname, lat, lng, pinyin, citycode) values (29,417,'人民广场',31.232844,121.47537,'renminguangchang','310000');
        insert into s_subway_stations (lineid, stationid, stationname, lat, lng, pinyin, citycode) values (29,416,'大世界',31.227219,121.479268,'dashijie','310000');
        insert into s_subway_stations (lineid, stationid, stationname, lat, lng, pinyin, citycode) values (29,403,'联航路',31.073417,121.51059,'lianhanglu','310000');
        insert into s_subway_stations (lineid, stationid, stationname, lat, lng, pinyin, citycode) values (29,404,'江月路',31.083753,121.508582,'jiangyuelu','310000');
        insert into s_subway_stations (lineid, stationid, stationname, lat, lng, pinyin, citycode) values (29,405,'浦江镇',31.096319,121.50636,'pujiangzhen','310000');
        insert into s_subway_stations (lineid, stationid, stationname, lat, lng, pinyin, citycode) values (29,406,'芦恒路',31.119074,121.497813,'luhenglu','310000');
        insert into s_subway_stations (lineid, stationid, stationname, lat, lng, pinyin, citycode) values (29,407,'凌兆新村',31.141357,121.489643,'lingzhaoxincun','310000');
        insert into s_subway_stations (lineid, stationid, stationname, lat, lng, pinyin, citycode) values (29,408,'东方体育中心',31.15344,121.480353,'dongfangtiyuzhongxin','310000');
        insert into s_subway_stations (lineid, stationid, stationname, lat, lng, pinyin, citycode) values (29,409,'杨思',31.160979,121.493903,'yangsi','310000');
        insert into s_subway_stations (lineid, stationid, stationname, lat, lng, pinyin, citycode) values (29,410,'成山路',31.170688,121.496236,'chengshanlu','310000');
        insert into s_subway_stations (lineid, stationid, stationname, lat, lng, pinyin, citycode) values (29,411,'耀华路',31.178527,121.494685,'yaohualu','310000');
        insert into s_subway_stations (lineid, stationid, stationname, lat, lng, pinyin, citycode) values (29,412,'中华艺术宫',31.185411,121.493625,'zhonghuayishugong','310000');
        insert into s_subway_stations (lineid, stationid, stationname, lat, lng, pinyin, citycode) values (29,413,'西藏南路',31.201708,121.489622,'xizangnanlu','310000');
        insert into s_subway_stations (lineid, stationid, stationname, lat, lng, pinyin, citycode) values (29,414,'陆家浜路',31.211772,121.486108,'lujiabanglu','310000');
        insert into s_subway_stations (lineid, stationid, stationname, lat, lng, pinyin, citycode) values (29,415,'老西门',31.219066,121.483696,'laoximen','310000');
        insert into s_subway_stations (lineid, stationid, stationname, lat, lng, pinyin, citycode) values (29,431,'市光路',31.322757,121.531934,'shiguanglu','310000');
        /******************************************************************************************/
        insert into s_subway (lineid, linename, citycode) values (30,'9号线','310000');
        insert into s_subway_stations (lineid, stationid, stationname, lat, lng, pinyin, citycode) values (30,432,'杨高中路',31.227584,121.548661,'yanggaozhonglu','310000');
        insert into s_subway_stations (lineid, stationid, stationname, lat, lng, pinyin, citycode) values (30,446,'星中路',31.158067,121.368412,'xingzhonglu','310000');
        insert into s_subway_stations (lineid, stationid, stationname, lat, lng, pinyin, citycode) values (30,447,'七宝',31.155034,121.34876,'qibao','310000');
        insert into s_subway_stations (lineid, stationid, stationname, lat, lng, pinyin, citycode) values (30,448,'中春路',31.149638,121.338183,'zhongchunlu','310000');
        insert into s_subway_stations (lineid, stationid, stationname, lat, lng, pinyin, citycode) values (30,449,'九亭',31.137704,121.319576,'jiuting','310000');
        insert into s_subway_stations (lineid, stationid, stationname, lat, lng, pinyin, citycode) values (30,450,'泗泾',31.118499,121.260439,'sijing','310000');
        insert into s_subway_stations (lineid, stationid, stationname, lat, lng, pinyin, citycode) values (30,451,'佘山',31.104247,121.229818,'sheshan','310000');
        insert into s_subway_stations (lineid, stationid, stationname, lat, lng, pinyin, citycode) values (30,452,'洞泾',31.08457,121.230774,'dongjing','310000');
        insert into s_subway_stations (lineid, stationid, stationname, lat, lng, pinyin, citycode) values (30,453,'松江大学城',31.053877,121.232811,'songjiangdaxuecheng','310000');
        insert into s_subway_stations (lineid, stationid, stationname, lat, lng, pinyin, citycode) values (30,454,'松江新城',31.03031,121.230739,'songjiangxincheng','310000');
        insert into s_subway_stations (lineid, stationid, stationname, lat, lng, pinyin, citycode) values (30,1314,'松江体育中心',31.015566,121.230488,'songjiangtiyuzhongxin','310000');
        insert into s_subway_stations (lineid, stationid, stationname, lat, lng, pinyin, citycode) values (30,1315,'醉白池',31.001529,121.229351,'zuibaichi','310000');
        insert into s_subway_stations (lineid, stationid, stationname, lat, lng, pinyin, citycode) values (30,445,'合川路',31.166545,121.384782,'hechuanlu','310000');
        insert into s_subway_stations (lineid, stationid, stationname, lat, lng, pinyin, citycode) values (30,444,'漕河泾开发区',31.170814,121.397995,'caohejingkaifaqu','310000');
        insert into s_subway_stations (lineid, stationid, stationname, lat, lng, pinyin, citycode) values (30,433,'世纪大道',31.228998,121.526814,'shijidadao','310000');
        insert into s_subway_stations (lineid, stationid, stationname, lat, lng, pinyin, citycode) values (30,434,'商城路',31.2303,121.516214,'shangchenglu','310000');
        insert into s_subway_stations (lineid, stationid, stationname, lat, lng, pinyin, citycode) values (30,435,'小南门',31.216698,121.498373,'xiaonanmen','310000');
        insert into s_subway_stations (lineid, stationid, stationname, lat, lng, pinyin, citycode) values (30,436,'陆家浜路',31.211772,121.486108,'lujiabanglu','310000');
        insert into s_subway_stations (lineid, stationid, stationname, lat, lng, pinyin, citycode) values (30,437,'马当路',31.20952,121.477256,'madanglu','310000');
        insert into s_subway_stations (lineid, stationid, stationname, lat, lng, pinyin, citycode) values (30,438,'打浦桥',31.206115,121.46877,'dapuqiao','310000');
        insert into s_subway_stations (lineid, stationid, stationname, lat, lng, pinyin, citycode) values (30,439,'嘉善路',31.202869,121.460902,'jiashanlu','310000');
        insert into s_subway_stations (lineid, stationid, stationname, lat, lng, pinyin, citycode) values (30,440,'肇嘉浜路',31.199513,121.45034,'zhaojiabanglu','310000');
        insert into s_subway_stations (lineid, stationid, stationname, lat, lng, pinyin, citycode) values (30,441,'徐家汇',31.195352,121.436786,'xujiahui','310000');
        insert into s_subway_stations (lineid, stationid, stationname, lat, lng, pinyin, citycode) values (30,442,'宜山路',31.18426,121.427406,'yishanlu','310000');
        insert into s_subway_stations (lineid, stationid, stationname, lat, lng, pinyin, citycode) values (30,443,'桂林路',31.17455,121.416901,'guilinlu','310000');
        insert into s_subway_stations (lineid, stationid, stationname, lat, lng, pinyin, citycode) values (30,1316,'松江南站',30.985223,121.231067,'songjiangnanzhan','310000');
        /******************************************************************************************/
        insert into s_subway (lineid, linename, citycode) values (17,'10号线','310000');
        insert into s_subway_stations (lineid, stationid, stationname, lat, lng, pinyin, citycode) values (17,455,'新江湾城',31.328588,121.506766,'xinjiangwancheng','310000');
        insert into s_subway_stations (lineid, stationid, stationname, lat, lng, pinyin, citycode) values (17,470,'新天地',31.216314,121.475099,'xintiandi','310000');
        insert into s_subway_stations (lineid, stationid, stationname, lat, lng, pinyin, citycode) values (17,471,'陕西南路',31.2151,121.458225,'shanxinanlu','310000');
        insert into s_subway_stations (lineid, stationid, stationname, lat, lng, pinyin, citycode) values (17,472,'上海图书馆',31.2081,121.44435,'shanghaitushuguan','310000');
        insert into s_subway_stations (lineid, stationid, stationname, lat, lng, pinyin, citycode) values (17,473,'交通大学',31.202339,121.435452,'jiaotongdaxue','310000');
        insert into s_subway_stations (lineid, stationid, stationname, lat, lng, pinyin, citycode) values (17,474,'虹桥路',31.196798,121.42227,'hongqiaolu','310000');
        insert into s_subway_stations (lineid, stationid, stationname, lat, lng, pinyin, citycode) values (17,475,'宋园路',31.196609,121.411652,'songyuanlu','310000');
        insert into s_subway_stations (lineid, stationid, stationname, lat, lng, pinyin, citycode) values (17,476,'伊犁路',31.199076,121.403318,'yililu','310000');
        insert into s_subway_stations (lineid, stationid, stationname, lat, lng, pinyin, citycode) values (17,477,'水城路',31.199453,121.39213,'shuichenglu','310000');
        insert into s_subway_stations (lineid, stationid, stationname, lat, lng, pinyin, citycode) values (17,478,'龙溪路',31.194283,121.379875,'longxilu','310000');
        insert into s_subway_stations (lineid, stationid, stationname, lat, lng, pinyin, citycode) values (17,479,'上海动物园',31.19024,121.366941,'shanghaidongwuyuan','310000');
        insert into s_subway_stations (lineid, stationid, stationname, lat, lng, pinyin, citycode) values (17,480,'虹桥1号航站楼',31.191178,121.348391,'hongqiao1haohangzhanlou','310000');
        insert into s_subway_stations (lineid, stationid, stationname, lat, lng, pinyin, citycode) values (17,481,'虹桥2号航站楼',31.19293,121.326484,'hongqiao2haohangzhanlou','310000');
        insert into s_subway_stations (lineid, stationid, stationname, lat, lng, pinyin, citycode) values (17,469,'老西门',31.219066,121.483696,'laoximen','310000');
        insert into s_subway_stations (lineid, stationid, stationname, lat, lng, pinyin, citycode) values (17,468,'豫园',31.22776,121.487478,'yuyuan','310000');
        insert into s_subway_stations (lineid, stationid, stationname, lat, lng, pinyin, citycode) values (17,456,'殷高东路',31.321777,121.506815,'yingaodonglu','310000');
        insert into s_subway_stations (lineid, stationid, stationname, lat, lng, pinyin, citycode) values (17,457,'三门路',31.313039,121.508002,'sanmenlu','310000');
        insert into s_subway_stations (lineid, stationid, stationname, lat, lng, pinyin, citycode) values (17,458,'江湾体育场',31.303121,121.514015,'jiangwantiyuchang','310000');
        insert into s_subway_stations (lineid, stationid, stationname, lat, lng, pinyin, citycode) values (17,459,'五角场',31.298063,121.514648,'wujiaochang','310000');
        insert into s_subway_stations (lineid, stationid, stationname, lat, lng, pinyin, citycode) values (17,460,'国权路',31.289303,121.510039,'guoquanlu','310000');
        insert into s_subway_stations (lineid, stationid, stationname, lat, lng, pinyin, citycode) values (17,461,'同济大学',31.282182,121.50631,'tongjidaxue','310000');
        insert into s_subway_stations (lineid, stationid, stationname, lat, lng, pinyin, citycode) values (17,462,'四平路',31.274981,121.501517,'sipinglu','310000');
        insert into s_subway_stations (lineid, stationid, stationname, lat, lng, pinyin, citycode) values (17,463,'邮电新村',31.268641,121.494488,'youdianxincun','310000');
        insert into s_subway_stations (lineid, stationid, stationname, lat, lng, pinyin, citycode) values (17,464,'海伦路',31.259276,121.488675,'hailunlu','310000');
        insert into s_subway_stations (lineid, stationid, stationname, lat, lng, pinyin, citycode) values (17,465,'四川北路',31.251828,121.48414,'sichuanbeilu','310000');
        insert into s_subway_stations (lineid, stationid, stationname, lat, lng, pinyin, citycode) values (17,466,'天潼路',31.244082,121.482453,'tiantonglu','310000');
        insert into s_subway_stations (lineid, stationid, stationname, lat, lng, pinyin, citycode) values (17,467,'南京东路',31.238061,121.484672,'nanjingdonglu','310000');
        insert into s_subway_stations (lineid, stationid, stationname, lat, lng, pinyin, citycode) values (17,482,'虹桥火车站',31.192663,121.321029,'hongqiaohuochezhan','310000');
        /******************************************************************************************/
        insert into s_subway (lineid, linename, citycode) values (18,'10号线支线','310000');
        insert into s_subway_stations (lineid, stationid, stationname, lat, lng, pinyin, citycode) values (18,483,'新江湾城',31.329058,121.50664,'xinjiangwancheng','310000');
        insert into s_subway_stations (lineid, stationid, stationname, lat, lng, pinyin, citycode) values (18,484,'殷高东路',31.321457,121.506563,'yingaodonglu','310000');
        insert into s_subway_stations (lineid, stationid, stationname, lat, lng, pinyin, citycode) values (18,485,'三门路',31.313039,121.508002,'sanmenlu','310000');
        insert into s_subway_stations (lineid, stationid, stationname, lat, lng, pinyin, citycode) values (18,486,'江湾体育场',31.303121,121.514015,'jiangwantiyuchang','310000');
        insert into s_subway_stations (lineid, stationid, stationname, lat, lng, pinyin, citycode) values (18,487,'五角场',31.298687,121.514968,'wujiaochang','310000');
        insert into s_subway_stations (lineid, stationid, stationname, lat, lng, pinyin, citycode) values (18,488,'国权路',31.289664,121.510228,'guoquanlu','310000');
        insert into s_subway_stations (lineid, stationid, stationname, lat, lng, pinyin, citycode) values (18,489,'同济大学',31.281339,121.505905,'tongjidaxue','310000');
        insert into s_subway_stations (lineid, stationid, stationname, lat, lng, pinyin, citycode) values (18,490,'四平路',31.27498,121.501517,'sipinglu','310000');
        insert into s_subway_stations (lineid, stationid, stationname, lat, lng, pinyin, citycode) values (18,491,'邮电新村',31.26829,121.494485,'youdianxincun','310000');
        insert into s_subway_stations (lineid, stationid, stationname, lat, lng, pinyin, citycode) values (18,492,'海伦路',31.259589,121.488512,'hailunlu','310000');
        insert into s_subway_stations (lineid, stationid, stationname, lat, lng, pinyin, citycode) values (18,493,'四川北路',31.251828,121.48414,'sichuanbeilu','310000');
        insert into s_subway_stations (lineid, stationid, stationname, lat, lng, pinyin, citycode) values (18,494,'天潼路',31.244082,121.482453,'tiantonglu','310000');
        insert into s_subway_stations (lineid, stationid, stationname, lat, lng, pinyin, citycode) values (18,495,'南京东路',31.237632,121.484859,'nanjingdonglu','310000');
        insert into s_subway_stations (lineid, stationid, stationname, lat, lng, pinyin, citycode) values (18,496,'豫园',31.228112,121.487387,'yuyuan','310000');
        insert into s_subway_stations (lineid, stationid, stationname, lat, lng, pinyin, citycode) values (18,497,'老西门',31.219066,121.483696,'laoximen','310000');
        insert into s_subway_stations (lineid, stationid, stationname, lat, lng, pinyin, citycode) values (18,498,'新天地',31.216314,121.475099,'xintiandi','310000');
        insert into s_subway_stations (lineid, stationid, stationname, lat, lng, pinyin, citycode) values (18,499,'陕西南路',31.2151,121.458225,'shanxinanlu','310000');
        insert into s_subway_stations (lineid, stationid, stationname, lat, lng, pinyin, citycode) values (18,500,'上海图书馆',31.207798,121.443941,'shanghaitushuguan','310000');
        insert into s_subway_stations (lineid, stationid, stationname, lat, lng, pinyin, citycode) values (18,501,'交通大学',31.202001,121.434619,'jiaotongdaxue','310000');
        insert into s_subway_stations (lineid, stationid, stationname, lat, lng, pinyin, citycode) values (18,502,'虹桥路',31.196954,121.420822,'hongqiaolu','310000');
        insert into s_subway_stations (lineid, stationid, stationname, lat, lng, pinyin, citycode) values (18,503,'宋园路',31.196609,121.411652,'songyuanlu','310000');
        insert into s_subway_stations (lineid, stationid, stationname, lat, lng, pinyin, citycode) values (18,504,'伊犁路',31.199076,121.403318,'yililu','310000');
        insert into s_subway_stations (lineid, stationid, stationname, lat, lng, pinyin, citycode) values (18,505,'水城路',31.199453,121.39213,'shuichenglu','310000');
        insert into s_subway_stations (lineid, stationid, stationname, lat, lng, pinyin, citycode) values (18,506,'龙溪路',31.194283,121.379875,'longxilu','310000');
        insert into s_subway_stations (lineid, stationid, stationname, lat, lng, pinyin, citycode) values (18,507,'龙柏新村',31.176852,121.370411,'longboxincun','310000');
        insert into s_subway_stations (lineid, stationid, stationname, lat, lng, pinyin, citycode) values (18,508,'紫藤路',31.169758,121.364328,'zitenglu','310000');
        insert into s_subway_stations (lineid, stationid, stationname, lat, lng, pinyin, citycode) values (18,509,'航中路',31.165628,121.354518,'hangzhonglu','310000');
        /******************************************************************************************/
        insert into s_subway (lineid, linename, citycode) values (19,'11号线','310000');
        insert into s_subway_stations (lineid, stationid, stationname, lat, lng, pinyin, citycode) values (19,1301,'罗山路',31.152802,121.593348,'luoshanlu','310000');
        insert into s_subway_stations (lineid, stationid, stationname, lat, lng, pinyin, citycode) values (19,1300,'御桥',31.158171,121.571097,'yuqiao','310000');
        insert into s_subway_stations (lineid, stationid, stationname, lat, lng, pinyin, citycode) values (19,1299,'浦三路',31.150836,121.538879,'pusanlu','310000');
        insert into s_subway_stations (lineid, stationid, stationname, lat, lng, pinyin, citycode) values (19,1298,'三林东',31.146453,121.522975,'sanlindong','310000');
        insert into s_subway_stations (lineid, stationid, stationname, lat, lng, pinyin, citycode) values (19,1297,'三林',31.143227,121.511519,'sanlin','310000');
        insert into s_subway_stations (lineid, stationid, stationname, lat, lng, pinyin, citycode) values (19,1296,'东方体育中心',31.153366,121.480304,'dongfangtiyuzhongxin','310000');
        insert into s_subway_stations (lineid, stationid, stationname, lat, lng, pinyin, citycode) values (19,1295,'龙耀路',31.159847,121.459763,'longyaolu','310000');
        insert into s_subway_stations (lineid, stationid, stationname, lat, lng, pinyin, citycode) values (19,1294,'云锦路',31.166456,121.458526,'yunjinlu','310000');
        insert into s_subway_stations (lineid, stationid, stationname, lat, lng, pinyin, citycode) values (19,1293,'龙华',31.172576,121.452834,'longhua','310000');
        insert into s_subway_stations (lineid, stationid, stationname, lat, lng, pinyin, citycode) values (19,1292,'上海游泳馆',31.179223,121.441639,'shanghaiyouyongguan','310000');
        insert into s_subway_stations (lineid, stationid, stationname, lat, lng, pinyin, citycode) values (19,1291,'徐家汇',31.194628,121.436135,'xujiahui','310000');
        insert into s_subway_stations (lineid, stationid, stationname, lat, lng, pinyin, citycode) values (19,1290,'交通大学',31.202264,121.435256,'jiaotongdaxue','310000');
        insert into s_subway_stations (lineid, stationid, stationname, lat, lng, pinyin, citycode) values (19,510,'江苏路',31.220518,121.430671,'jiangsulu','310000');
        insert into s_subway_stations (lineid, stationid, stationname, lat, lng, pinyin, citycode) values (19,511,'隆德路',31.230511,121.423576,'longdelu','310000');
        insert into s_subway_stations (lineid, stationid, stationname, lat, lng, pinyin, citycode) values (19,512,'曹杨路',31.237847,121.417519,'caoyanglu','310000');
        insert into s_subway_stations (lineid, stationid, stationname, lat, lng, pinyin, citycode) values (19,513,'枫桥路',31.241817,121.411453,'fengqiaolu','310000');
        insert into s_subway_stations (lineid, stationid, stationname, lat, lng, pinyin, citycode) values (19,514,'真如',31.250837,121.407194,'zhenru','310000');
        insert into s_subway_stations (lineid, stationid, stationname, lat, lng, pinyin, citycode) values (19,515,'上海西站',31.262693,121.400926,'shanghaixizhan','310000');
        insert into s_subway_stations (lineid, stationid, stationname, lat, lng, pinyin, citycode) values (19,516,'李子园',31.26902,121.389969,'liziyuan','310000');
        insert into s_subway_stations (lineid, stationid, stationname, lat, lng, pinyin, citycode) values (19,517,'祁连山路',31.271657,121.375957,'qilianshanlu','310000');
        insert into s_subway_stations (lineid, stationid, stationname, lat, lng, pinyin, citycode) values (19,518,'武威路',31.276646,121.364678,'wuweilu','310000');
        insert into s_subway_stations (lineid, stationid, stationname, lat, lng, pinyin, citycode) values (19,519,'桃浦新村',31.281603,121.349623,'taopuxincun','310000');
        insert into s_subway_stations (lineid, stationid, stationname, lat, lng, pinyin, citycode) values (19,520,'南翔',31.296843,121.323269,'nanxiang','310000');
        insert into s_subway_stations (lineid, stationid, stationname, lat, lng, pinyin, citycode) values (19,521,'马陆',31.31946,121.276839,'malu','310000');
        insert into s_subway_stations (lineid, stationid, stationname, lat, lng, pinyin, citycode) values (19,522,'嘉定新城',31.330062,121.254294,'jiadingxincheng','310000');
        insert into s_subway_stations (lineid, stationid, stationname, lat, lng, pinyin, citycode) values (19,3720,'白银路',31.345188,121.245421,'baiyinlu','310000');
        insert into s_subway_stations (lineid, stationid, stationname, lat, lng, pinyin, citycode) values (19,3723,'嘉定西',31.377084,121.227863,'jiadingxi','310000');
        insert into s_subway_stations (lineid, stationid, stationname, lat, lng, pinyin, citycode) values (19,3721,'嘉定北',31.391511,121.237326,'jiadingbei','310000');
        insert into s_subway_stations (lineid, stationid, stationname, lat, lng, pinyin, citycode) values (19,523,'上海赛车场',31.331838,121.226061,'shanghaisaichechang','310000');
        insert into s_subway_stations (lineid, stationid, stationname, lat, lng, pinyin, citycode) values (19,524,'昌吉东路',31.293554,121.200384,'changjidonglu','310000');
        insert into s_subway_stations (lineid, stationid, stationname, lat, lng, pinyin, citycode) values (19,525,'上海汽车城',31.285386,121.180808,'shanghaiqichecheng','310000');
        insert into s_subway_stations (lineid, stationid, stationname, lat, lng, pinyin, citycode) values (19,526,'安亭',31.288497,121.161985,'anting','310000');
        insert into s_subway_stations (lineid, stationid, stationname, lat, lng, pinyin, citycode) values (19,3724,'兆丰路',31.288975,121.150348,'zhaofenglu','310000');
        insert into s_subway_stations (lineid, stationid, stationname, lat, lng, pinyin, citycode) values (19,3722,'光明路',31.29633,121.117279,'guangminglu','310000');
        insert into s_subway_stations (lineid, stationid, stationname, lat, lng, pinyin, citycode) values (19,3719,'花桥',31.298796,121.104316,'huaqiao','310000');
        /******************************************************************************************/
        insert into s_subway (lineid, linename, citycode) values (77,'12号线','310000');
        insert into s_subway_stations (lineid, stationid, stationname, lat, lng, pinyin, citycode) values (77,1513,'曲阜路',31.242307,121.471543,'qufulu','310000');
        insert into s_subway_stations (lineid, stationid, stationname, lat, lng, pinyin, citycode) values (77,1511,'天潼路',31.243908,121.482449,'tiantonglu','310000');
        insert into s_subway_stations (lineid, stationid, stationname, lat, lng, pinyin, citycode) values (77,1507,'国际客运中心',31.250055,121.498047,'guojikeyunzhongxin','310000');
        insert into s_subway_stations (lineid, stationid, stationname, lat, lng, pinyin, citycode) values (77,1508,'提篮桥',31.253467,121.506676,'tilanqiao','310000');
        insert into s_subway_stations (lineid, stationid, stationname, lat, lng, pinyin, citycode) values (77,1509,'大连路',31.257938,121.513088,'dalianlu','310000');
        insert into s_subway_stations (lineid, stationid, stationname, lat, lng, pinyin, citycode) values (77,1505,'江浦公园',31.264585,121.523736,'jiangpugongyuan','310000');
        insert into s_subway_stations (lineid, stationid, stationname, lat, lng, pinyin, citycode) values (77,1518,'宁国路',31.268662,121.53244,'ningguolu','310000');
        insert into s_subway_stations (lineid, stationid, stationname, lat, lng, pinyin, citycode) values (77,1514,'隆昌路',31.275209,121.544688,'longchanglu','310000');
        insert into s_subway_stations (lineid, stationid, stationname, lat, lng, pinyin, citycode) values (77,1517,'爱国路',31.279788,121.552655,'aiguolu','310000');
        insert into s_subway_stations (lineid, stationid, stationname, lat, lng, pinyin, citycode) values (77,1512,'复兴岛',31.280527,121.561181,'fuxingdao','310000');
        insert into s_subway_stations (lineid, stationid, stationname, lat, lng, pinyin, citycode) values (77,1516,'东陆路',31.282532,121.578907,'donglulu','310000');
        insert into s_subway_stations (lineid, stationid, stationname, lat, lng, pinyin, citycode) values (77,1515,'巨峰路',31.28004,121.58975,'jufenglu','310000');
        insert into s_subway_stations (lineid, stationid, stationname, lat, lng, pinyin, citycode) values (77,1510,'杨高北路',31.280092,121.602937,'yanggaobeilu','310000');
        insert into s_subway_stations (lineid, stationid, stationname, lat, lng, pinyin, citycode) values (77,1506,'金京路',31.279821,121.615512,'jinjinglu','310000');
        insert into s_subway_stations (lineid, stationid, stationname, lat, lng, pinyin, citycode) values (77,1504,'申江路',31.280189,121.626781,'shenjianglu','310000');
        insert into s_subway_stations (lineid, stationid, stationname, lat, lng, pinyin, citycode) values (77,1503,'金海路',31.263042,121.638572,'jinhailu','310000');
        /******************************************************************************************/
        insert into s_subway (lineid, linename, citycode) values (74,'13号线','310000');
        insert into s_subway_stations (lineid, stationid, stationname, lat, lng, pinyin, citycode) values (74,1426,'金运路',31.24105,121.320347,'jinyunlu','310000');
        insert into s_subway_stations (lineid, stationid, stationname, lat, lng, pinyin, citycode) values (74,1427,'金沙江西路',31.241122,121.335304,'jinshajiangxilu','310000');
        insert into s_subway_stations (lineid, stationid, stationname, lat, lng, pinyin, citycode) values (74,1428,'丰庄',31.242655,121.355345,'fengzhuang','310000');
        insert into s_subway_stations (lineid, stationid, stationname, lat, lng, pinyin, citycode) values (74,1429,'祁连山南路',31.237775,121.367447,'qilianshannanlu','310000');
        insert into s_subway_stations (lineid, stationid, stationname, lat, lng, pinyin, citycode) values (74,1430,'真北路',31.232308,121.381685,'zhenbeilu','310000');
        insert into s_subway_stations (lineid, stationid, stationname, lat, lng, pinyin, citycode) values (74,1431,'金沙江路',31.231444,121.412744,'jinshajianglu','310000');
        insert into s_subway_stations (lineid, stationid, stationname, lat, lng, pinyin, citycode) values (74,1432,'大渡河路',31.231869,121.396179,'daduhelu','310000');
        insert into s_subway_stations (lineid, stationid, stationname, lat, lng, pinyin, citycode) values (74,1502,'隆德路',31.230511,121.423576,'longdelu','310000');
        insert into s_subway_stations (lineid, stationid, stationname, lat, lng, pinyin, citycode) values (74,1500,'武宁路',31.234366,121.430522,'wuninglu','310000');
        insert into s_subway_stations (lineid, stationid, stationname, lat, lng, pinyin, citycode) values (74,1501,'长寿路',31.240895,121.438399,'changshoulu','310000');
        /******************************************************************************************/
        insert into s_subway (lineid, linename, citycode) values (81,'16号线','310000');
        insert into s_subway_stations (lineid, stationid, stationname, lat, lng, pinyin, citycode) values (81,1617,'龙阳路',31.201987,121.557795,'longyanglu','310000');
        insert into s_subway_stations (lineid, stationid, stationname, lat, lng, pinyin, citycode) values (81,1616,'华夏中路',31.175844,121.5831,'huaxiazhonglu','310000');
        insert into s_subway_stations (lineid, stationid, stationname, lat, lng, pinyin, citycode) values (81,1624,'罗山路',31.152802,121.593348,'luoshanlu','310000');
        insert into s_subway_stations (lineid, stationid, stationname, lat, lng, pinyin, citycode) values (81,1628,'周浦东',31.109955,121.606906,'zhoupudong','310000');
        insert into s_subway_stations (lineid, stationid, stationname, lat, lng, pinyin, citycode) values (81,1618,'鹤沙航城',31.07763,121.611235,'heshahangcheng','310000');
        insert into s_subway_stations (lineid, stationid, stationname, lat, lng, pinyin, citycode) values (81,1620,'航头东',31.054906,121.617434,'hangtoudong','310000');
        insert into s_subway_stations (lineid, stationid, stationname, lat, lng, pinyin, citycode) values (81,1627,'新场',31.045474,121.648982,'xinchang','310000');
        insert into s_subway_stations (lineid, stationid, stationname, lat, lng, pinyin, citycode) values (81,1621,'野生动物园',31.050196,121.699244,'yeshengdongwuyuan','310000');
        insert into s_subway_stations (lineid, stationid, stationname, lat, lng, pinyin, citycode) values (81,1622,'惠南',31.053784,121.761686,'huinan','310000');
        insert into s_subway_stations (lineid, stationid, stationname, lat, lng, pinyin, citycode) values (81,1625,'惠南东',31.026556,121.793799,'huinandong','310000');
        insert into s_subway_stations (lineid, stationid, stationname, lat, lng, pinyin, citycode) values (81,1623,'书院',30.95929,121.850535,'shuyuan','310000');
        insert into s_subway_stations (lineid, stationid, stationname, lat, lng, pinyin, citycode) values (81,1626,'临港大道',30.924198,121.910073,'lingangdadao','310000');
        insert into s_subway_stations (lineid, stationid, stationname, lat, lng, pinyin, citycode) values (81,1619,'滴水湖',30.907268,121.929559,'dishuihu','310000');
        /******************************************************************************************/
        insert into s_subway (lineid, linename, citycode) values (31,'磁悬浮线','310000');
        insert into s_subway_stations (lineid, stationid, stationname, lat, lng, pinyin, citycode) values (31,543,'龙阳路',31.202882,121.557446,'longyanglu','310000');
        insert into s_subway_stations (lineid, stationid, stationname, lat, lng, pinyin, citycode) values (31,544,'浦东国际机场',31.150461,121.80585,'pudongguojijichang','310000');


delete from s_areainfo where citycode = '310000';
        /****************************** 输出行政区SQL脚本: 开始 ***********************************/
        insert into s_areainfo (areaid, areaname, pinyin, lat, lng, citycode, discode) values (1,'卢湾区','luwanqu',31.222771,121.490318,'310000','310101');
        insert into s_areainfo (areaid, areaname, pinyin, lat, lng, citycode, discode) values (2,'徐汇区','xuhuiqu',31.179972,121.437523,'310000','310104');
        insert into s_areainfo (areaid, areaname, pinyin, lat, lng, citycode, discode) values (3,'静安区','jinganqu',31.229004,121.448227,'310000','310106');
        insert into s_areainfo (areaid, areaname, pinyin, lat, lng, citycode, discode) values (4,'长宁区','changningqu',31.218122,121.422203,'310000','310105');
        insert into s_areainfo (areaid, areaname, pinyin, lat, lng, citycode, discode) values (5,'浦东新区','pudongxinqu',31.245945,121.567703,'310000','310115');
        insert into s_areainfo (areaid, areaname, pinyin, lat, lng, citycode, discode) values (6,'黄浦区','huangpuqu',31.222771,121.490318,'310000','310101');
        insert into s_areainfo (areaid, areaname, pinyin, lat, lng, citycode, discode) values (7,'普陀区','putuoqu',31.241701,121.392502,'310000','310107');
        insert into s_areainfo (areaid, areaname, pinyin, lat, lng, citycode, discode) values (8,'闸北区','zhabeiqu',31.25318,121.465691,'310000','310108');
        insert into s_areainfo (areaid, areaname, pinyin, lat, lng, citycode, discode) values (9,'虹口区','hongkouqu',31.260969,121.491829,'310000','310109');
        insert into s_areainfo (areaid, areaname, pinyin, lat, lng, citycode, discode) values (10,'杨浦区','yangpuqu',31.270756,121.522797,'310000','310110');
        insert into s_areainfo (areaid, areaname, pinyin, lat, lng, citycode, discode) values (12,'闵行区','minhangqu',31.111658,121.375969,'310000','310112');
        insert into s_areainfo (areaid, areaname, pinyin, lat, lng, citycode, discode) values (13,'宝山区','baoshanqu',31.398897,121.489937,'310000','310113');
        insert into s_areainfo (areaid, areaname, pinyin, lat, lng, citycode, discode) values (664,'奉贤区','fengxian',30.912344,121.458473,'310000','310120');
        insert into s_areainfo (areaid, areaname, pinyin, lat, lng, citycode, discode) values (665,'金山区','jinshan',30.724697,121.330734,'310000','310116');
        insert into s_areainfo (areaid, areaname, pinyin, lat, lng, citycode, discode) values (666,'崇明县','chongming',31.626945,121.397514,'310000','310230');
        insert into s_areainfo (areaid, areaname, pinyin, lat, lng, citycode, discode) values (4737,'松江区','songjiangqu',31.03047,121.223541,'310000','310117');
        insert into s_areainfo (areaid, areaname, pinyin, lat, lng, citycode, discode) values (4738,'嘉定区','jiadingqu',31.383524,121.250336,'310000','310114');
        insert into s_areainfo (areaid, areaname, pinyin, lat, lng, citycode, discode) values (4739,'青浦区','qingpuqu',31.151209,121.113022,'310000','310118');
        /****************************** 输出行政区SQL脚本: 结束 ***********************************/
delete from s_landmark where citycode = '310000';        
        /****************************** 输出景点SQL脚本: 开始 ***********************************/
        insert into s_landmark (landmarkid, landmarkname, pinyin, ltype, lat, lng, citycode, discode) values (10460,'上海杜莎夫人蜡像馆','shanghaidushafurenlaxiangguan',5,31.231707,121.472641,'310000','310000');
        insert into s_landmark (landmarkid, landmarkname, pinyin, ltype, lat, lng, citycode, discode) values (10459,'陆家嘴','lujiazui',5,31.237185,121.52549,'310000','310115');
        insert into s_landmark (landmarkid, landmarkname, pinyin, ltype, lat, lng, citycode, discode) values (13583,'上海市第一妇幼保健院','shanghaishidiyifuyoubaojianyuan',6,31.231707,121.472641,'310000','310000');
        insert into s_landmark (landmarkid, landmarkname, pinyin, ltype, lat, lng, citycode, discode) values (5918,'上海交大七宝校区','shanghaijiaodaqibaoxiaoqu',7,31.146839,121.358978,'310000','310112');
        insert into s_landmark (landmarkid, landmarkname, pinyin, ltype, lat, lng, citycode, discode) values (5917,'上海交大法华校区','shanghaijiaodafahuaxiaoqu',7,31.205894,121.425629,'310000','310105');
        insert into s_landmark (landmarkid, landmarkname, pinyin, ltype, lat, lng, citycode, discode) values (5904,'东华大学松江校区','donghuadaxuesongjiangxiaoqu',7,31.056833,121.215652,'310000','310117');
        insert into s_landmark (landmarkid, landmarkname, pinyin, ltype, lat, lng, citycode, discode) values (5905,'东华大学延安路校区','donghuadaxueyananluxiaoqu',7,31.203445,121.414734,'310000','310105');
        insert into s_landmark (landmarkid, landmarkname, pinyin, ltype, lat, lng, citycode, discode) values (85,'上海南站','shanghainanzhan',2,31.153303,121.429489,'310000','310104');
        insert into s_landmark (landmarkid, landmarkname, pinyin, ltype, lat, lng, citycode, discode) values (5902,'华东政法大学','huadongzhengfadaxue',7,31.284893,121.544403,'310000','310110');
        insert into s_landmark (landmarkid, landmarkname, pinyin, ltype, lat, lng, citycode, discode) values (6652,'万达广场','wandaguangchang',1,31.239157,121.323502,'310000','310114');
        insert into s_landmark (landmarkid, landmarkname, pinyin, ltype, lat, lng, citycode, discode) values (5901,'华东师范大学','huadongshifandaxue',7,31.230452,121.390923,'310000','310107');
        insert into s_landmark (landmarkid, landmarkname, pinyin, ltype, lat, lng, citycode, discode) values (87,'上海西站','shanghaixizhan',2,31.262512,121.402954,'310000','310107');
        insert into s_landmark (landmarkid, landmarkname, pinyin, ltype, lat, lng, citycode, discode) values (5900,'上海师范大学','shanghaishifandaxue',7,31.285048,121.544472,'310000','310110');
        insert into s_landmark (landmarkid, landmarkname, pinyin, ltype, lat, lng, citycode, discode) values (86,'上海站','shanghaizhan',2,31.248774,121.455208,'310000','310108');
        insert into s_landmark (landmarkid, landmarkname, pinyin, ltype, lat, lng, citycode, discode) values (6654,'黄兴公园','huangxinggongyuan',5,31.293226,121.529709,'310000','310110');
        insert into s_landmark (landmarkid, landmarkname, pinyin, ltype, lat, lng, citycode, discode) values (5899,'上海大学','shanghaidaxue',7,31.378304,121.24868,'310000','310114');
        insert into s_landmark (landmarkid, landmarkname, pinyin, ltype, lat, lng, citycode, discode) values (5898,'同济大学','tongjidaxue',7,31.288713,121.210861,'310000','310114');
        insert into s_landmark (landmarkid, landmarkname, pinyin, ltype, lat, lng, citycode, discode) values (5897,'上海海洋大学','shanghaihaiyangdaxue',7,31.049767,121.787071,'310000','310115');
        insert into s_landmark (landmarkid, landmarkname, pinyin, ltype, lat, lng, citycode, discode) values (5896,'上海理工大学','shanghailigongdaxue',7,31.212547,121.46035,'310000','310104');
        insert into s_landmark (landmarkid, landmarkname, pinyin, ltype, lat, lng, citycode, discode) values (5895,'上海外国语大学','shanghaiwaiguoyudaxue',7,31.050032,121.217751,'310000','310117');
        insert into s_landmark (landmarkid, landmarkname, pinyin, ltype, lat, lng, citycode, discode) values (5894,'上海交大徐汇校区','shanghaijiaodaxuhuixiaoqu',7,31.19808,121.434944,'310000','310104');
        insert into s_landmark (landmarkid, landmarkname, pinyin, ltype, lat, lng, citycode, discode) values (5892,'复旦大学','fudandaxue',7,31.336472,121.498718,'310000','310110');
        insert into s_landmark (landmarkid, landmarkname, pinyin, ltype, lat, lng, citycode, discode) values (88,'上海虹桥站','shanghaihongqiaozhan',2,31.194237,121.320877,'310000','310112');
        insert into s_landmark (landmarkid, landmarkname, pinyin, ltype, lat, lng, citycode, discode) values (5948,'无限度广场','wuxianduguangchang',1,31.22296,121.47522,'310000','310101');
        insert into s_landmark (landmarkid, landmarkname, pinyin, ltype, lat, lng, citycode, discode) values (6099,'亚新生活广场','yaxinshenghuoguangchang',1,31.239471,121.437332,'310000','310107');
        insert into s_landmark (landmarkid, landmarkname, pinyin, ltype, lat, lng, citycode, discode) values (6098,'置地广场','zhidiguangchang',1,31.236181,121.482094,'310000','310101');
        insert into s_landmark (landmarkid, landmarkname, pinyin, ltype, lat, lng, citycode, discode) values (6097,'宏伊广场','hongyiguangchang',1,31.237001,121.484512,'310000','310101');
        insert into s_landmark (landmarkid, landmarkname, pinyin, ltype, lat, lng, citycode, discode) values (6096,'永安百货','yonganbaihuo',1,31.235237,121.478401,'310000','310101');
        insert into s_landmark (landmarkid, landmarkname, pinyin, ltype, lat, lng, citycode, discode) values (6103,'华联商厦金沙江店','hualianshangshajinshajiangdian',1,31.237183,121.483253,'310000','310101');
        insert into s_landmark (landmarkid, landmarkname, pinyin, ltype, lat, lng, citycode, discode) values (6102,'长风景畔广场','zhangfengjingpanguangchang',1,31.221298,121.393814,'310000','310107');
        insert into s_landmark (landmarkid, landmarkname, pinyin, ltype, lat, lng, citycode, discode) values (6100,'智慧广场','zhihuiguangchang',1,31.23361,121.430946,'310000','310106');
        insert into s_landmark (landmarkid, landmarkname, pinyin, ltype, lat, lng, citycode, discode) values (6106,'名品商厦','mingpinshangsha',1,31.247086,121.45462,'310000','310108');
        insert into s_landmark (landmarkid, landmarkname, pinyin, ltype, lat, lng, citycode, discode) values (6105,'乐购光新店','legouguangxindian',1,31.158213,121.346359,'310000','310112');
        insert into s_landmark (landmarkid, landmarkname, pinyin, ltype, lat, lng, citycode, discode) values (6104,'中环百联','zhonghuanbailian',1,31.245798,121.383003,'310000','310107');
        insert into s_landmark (landmarkid, landmarkname, pinyin, ltype, lat, lng, citycode, discode) values (6110,'巴黎春天虹口店','balichuntianhongkoudian',1,31.165609,121.340912,'310000','310112');
        insert into s_landmark (landmarkid, landmarkname, pinyin, ltype, lat, lng, citycode, discode) values (6109,'东宝百货','dongbaobaihuo',1,31.25705,121.48362,'310000','310109');
        insert into s_landmark (landmarkid, landmarkname, pinyin, ltype, lat, lng, citycode, discode) values (8952,'龙阳广场','longyangguangchang',1,31.203461,121.557198,'310000','310115');
        insert into s_landmark (landmarkid, landmarkname, pinyin, ltype, lat, lng, citycode, discode) values (6082,'大拇指广场','damuzhiguangchang',1,31.114315,121.0494,'310000','310118');
        insert into s_landmark (landmarkid, landmarkname, pinyin, ltype, lat, lng, citycode, discode) values (8953,'源深体育中心','yuanshentiyuzhongxin',1,31.231297,121.536224,'310000','310115');
        insert into s_landmark (landmarkid, landmarkname, pinyin, ltype, lat, lng, citycode, discode) values (6083,'万嘉商业广场','wanjiashangyeguangchang',1,31.29356,121.610725,'310000','310115');
        insert into s_landmark (landmarkid, landmarkname, pinyin, ltype, lat, lng, citycode, discode) values (6449,'五月花广场','wuyuehuaguangchang',1,31.256676,121.457619,'310000','310108');
        insert into s_landmark (landmarkid, landmarkname, pinyin, ltype, lat, lng, citycode, discode) values (6080,'喜玛拉雅中心','ximalayazhongxin',1,31.208437,121.562241,'310000','310115');
        insert into s_landmark (landmarkid, landmarkname, pinyin, ltype, lat, lng, citycode, discode) values (8954,'杉达大学','shandadaxue',7,31.267433,121.658211,'310000','310115');
        insert into s_landmark (landmarkid, landmarkname, pinyin, ltype, lat, lng, citycode, discode) values (6081,'嘉里城','jialicheng',1,31.212391,121.562286,'310000','310115');
        insert into s_landmark (landmarkid, landmarkname, pinyin, ltype, lat, lng, citycode, discode) values (8955,'浦东国际机场','pudongguojijichang',2,31.149635,121.802567,'310000','310115');
        insert into s_landmark (landmarkid, landmarkname, pinyin, ltype, lat, lng, citycode, discode) values (6086,'巴黎春天塘桥店','balichuntiantangqiaodian',1,31.165609,121.340912,'310000','310112');
        insert into s_landmark (landmarkid, landmarkname, pinyin, ltype, lat, lng, citycode, discode) values (10307,'中国航海博物馆','zhongguohanghaibowuguan',5,30.897041,121.919716,'310000','310115');
        insert into s_landmark (landmarkid, landmarkname, pinyin, ltype, lat, lng, citycode, discode) values (6084,'名人苑','mingrenyuan',1,31.180727,121.372047,'310000','310112');
        insert into s_landmark (landmarkid, landmarkname, pinyin, ltype, lat, lng, citycode, discode) values (10304,'黄浦剧场','huangpujuchang',5,31.222771,121.490318,'310000','310101');
        insert into s_landmark (landmarkid, landmarkname, pinyin, ltype, lat, lng, citycode, discode) values (6085,'传奇广场','chuanqiguangchang',1,31.200472,121.584877,'310000','310115');
        insert into s_landmark (landmarkid, landmarkname, pinyin, ltype, lat, lng, citycode, discode) values (10305,'上海乡音书苑','shanghaixiangyinshuyuan',5,31.231707,121.472641,'310000','310000');
        insert into s_landmark (landmarkid, landmarkname, pinyin, ltype, lat, lng, citycode, discode) values (8944,'东平国家森林公园','dongpingguojiasenlingongyuan',5,31.683479,121.479469,'310000','310230');
        insert into s_landmark (landmarkid, landmarkname, pinyin, ltype, lat, lng, citycode, discode) values (6090,'周浦万达','zhoupuwanda',1,31.114538,121.569618,'310000','310115');
        insert into s_landmark (landmarkid, landmarkname, pinyin, ltype, lat, lng, citycode, discode) values (6091,'来福士','laifushi',1,31.217331,121.414406,'310000','310105');
        insert into s_landmark (landmarkid, landmarkname, pinyin, ltype, lat, lng, citycode, discode) values (8946,'东滩湿地公园','dongtanshidigongyuan',5,31.520414,121.954727,'310000','310230');
        insert into s_landmark (landmarkid, landmarkname, pinyin, ltype, lat, lng, citycode, discode) values (6088,'碧云体育休闲中心','biyuntiyuxiuxianzhongxin',1,31.240795,121.582764,'310000','310115');
        insert into s_landmark (landmarkid, landmarkname, pinyin, ltype, lat, lng, citycode, discode) values (6089,'东郊百联','dongjiaobailian',1,31.153503,121.564102,'310000','310115');
        insert into s_landmark (landmarkid, landmarkname, pinyin, ltype, lat, lng, citycode, discode) values (8947,'世博园','shiboyuan',5,31.189659,121.500504,'310000','310115');
        insert into s_landmark (landmarkid, landmarkname, pinyin, ltype, lat, lng, citycode, discode) values (8948,'西沙湿地','xishashidi',5,31.725356,121.235192,'310000','310115');
        insert into s_landmark (landmarkid, landmarkname, pinyin, ltype, lat, lng, citycode, discode) values (8949,'金桥国际商业广场','jinqiaoguojishangyeguangchang',1,31.256166,121.579079,'310000','310115');
        insert into s_landmark (landmarkid, landmarkname, pinyin, ltype, lat, lng, citycode, discode) values (6092,'第一百货','diyibaihuo',1,31.006992,121.235435,'310000','310117');
        insert into s_landmark (landmarkid, landmarkname, pinyin, ltype, lat, lng, citycode, discode) values (8950,'文峰广场','wenfengguangchang',1,31.272303,121.587326,'310000','310115');
        insert into s_landmark (landmarkid, landmarkname, pinyin, ltype, lat, lng, citycode, discode) values (8951,'上海海事大学','shanghaihaishidaxue',7,31.242554,121.537376,'310000','310115');
        insert into s_landmark (landmarkid, landmarkname, pinyin, ltype, lat, lng, citycode, discode) values (6093,'迪美购物中心','dimeigouwuzhongxin',1,31.228731,121.473457,'310000','310101');
        insert into s_landmark (landmarkid, landmarkname, pinyin, ltype, lat, lng, citycode, discode) values (6112,'上海大厦','shanghaidasha',1,31.244329,121.489944,'310000','310109');
        insert into s_landmark (landmarkid, landmarkname, pinyin, ltype, lat, lng, citycode, discode) values (8445,'金茂大厦','jinmaodasha',5,31.235315,121.505821,'310000','310115');
        insert into s_landmark (landmarkid, landmarkname, pinyin, ltype, lat, lng, citycode, discode) values (6113,'百联又一城','bailianyouyicheng',1,30.732588,121.347221,'310000','310116');
        insert into s_landmark (landmarkid, landmarkname, pinyin, ltype, lat, lng, citycode, discode) values (6114,'江桥万达广场','jiangqiaowandaguangchang',1,31.239157,121.323502,'310000','310114');
        insert into s_landmark (landmarkid, landmarkname, pinyin, ltype, lat, lng, citycode, discode) values (6115,'创智天地','chuangzhitiandi',1,31.307503,121.512863,'310000','310110');
        insert into s_landmark (landmarkid, landmarkname, pinyin, ltype, lat, lng, citycode, discode) values (6116,'假日百货','jiaribaihuo',1,31.274227,121.512939,'310000','310110');
        insert into s_landmark (landmarkid, landmarkname, pinyin, ltype, lat, lng, citycode, discode) values (6117,'中原城市广场','zhongyuanchengshiguangchang',1,31.315828,121.521156,'310000','310110');
        insert into s_landmark (landmarkid, landmarkname, pinyin, ltype, lat, lng, citycode, discode) values (6118,'欧尚中原店','oushangzhongyuandian',1,30.746065,121.33551,'310000','310116');
        insert into s_landmark (landmarkid, landmarkname, pinyin, ltype, lat, lng, citycode, discode) values (6119,'欧尚长阳店','oushangzhangyangdian',1,30.746065,121.33551,'310000','310116');
        insert into s_landmark (landmarkid, landmarkname, pinyin, ltype, lat, lng, citycode, discode) values (6121,'巴黎春天大华店','balichuntiandahuadian',1,31.270716,121.410896,'310000','310113');
        insert into s_landmark (landmarkid, landmarkname, pinyin, ltype, lat, lng, citycode, discode) values (6122,'北翼商业街','beiyishangyejie',1,31.402246,121.486237,'310000','310113');
        insert into s_landmark (landmarkid, landmarkname, pinyin, ltype, lat, lng, citycode, discode) values (6123,'黄金广场','huangjinguangchang',1,31.407196,121.4813,'310000','310113');
        insert into s_landmark (landmarkid, landmarkname, pinyin, ltype, lat, lng, citycode, discode) values (6124,'宝山万达广场','baoshanwandaguangchang',1,31.324663,121.447754,'310000','310113');
        insert into s_landmark (landmarkid, landmarkname, pinyin, ltype, lat, lng, citycode, discode) values (6125,'中冶祥腾广场','zhongyexiangtengguangchang',1,31.295439,121.322395,'310000','310114');
        insert into s_landmark (landmarkid, landmarkname, pinyin, ltype, lat, lng, citycode, discode) values (6126,'嘉亭荟城市生活广场','jiatinghuichengshishenghuoguangchang',1,31.28788,121.162086,'310000','310114');
        insert into s_landmark (landmarkid, landmarkname, pinyin, ltype, lat, lng, citycode, discode) values (6127,'罗宾森广场','luobinsenguangchang',1,31.384518,121.245468,'310000','310114');
        insert into s_landmark (landmarkid, landmarkname, pinyin, ltype, lat, lng, citycode, discode) values (6038,'光大会展中心','guangdahuizhanzhongxin',1,31.167114,121.428894,'310000','310104');
        insert into s_landmark (landmarkid, landmarkname, pinyin, ltype, lat, lng, citycode, discode) values (6035,'均瑶国际广场','junyaoguojiguangchang',1,31.198065,121.448601,'310000','310104');
        insert into s_landmark (landmarkid, landmarkname, pinyin, ltype, lat, lng, citycode, discode) values (6034,'领馆广场','lingguanguangchang',1,31.20656,121.447723,'310000','310104');
        insert into s_landmark (landmarkid, landmarkname, pinyin, ltype, lat, lng, citycode, discode) values (6033,'星游城','xingyoucheng',1,31.185375,121.442581,'310000','310104');
        insert into s_landmark (landmarkid, landmarkname, pinyin, ltype, lat, lng, citycode, discode) values (8332,'宝龙城市广场','baolongchengshiguangchang',1,31.266624,121.653648,'310000','310115');
        insert into s_landmark (landmarkid, landmarkname, pinyin, ltype, lat, lng, citycode, discode) values (6032,'宜家家居','yijiajiaju',1,31.306665,121.158363,'310000','310114');
        insert into s_landmark (landmarkid, landmarkname, pinyin, ltype, lat, lng, citycode, discode) values (6045,'芳汇广场','fanghuiguangchang',1,31.230455,121.427345,'310000','310107');
        insert into s_landmark (landmarkid, landmarkname, pinyin, ltype, lat, lng, citycode, discode) values (6043,'久光百货','jiuguangbaihuo',1,31.220686,121.441841,'310000','310106');
        insert into s_landmark (landmarkid, landmarkname, pinyin, ltype, lat, lng, citycode, discode) values (6042,'展览中心','zhanlanzhongxin',1,30.977879,121.658005,'310000','310120');
        insert into s_landmark (landmarkid, landmarkname, pinyin, ltype, lat, lng, citycode, discode) values (6041,'恒隆广场','henglongguangchang',1,31.228172,121.453674,'310000','310106');
        insert into s_landmark (landmarkid, landmarkname, pinyin, ltype, lat, lng, citycode, discode) values (7937,'上海商学院','shanghaishangxueyuan',7,30.940994,121.456467,'310000','310120');
        insert into s_landmark (landmarkid, landmarkname, pinyin, ltype, lat, lng, citycode, discode) values (7936,'上海电机学院','shanghaidianjixueyuan',7,30.997313,121.38578,'310000','310112');
        insert into s_landmark (landmarkid, landmarkname, pinyin, ltype, lat, lng, citycode, discode) values (6040,'康健休闲广场','kangjianxiuxianguangchang',1,31.155867,121.419258,'310000','310104');
        insert into s_landmark (landmarkid, landmarkname, pinyin, ltype, lat, lng, citycode, discode) values (6022,'锦江迪生商厦','jinjiangdishengshangsha',1,31.220995,121.459618,'310000','310101');
        insert into s_landmark (landmarkid, landmarkname, pinyin, ltype, lat, lng, citycode, discode) values (6023,'金玉兰广场','jinyulanguangchang',1,31.204556,121.470444,'310000','310101');
        insert into s_landmark (landmarkid, landmarkname, pinyin, ltype, lat, lng, citycode, discode) values (6020,'淮海百盛','huaihaibaisheng',1,31.217199,121.459183,'310000','310101');
        insert into s_landmark (landmarkid, landmarkname, pinyin, ltype, lat, lng, citycode, discode) values (6021,'K11购物艺术中心','K11gouwuyishuzhongxin',1,31.222692,121.474205,'310000','310101');
        insert into s_landmark (landmarkid, landmarkname, pinyin, ltype, lat, lng, citycode, discode) values (6018,'大上海时代广场','dashanghaishidaiguangchang',1,31.224485,121.478676,'310000','310101');
        insert into s_landmark (landmarkid, landmarkname, pinyin, ltype, lat, lng, citycode, discode) values (6030,'飞洲国际','feizhouguoji',1,31.183268,121.437637,'310000','310104');
        insert into s_landmark (landmarkid, landmarkname, pinyin, ltype, lat, lng, citycode, discode) values (6028,'太平洋百货徐汇店','taipingyangbaihuoxuhuidian',1,31.222715,121.474144,'310000','310101');
        insert into s_landmark (landmarkid, landmarkname, pinyin, ltype, lat, lng, citycode, discode) values (6026,'港汇恒隆广场','ganghuihenglongguangchang',1,31.19383,121.436729,'310000','310104');
        insert into s_landmark (landmarkid, landmarkname, pinyin, ltype, lat, lng, citycode, discode) values (6027,'上海六百','shanghailiubai',1,31.231707,121.472641,'310000','310000');
        insert into s_landmark (landmarkid, landmarkname, pinyin, ltype, lat, lng, citycode, discode) values (6024,'田子坊','tianzifang',1,31.208456,121.469086,'310000','310101');
        insert into s_landmark (landmarkid, landmarkname, pinyin, ltype, lat, lng, citycode, discode) values (6025,'美罗城','meiluocheng',1,31.192429,121.439064,'310000','310104');
        insert into s_landmark (landmarkid, landmarkname, pinyin, ltype, lat, lng, citycode, discode) values (6523,'大宁中心广场','daningzhongxinguangchang',1,31.280764,121.441971,'310000','310108');
        insert into s_landmark (landmarkid, landmarkname, pinyin, ltype, lat, lng, citycode, discode) values (5113,'上海政法学院','shanghaizhengfaxueyuan',7,31.10964,121.174484,'310000','310117');
        insert into s_landmark (landmarkid, landmarkname, pinyin, ltype, lat, lng, citycode, discode) values (6069,'梅陇新都会','meilongxindouhui',1,31.098028,121.413353,'310000','310112');
        insert into s_landmark (landmarkid, landmarkname, pinyin, ltype, lat, lng, citycode, discode) values (25090,'上海胸科医院','shanghaixiongkeyiyuan',6,31.197746,121.425926,'310000','310104');
        insert into s_landmark (landmarkid, landmarkname, pinyin, ltype, lat, lng, citycode, discode) values (6068,'尚乐坊','shanglefang',1,31.105072,121.411232,'310000','310112');
        insert into s_landmark (landmarkid, landmarkname, pinyin, ltype, lat, lng, citycode, discode) values (5112,'上海体育学院','shanghaitiyuxueyuan',7,31.311424,121.525612,'310000','310110');
        insert into s_landmark (landmarkid, landmarkname, pinyin, ltype, lat, lng, citycode, discode) values (25091,'上海肺科医院','shanghaifeikeyiyuan',6,31.267328,121.680557,'310000','310115');
        insert into s_landmark (landmarkid, landmarkname, pinyin, ltype, lat, lng, citycode, discode) values (25088,'上海仁济医院东院','shanghairenjiyiyuandongyuan',6,31.208031,121.522667,'310000','310115');
        insert into s_landmark (landmarkid, landmarkname, pinyin, ltype, lat, lng, citycode, discode) values (6071,'欧尚闵行店','oushangminxingdian',1,30.746065,121.33551,'310000','310116');
        insert into s_landmark (landmarkid, landmarkname, pinyin, ltype, lat, lng, citycode, discode) values (9447,'上海城市规划展示馆','shanghaichengshiguihuazhanshiguan',5,31.206341,121.40934,'310000','310105');
        insert into s_landmark (landmarkid, landmarkname, pinyin, ltype, lat, lng, citycode, discode) values (25089,'上海仁济医院西院','shanghairenjiyiyuanxiyuan',6,31.233496,121.484413,'310000','310101');
        insert into s_landmark (landmarkid, landmarkname, pinyin, ltype, lat, lng, citycode, discode) values (6065,'仲盛世界商城','zhongshengshijieshangcheng',1,31.107033,121.387161,'310000','310112');
        insert into s_landmark (landmarkid, landmarkname, pinyin, ltype, lat, lng, citycode, discode) values (25094,'东方肝胆外科医院','dongfanggandanwaikeyiyuan',6,30.914495,121.644028,'310000','310120');
        insert into s_landmark (landmarkid, landmarkname, pinyin, ltype, lat, lng, citycode, discode) values (6064,'莘庄龙之梦','xinzhuanglongzhimeng',1,31.107897,121.378563,'310000','310112');
        insert into s_landmark (landmarkid, landmarkname, pinyin, ltype, lat, lng, citycode, discode) values (25095,'复旦大学附属妇产科医院','fudandaxuefushufuchankeyiyuan',6,31.159145,121.498199,'310000','310115');
        insert into s_landmark (landmarkid, landmarkname, pinyin, ltype, lat, lng, citycode, discode) values (6067,'十尚坊','shishangfang',1,31.137852,121.386665,'310000','310112');
        insert into s_landmark (landmarkid, landmarkname, pinyin, ltype, lat, lng, citycode, discode) values (25092,'上海岳阳医院','shanghaiyueyangyiyuan',6,31.288483,121.488998,'310000','310109');
        insert into s_landmark (landmarkid, landmarkname, pinyin, ltype, lat, lng, citycode, discode) values (25093,'上海市儿童医院','shanghaishiertongyiyuan',6,31.226591,121.386635,'310000','310107');
        insert into s_landmark (landmarkid, landmarkname, pinyin, ltype, lat, lng, citycode, discode) values (9453,'上海大观园','shanghaidaguanyuan',5,31.073051,120.909309,'310000','310118');
        insert into s_landmark (landmarkid, landmarkname, pinyin, ltype, lat, lng, citycode, discode) values (6077,'新梅联合广场','xinmeilianheguangchang',1,31.229689,121.51593,'310000','310115');
        insert into s_landmark (landmarkid, landmarkname, pinyin, ltype, lat, lng, citycode, discode) values (25098,'上海第一人民医院','shanghaidiyirenminyiyuan',6,31.2379,121.511238,'310000','310115');
        insert into s_landmark (landmarkid, landmarkname, pinyin, ltype, lat, lng, citycode, discode) values (6076,'96广场','96guangchang',1,31.227339,121.52504,'310000','310115');
        insert into s_landmark (landmarkid, landmarkname, pinyin, ltype, lat, lng, citycode, discode) values (9452,'上海锦江乐园','shanghaijinjiangleyuan',5,31.140587,121.409843,'310000','310112');
        insert into s_landmark (landmarkid, landmarkname, pinyin, ltype, lat, lng, citycode, discode) values (25099,'上海第六人民医院','shanghaidiliurenminyiyuan',6,31.178371,121.423981,'310000','310104');
        insert into s_landmark (landmarkid, landmarkname, pinyin, ltype, lat, lng, citycode, discode) values (9455,'上海枫泾古镇','shanghaifengjingguzhen',5,31.109383,121.157578,'310000','310118');
        insert into s_landmark (landmarkid, landmarkname, pinyin, ltype, lat, lng, citycode, discode) values (6079,'东方艺术中心','dongfangyishuzhongxin',1,31.222782,121.541374,'310000','310115');
        insert into s_landmark (landmarkid, landmarkname, pinyin, ltype, lat, lng, citycode, discode) values (25096,'复旦大学附属肿瘤医院','fudandaxuefushuzhongliuyiyuan',6,31.191666,121.453568,'310000','310104');
        insert into s_landmark (landmarkid, landmarkname, pinyin, ltype, lat, lng, citycode, discode) values (7425,'越洋广场','yueyangguangchang',1,31.223013,121.447533,'310000','310106');
        insert into s_landmark (landmarkid, landmarkname, pinyin, ltype, lat, lng, citycode, discode) values (9454,'上海太阳岛旅游度假区','shanghaitaiyangdaolu:youdujiaqu',5,31.034246,121.089394,'310000','310118');
        insert into s_landmark (landmarkid, landmarkname, pinyin, ltype, lat, lng, citycode, discode) values (25097,'复旦大学附属儿科医院','fudandaxuefushuerkeyiyuan',6,31.139479,121.395256,'310000','310112');
        insert into s_landmark (landmarkid, landmarkname, pinyin, ltype, lat, lng, citycode, discode) values (7424,'818广场','818guangchang',1,31.23094,121.461067,'310000','310106');
        insert into s_landmark (landmarkid, landmarkname, pinyin, ltype, lat, lng, citycode, discode) values (6073,'环球金融中心','huanqiujinrongzhongxin',1,31.234541,121.507675,'310000','310115');
        insert into s_landmark (landmarkid, landmarkname, pinyin, ltype, lat, lng, citycode, discode) values (10301,'上海科技馆','shanghaikejiguan',5,31.218309,121.541664,'310000','310115');
        insert into s_landmark (landmarkid, landmarkname, pinyin, ltype, lat, lng, citycode, discode) values (9449,'上海世纪公园','shanghaishijigongyuan',5,30.820332,121.519493,'310000','310120');
        insert into s_landmark (landmarkid, landmarkname, pinyin, ltype, lat, lng, citycode, discode) values (9448,'朱家角古镇','zhujiajiaoguzhen',5,31.456463,121.341064,'310000','310113');
        insert into s_landmark (landmarkid, landmarkname, pinyin, ltype, lat, lng, citycode, discode) values (6072,'国金中心','guojinzhongxin',1,31.235567,121.502609,'310000','310115');
        insert into s_landmark (landmarkid, landmarkname, pinyin, ltype, lat, lng, citycode, discode) values (6075,'金茂大厦','jinmaodasha',1,31.235315,121.505821,'310000','310115');
        insert into s_landmark (landmarkid, landmarkname, pinyin, ltype, lat, lng, citycode, discode) values (10303,'上海城市剧院','shanghaichengshijuyuan',5,31.206341,121.40934,'310000','310105');
        insert into s_landmark (landmarkid, landmarkname, pinyin, ltype, lat, lng, citycode, discode) values (25100,'上海第九人民医院','shanghaidijiurenminyiyuan',6,31.202953,121.486435,'310000','310101');
        insert into s_landmark (landmarkid, landmarkname, pinyin, ltype, lat, lng, citycode, discode) values (9451,'共青森林公园','gongqingsenlingongyuan',5,31.321842,121.546486,'310000','310110');
        insert into s_landmark (landmarkid, landmarkname, pinyin, ltype, lat, lng, citycode, discode) values (6074,'正大广场','zhengdaguangchang',1,31.236729,121.499146,'310000','310115');
        insert into s_landmark (landmarkid, landmarkname, pinyin, ltype, lat, lng, citycode, discode) values (9450,'上海野生动物园','shanghaiyeshengdongwuyuan',5,31.049717,121.709412,'310000','310115');
        insert into s_landmark (landmarkid, landmarkname, pinyin, ltype, lat, lng, citycode, discode) values (10302,'上海国际展览中心','shanghaiguojizhanlanzhongxin',5,31.20319,121.404015,'310000','310105');
        insert into s_landmark (landmarkid, landmarkname, pinyin, ltype, lat, lng, citycode, discode) values (25101,'上海第十人民医院','shanghaidishirenminyiyuan',6,31.271786,121.453934,'310000','310108');
        insert into s_landmark (landmarkid, landmarkname, pinyin, ltype, lat, lng, citycode, discode) values (6052,'高岛屋','gaodaowu',1,31.197617,121.403122,'310000','310105');
        insert into s_landmark (landmarkid, landmarkname, pinyin, ltype, lat, lng, citycode, discode) values (9460,'长风公园','zhangfenggongyuan',5,31.227425,121.399818,'310000','310107');
        insert into s_landmark (landmarkid, landmarkname, pinyin, ltype, lat, lng, citycode, discode) values (9461,'上海古猗园','shanghaiguyiyuan',5,31.294907,121.330017,'310000','310114');
        insert into s_landmark (landmarkid, landmarkname, pinyin, ltype, lat, lng, citycode, discode) values (6053,'龙之梦','longzhimeng',1,31.218563,121.416275,'310000','310105');
        insert into s_landmark (landmarkid, landmarkname, pinyin, ltype, lat, lng, citycode, discode) values (9462,'佘山','sheshan',5,31.089214,121.206688,'310000','310117');
        insert into s_landmark (landmarkid, landmarkname, pinyin, ltype, lat, lng, citycode, discode) values (6054,'巴黎春天长宁店','balichuntianzhangningdian',1,31.165609,121.340912,'310000','310112');
        insert into s_landmark (landmarkid, landmarkname, pinyin, ltype, lat, lng, citycode, discode) values (9463,'碧海金沙水上乐园','bihaijinshashuishangleyuan',5,30.818249,121.557861,'310000','310120');
        insert into s_landmark (landmarkid, landmarkname, pinyin, ltype, lat, lng, citycode, discode) values (6048,'世贸商城','shimaoshangcheng',1,31.201836,121.401062,'310000','310105');
        insert into s_landmark (landmarkid, landmarkname, pinyin, ltype, lat, lng, citycode, discode) values (6049,'虹桥友谊商城','hongqiaoyouyishangcheng',1,31.211102,121.405983,'310000','310107');
        insert into s_landmark (landmarkid, landmarkname, pinyin, ltype, lat, lng, citycode, discode) values (9457,'长风大洋海底世界','zhangfengdayanghaidishijie',5,31.231335,121.382828,'310000','310107');
        insert into s_landmark (landmarkid, landmarkname, pinyin, ltype, lat, lng, citycode, discode) values (9458,'申隆生态园','shenlongshengtaiyuan',5,30.891777,121.578041,'310000','310120');
        insert into s_landmark (landmarkid, landmarkname, pinyin, ltype, lat, lng, citycode, discode) values (6050,'汇金百货虹桥店','huijinbaihuohongqiaodian',1,31.195202,121.440758,'310000','310104');
        insert into s_landmark (landmarkid, landmarkname, pinyin, ltype, lat, lng, citycode, discode) values (9459,'上海太阳岛国际俱乐部','shanghaitaiyangdaoguojijulebu',5,31.242908,121.456795,'310000','310108');
        insert into s_landmark (landmarkid, landmarkname, pinyin, ltype, lat, lng, citycode, discode) values (9468,'海湾国家森林公园','haiwanguojiasenlingongyuan',5,30.865892,121.680809,'310000','310120');
        insert into s_landmark (landmarkid, landmarkname, pinyin, ltype, lat, lng, citycode, discode) values (6060,'巴黎春天七宝店','balichuntianqibaodian',1,31.168245,121.340187,'310000','310112');
        insert into s_landmark (landmarkid, landmarkname, pinyin, ltype, lat, lng, citycode, discode) values (9469,'檀园','tanyuan',5,31.291443,121.308098,'310000','310114');
        insert into s_landmark (landmarkid, landmarkname, pinyin, ltype, lat, lng, citycode, discode) values (6061,'七宝老街','qibaolaojie',1,31.153988,121.353691,'310000','310112');
        insert into s_landmark (landmarkid, landmarkname, pinyin, ltype, lat, lng, citycode, discode) values (6062,'汇宝购物广场','huibaogouwuguangchang',1,31.156469,121.349548,'310000','310112');
        insert into s_landmark (landmarkid, landmarkname, pinyin, ltype, lat, lng, citycode, discode) values (6057,'西郊百联','xijiaobailian',1,31.182192,121.368027,'310000','310112');
        insert into s_landmark (landmarkid, landmarkname, pinyin, ltype, lat, lng, citycode, discode) values (9466,'寻梦园','xunmengyuan',5,31.041363,121.091064,'310000','310118');
        insert into s_landmark (landmarkid, landmarkname, pinyin, ltype, lat, lng, citycode, discode) values (6059,'虹梅休闲街','hongmeixiuxianjie',1,31.221996,121.321922,'310000','310112');
        insert into s_landmark (landmarkid, landmarkname, pinyin, ltype, lat, lng, citycode, discode) values (7423,'静安嘉里中心','jinganjializhongxin',1,31.224596,121.450203,'310000','310106');
        insert into s_landmark (landmarkid, landmarkname, pinyin, ltype, lat, lng, citycode, discode) values (7422,'梅龙镇广场','meilongzhenguangchang',1,31.228594,121.456703,'310000','310106');
        insert into s_landmark (landmarkid, landmarkname, pinyin, ltype, lat, lng, citycode, discode) values (10716,'上海瑞金医院高架直升机场','shanghairuijinyiyuangaojiazhishengjichang',2,31.210283,121.466789,'310000','310101');
        insert into s_landmark (landmarkid, landmarkname, pinyin, ltype, lat, lng, citycode, discode) values (10713,'上海高东海上救助机场','shanghaigaodonghaishangjiuzhujichang',2,31.327013,121.62278,'310000','310115');
        insert into s_landmark (landmarkid, landmarkname, pinyin, ltype, lat, lng, citycode, discode) values (10714,'上海虹桥机场','shanghaihongqiaojichang',2,31.194796,121.349022,'310000','310105');
        insert into s_landmark (landmarkid, landmarkname, pinyin, ltype, lat, lng, citycode, discode) values (10715,'上海奥迪国际赛车场机场','shanghaiaodiguojisaichechangjichang',2,31.231707,121.472641,'310000','310000');
        insert into s_landmark (landmarkid, landmarkname, pinyin, ltype, lat, lng, citycode, discode) values (7923,'上海师范大学','shanghaishifandaxue',7,31.285048,121.544472,'310000','310110');
        insert into s_landmark (landmarkid, landmarkname, pinyin, ltype, lat, lng, citycode, discode) values (25082,'上海中山医院','shanghaizhongshanyiyuan',6,31.152712,121.137039,'310000','310118');
        insert into s_landmark (landmarkid, landmarkname, pinyin, ltype, lat, lng, citycode, discode) values (25083,'上海长征医院','shanghaizhangzhengyiyuan',6,31.276854,121.670288,'310000','310115');
        insert into s_landmark (landmarkid, landmarkname, pinyin, ltype, lat, lng, citycode, discode) values (7922,'上海理工大学','shanghailigongdaxue',7,31.212547,121.46035,'310000','310104');
        insert into s_landmark (landmarkid, landmarkname, pinyin, ltype, lat, lng, citycode, discode) values (7921,'华东政法大学','huadongzhengfadaxue',7,31.284893,121.544403,'310000','310110');
        insert into s_landmark (landmarkid, landmarkname, pinyin, ltype, lat, lng, citycode, discode) values (25081,'上海瑞金医院','shanghairuijinyiyuan',6,31.198776,121.483139,'310000','310101');
        insert into s_landmark (landmarkid, landmarkname, pinyin, ltype, lat, lng, citycode, discode) values (7927,'上海政法学院','shanghaizhengfaxueyuan',7,31.10964,121.174484,'310000','310117');
        insert into s_landmark (landmarkid, landmarkname, pinyin, ltype, lat, lng, citycode, discode) values (25086,'上海五官科医院','shanghaiwuguankeyiyuan',6,31.231707,121.472641,'310000','310000');
        insert into s_landmark (landmarkid, landmarkname, pinyin, ltype, lat, lng, citycode, discode) values (7926,'上海第二工业大学','shanghaidiergongyedaxue',7,31.271626,121.64901,'310000','310115');
        insert into s_landmark (landmarkid, landmarkname, pinyin, ltype, lat, lng, citycode, discode) values (25087,'上海龙华医院','shanghailonghuayiyuan',6,31.188681,121.450096,'310000','310104');
        insert into s_landmark (landmarkid, landmarkname, pinyin, ltype, lat, lng, citycode, discode) values (7925,'上海工程技术大学','shanghaigongchengjishudaxue',7,31.205303,121.396996,'310000','310105');
        insert into s_landmark (landmarkid, landmarkname, pinyin, ltype, lat, lng, citycode, discode) values (25084,'上海长海医院','shanghaizhanghaiyiyuan',6,31.309116,121.526314,'310000','310110');
        insert into s_landmark (landmarkid, landmarkname, pinyin, ltype, lat, lng, citycode, discode) values (7924,'上海中医药大学','shanghaizhongyiyaodaxue',7,31.192953,121.598045,'310000','310115');
        insert into s_landmark (landmarkid, landmarkname, pinyin, ltype, lat, lng, citycode, discode) values (25085,'上海新华医院','shanghaixinhuayiyuan',6,31.617641,121.39994,'310000','310230');
        insert into s_landmark (landmarkid, landmarkname, pinyin, ltype, lat, lng, citycode, discode) values (7931,'上海电力学院','shanghaidianlixueyuan',7,31.276487,121.546806,'310000','310110');
        insert into s_landmark (landmarkid, landmarkname, pinyin, ltype, lat, lng, citycode, discode) values (7930,'上海对外贸易学院','shanghaiduiwaimaoyixueyuan',7,31.231707,121.472641,'310000','310000');
        insert into s_landmark (landmarkid, landmarkname, pinyin, ltype, lat, lng, citycode, discode) values (7928,'上海交通大学','shanghaijiaotongdaxue',7,31.026041,121.440971,'310000','310112');
        insert into s_landmark (landmarkid, landmarkname, pinyin, ltype, lat, lng, citycode, discode) values (7935,'上海金融学院','shanghaijinrongxueyuan',7,31.242205,121.458122,'310000','310108');
        insert into s_landmark (landmarkid, landmarkname, pinyin, ltype, lat, lng, citycode, discode) values (7934,'上海立信会计学院','shanghailixinhuijixueyuan',7,31.046759,121.198616,'310000','310117');
        insert into s_landmark (landmarkid, landmarkname, pinyin, ltype, lat, lng, citycode, discode) values (7933,'上海应用技术学院','shanghaiyingyongjishuxueyuan',7,31.1576,121.375931,'310000','310112');
        insert into s_landmark (landmarkid, landmarkname, pinyin, ltype, lat, lng, citycode, discode) values (7911,'复旦大学','fudandaxue',7,31.336472,121.498718,'310000','310110');
        insert into s_landmark (landmarkid, landmarkname, pinyin, ltype, lat, lng, citycode, discode) values (7914,'华东理工大学','huadongligongdaxue',7,30.828426,121.502975,'310000','310120');
        insert into s_landmark (landmarkid, landmarkname, pinyin, ltype, lat, lng, citycode, discode) values (7915,'上海财经大学','shanghaicaijingdaxue',7,31.306419,121.497696,'310000','310110');
        insert into s_landmark (landmarkid, landmarkname, pinyin, ltype, lat, lng, citycode, discode) values (7912,'同济大学','tongjidaxue',7,31.288713,121.210861,'310000','310114');
        insert into s_landmark (landmarkid, landmarkname, pinyin, ltype, lat, lng, citycode, discode) values (7913,'华东师范大学','huadongshifandaxue',7,31.230452,121.390923,'310000','310107');
        insert into s_landmark (landmarkid, landmarkname, pinyin, ltype, lat, lng, citycode, discode) values (7918,'上海大学','shanghaidaxue',7,31.378304,121.24868,'310000','310114');
        insert into s_landmark (landmarkid, landmarkname, pinyin, ltype, lat, lng, citycode, discode) values (7919,'东华大学','donghuadaxue',7,31.059938,121.210938,'310000','310117');
        insert into s_landmark (landmarkid, landmarkname, pinyin, ltype, lat, lng, citycode, discode) values (7916,'上海外国语大学','shanghaiwaiguoyudaxue',7,31.050032,121.217751,'310000','310117');
        insert into s_landmark (landmarkid, landmarkname, pinyin, ltype, lat, lng, citycode, discode) values (7812,'南桥新都汇','nanqiaoxindouhui',1,30.935425,121.462364,'310000','310120');
        insert into s_landmark (landmarkid, landmarkname, pinyin, ltype, lat, lng, citycode, discode) values (8448,'环球金融中心','huanqiujinrongzhongxin',5,31.234541,121.507675,'310000','310115');
        insert into s_landmark (landmarkid, landmarkname, pinyin, ltype, lat, lng, citycode, discode) values (7813,'金山百联购物中心','jinshanbailiangouwuzhongxin',1,30.730215,121.349991,'310000','310116');
        insert into s_landmark (landmarkid, landmarkname, pinyin, ltype, lat, lng, citycode, discode) values (8449,'新大陆广场','xindaluguangchang',1,31.22917,121.518044,'310000','310115');
        insert into s_landmark (landmarkid, landmarkname, pinyin, ltype, lat, lng, citycode, discode) values (8450,'第一食品商城','diyishipinshangcheng',1,31.300318,121.513901,'310000','310110');
        insert into s_landmark (landmarkid, landmarkname, pinyin, ltype, lat, lng, citycode, discode) values (7811,'南桥百联购物中心','nanqiaobailiangouwuzhongxin',1,30.914003,121.485397,'310000','310120');
        insert into s_landmark (landmarkid, landmarkname, pinyin, ltype, lat, lng, citycode, discode) values (5129,'上海音乐学院','shanghaiyinlexueyuan',7,31.188887,121.453934,'310000','310104');
        insert into s_landmark (landmarkid, landmarkname, pinyin, ltype, lat, lng, citycode, discode) values (5128,'上海第二工业大学','shanghaidiergongyedaxue',7,31.271626,121.64901,'310000','310115');
        insert into s_landmark (landmarkid, landmarkname, pinyin, ltype, lat, lng, citycode, discode) values (5132,'上海财经大学','shanghaicaijingdaxue',7,31.306419,121.497696,'310000','310110');
        insert into s_landmark (landmarkid, landmarkname, pinyin, ltype, lat, lng, citycode, discode) values (6357,'大华虎城','dahuahucheng',1,31.267092,121.415047,'310000','310107');
        insert into s_landmark (landmarkid, landmarkname, pinyin, ltype, lat, lng, citycode, discode) values (6356,'绿地风尚广场','lu:difengshangguangchang',1,31.322279,121.444473,'310000','310113');
        insert into s_landmark (landmarkid, landmarkname, pinyin, ltype, lat, lng, citycode, discode) values (5127,'华东理工大学','huadongligongdaxue',7,30.828426,121.502975,'310000','310120');
        insert into s_landmark (landmarkid, landmarkname, pinyin, ltype, lat, lng, citycode, discode) values (5126,'上海工程技术大学','shanghaigongchengjishudaxue',7,31.205303,121.396996,'310000','310105');
        insert into s_landmark (landmarkid, landmarkname, pinyin, ltype, lat, lng, citycode, discode) values (5145,'上海海关学院','shanghaihaiguanxueyuan',7,31.167545,121.577065,'310000','310115');
        insert into s_landmark (landmarkid, landmarkname, pinyin, ltype, lat, lng, citycode, discode) values (5148,'上海中医药大学','shanghaizhongyiyaodaxue',7,31.192953,121.598045,'310000','310115');
        insert into s_landmark (landmarkid, landmarkname, pinyin, ltype, lat, lng, citycode, discode) values (8961,'诺亚新天地','nuoyaxintiandi',1,31.381914,121.495613,'310000','310113');
        insert into s_landmark (landmarkid, landmarkname, pinyin, ltype, lat, lng, citycode, discode) values (8962,'上海市第七人民医院','shanghaishidiqirenminyiyuan',6,31.342897,121.578728,'310000','310115');
        insert into s_landmark (landmarkid, landmarkname, pinyin, ltype, lat, lng, citycode, discode) values (5139,'上海建桥学院','shanghaijianqiaoxueyuan',7,31.149302,121.587296,'310000','310115');
        insert into s_landmark (landmarkid, landmarkname, pinyin, ltype, lat, lng, citycode, discode) values (5351,'热带风暴','redaifengbao',5,31.138628,121.37104,'310000','310112');
        insert into s_landmark (landmarkid, landmarkname, pinyin, ltype, lat, lng, citycode, discode) values (5346,'滴水湖','dishuihu',5,30.907269,121.929558,'310000','310115');
        insert into s_landmark (landmarkid, landmarkname, pinyin, ltype, lat, lng, citycode, discode) values (5345,'共青国家森林公园','gongqingguojiasenlingongyuan',5,31.320089,121.55085,'310000','310110');
        insert into s_landmark (landmarkid, landmarkname, pinyin, ltype, lat, lng, citycode, discode) values (13966,'上海兴岛医院','shanghaixingdaoyiyuan',6,31.390469,121.724632,'310000','310230');
        insert into s_landmark (landmarkid, landmarkname, pinyin, ltype, lat, lng, citycode, discode) values (13967,'上海交通大学医学院附属新华医院','shanghaijiaotongdaxueyixueyuanfushuxinhuayiyuan',6,31.617641,121.39994,'310000','310230');
        insert into s_landmark (landmarkid, landmarkname, pinyin, ltype, lat, lng, citycode, discode) values (5356,'辰山植物园西门','chenshanzhiwuyuanximen',5,31.074768,121.17971,'310000','310117');
        insert into s_landmark (landmarkid, landmarkname, pinyin, ltype, lat, lng, citycode, discode) values (5355,'上海月湖雕塑公园','shanghaiyuehudiaosugongyuan',5,31.100512,121.206108,'310000','310117');
        insert into s_landmark (landmarkid, landmarkname, pinyin, ltype, lat, lng, citycode, discode) values (5352,'金平路步行街','jinpinglubuxingjie',5,31.021088,121.407631,'310000','310112');
        insert into s_landmark (landmarkid, landmarkname, pinyin, ltype, lat, lng, citycode, discode) values (5353,'上海欢乐谷','shanghaihuanlegu',5,31.096336,121.215584,'310000','310117');
        insert into s_landmark (landmarkid, landmarkname, pinyin, ltype, lat, lng, citycode, discode) values (13975,'名岛生活广场','mingdaoshenghuoguangchang',1,31.496916,121.809387,'310000','310230');
        insert into s_landmark (landmarkid, landmarkname, pinyin, ltype, lat, lng, citycode, discode) values (6661,'东方商厦','dongfangshangsha',1,30.730762,121.348282,'310000','310116');
        insert into s_landmark (landmarkid, landmarkname, pinyin, ltype, lat, lng, citycode, discode) values (13974,'良茂商厦','liangmaoshangsha',1,31.625628,121.396919,'310000','310230');
        insert into s_landmark (landmarkid, landmarkname, pinyin, ltype, lat, lng, citycode, discode) values (7752,'尚嘉中心','shangjiazhongxin',1,31.205835,121.407066,'310000','310105');
        insert into s_landmark (landmarkid, landmarkname, pinyin, ltype, lat, lng, citycode, discode) values (6660,'大学路','daxuelu',5,30.841532,121.511421,'310000','310120');
        insert into s_landmark (landmarkid, landmarkname, pinyin, ltype, lat, lng, citycode, discode) values (13973,'崇明长途客运站','chongmingzhangtukeyunzhan',1,31.617411,121.394455,'310000','310230');
        insert into s_landmark (landmarkid, landmarkname, pinyin, ltype, lat, lng, citycode, discode) values (13972,'西门汽车站 ','ximenqichezhan ',2,31.61985,121.39241,'310000','310230');
        insert into s_landmark (landmarkid, landmarkname, pinyin, ltype, lat, lng, citycode, discode) values (13971,'堡镇汽车站','baozhenqichezhan',2,31.522896,121.609924,'310000','310230');
        insert into s_landmark (landmarkid, landmarkname, pinyin, ltype, lat, lng, citycode, discode) values (6657,'海上海','haishanghai',1,31.267279,121.508781,'310000','310110');
        insert into s_landmark (landmarkid, landmarkname, pinyin, ltype, lat, lng, citycode, discode) values (13970,'长兴岛客运站','zhangxingdaokeyunzhan',2,31.405022,121.681793,'310000','310230');
        insert into s_landmark (landmarkid, landmarkname, pinyin, ltype, lat, lng, citycode, discode) values (6656,'杨浦公园','yangpugongyuan',5,31.280664,121.536392,'310000','310110');
        insert into s_landmark (landmarkid, landmarkname, pinyin, ltype, lat, lng, citycode, discode) values (13969,'南门汽车站 ','nanmenqichezhan ',2,31.617376,121.394638,'310000','310230');
        insert into s_landmark (landmarkid, landmarkname, pinyin, ltype, lat, lng, citycode, discode) values (13968,'崇明县第二人民医院','chongmingxiandierrenminyiyuan',6,31.53013,121.623924,'310000','310230');
        insert into s_landmark (landmarkid, landmarkname, pinyin, ltype, lat, lng, citycode, discode) values (6658,'杨浦宝地广场','yangpubaodiguangchang',1,31.261322,121.511459,'310000','310110');
        insert into s_landmark (landmarkid, landmarkname, pinyin, ltype, lat, lng, citycode, discode) values (7745,'缤谷广场','binguguangchang',1,31.213446,121.39502,'310000','310105');
        insert into s_landmark (landmarkid, landmarkname, pinyin, ltype, lat, lng, citycode, discode) values (7747,'巴黎春天天山店','balichuntiantianshandian',1,31.165609,121.340912,'310000','310112');
        insert into s_landmark (landmarkid, landmarkname, pinyin, ltype, lat, lng, citycode, discode) values (7751,'古羊路休闲街','guyangluxiuxianjie',1,31.191563,121.389359,'310000','310112');
        insert into s_landmark (landmarkid, landmarkname, pinyin, ltype, lat, lng, citycode, discode) values (7784,'三林金谊广场','sanlinjinyiguangchang',1,31.140068,121.513847,'310000','310115');
        insert into s_landmark (landmarkid, landmarkname, pinyin, ltype, lat, lng, citycode, discode) values (5343,'顾村公园','gucungongyuan',5,31.351635,121.358055,'310000','310113');
        insert into s_landmark (landmarkid, landmarkname, pinyin, ltype, lat, lng, citycode, discode) values (25422,'复旦大学附属上海市华山医院','fudandaxuefushushanghaishihuashanyiyuan',6,31.336472,121.498718,'310000','310110');
        insert into s_landmark (landmarkid, landmarkname, pinyin, ltype, lat, lng, citycode, discode) values (5342,'美兰湖','meilanhu',5,31.40172,121.350121,'310000','310113');
        insert into s_landmark (landmarkid, landmarkname, pinyin, ltype, lat, lng, citycode, discode) values (7783,'三林长青商城','sanlinzhangqingshangcheng',1,31.161053,121.491104,'310000','310115');
        insert into s_landmark (landmarkid, landmarkname, pinyin, ltype, lat, lng, citycode, discode) values (478,'金山城市沙滩','jinshanchengshishatan',5,30.739876,121.341957,'310000','310116');
        insert into s_landmark (landmarkid, landmarkname, pinyin, ltype, lat, lng, citycode, discode) values (477,'上海海洋水族馆','shanghaihaiyangshuizuguan',5,31.240671,121.501701,'310000','310115');
        insert into s_landmark (landmarkid, landmarkname, pinyin, ltype, lat, lng, citycode, discode) values (6259,'汇客美食广场','huikemeishiguangchang',1,31.298761,121.448608,'310000','310108');
        insert into s_landmark (landmarkid, landmarkname, pinyin, ltype, lat, lng, citycode, discode) values (472,'南京路步行街','nanjinglubuxingjie',5,31.235785,121.480339,'310000','310101');
        insert into s_landmark (landmarkid, landmarkname, pinyin, ltype, lat, lng, citycode, discode) values (6256,'灵石公园','lingshigongyuan',5,31.275835,121.443672,'310000','310108');
        insert into s_landmark (landmarkid, landmarkname, pinyin, ltype, lat, lng, citycode, discode) values (6257,'宏基广场','hongjiguangchang',1,31.055614,121.765457,'310000','310115');
        insert into s_landmark (landmarkid, landmarkname, pinyin, ltype, lat, lng, citycode, discode) values (470,'新天地','xintiandi',5,30.787214,121.158813,'310000','310116');
        insert into s_landmark (landmarkid, landmarkname, pinyin, ltype, lat, lng, citycode, discode) values (468,'1933老场坊','1933laochangfang',5,31.25462,121.491928,'310000','310109');
        insert into s_landmark (landmarkid, landmarkname, pinyin, ltype, lat, lng, citycode, discode) values (466,'上海影视乐园','shanghaiyingshileyuan',5,31.012163,121.310196,'310000','310117');
        insert into s_landmark (landmarkid, landmarkname, pinyin, ltype, lat, lng, citycode, discode) values (467,'上海市动物园','shanghaishidongwuyuan',5,31.192314,121.364578,'310000','310105');
        insert into s_landmark (landmarkid, landmarkname, pinyin, ltype, lat, lng, citycode, discode) values (465,'古猗园','guyiyuan',5,31.294907,121.330017,'310000','310114');
        insert into s_landmark (landmarkid, landmarkname, pinyin, ltype, lat, lng, citycode, discode) values (13557,'上海新国际博览中心','shanghaixinguojibolanzhongxin',5,31.204865,121.565399,'310000','310115');
        insert into s_landmark (landmarkid, landmarkname, pinyin, ltype, lat, lng, citycode, discode) values (6255,'虹口龙之梦','hongkoulongzhimeng',1,31.27058,121.478645,'310000','310109');
        insert into s_landmark (landmarkid, landmarkname, pinyin, ltype, lat, lng, citycode, discode) values (6254,'中信泰富','zhongxintaifu',1,31.122194,121.046173,'310000','310118');
        insert into s_landmark (landmarkid, landmarkname, pinyin, ltype, lat, lng, citycode, discode) values (7687,'正大乐城','zhengdalecheng',1,31.18651,121.458054,'310000','310104');
        insert into s_landmark (landmarkid, landmarkname, pinyin, ltype, lat, lng, citycode, discode) values (6253,'上海大学（延长校区）','shanghaidaxue（yanzhangxiaoqu）',7,31.279127,121.457443,'310000','310108');
        insert into s_landmark (landmarkid, landmarkname, pinyin, ltype, lat, lng, citycode, discode) values (7686,'上海万体馆','shanghaiwantiguan',5,31.231707,121.472641,'310000','310000');
        insert into s_landmark (landmarkid, landmarkname, pinyin, ltype, lat, lng, citycode, discode) values (13561,'华东师范大学闵行校区','huadongshifandaxueminxingxiaoqu',7,31.031666,121.451729,'310000','310112');
        insert into s_landmark (landmarkid, landmarkname, pinyin, ltype, lat, lng, citycode, discode) values (10524,'田子坊','tianzifang',5,31.208456,121.469086,'310000','310101');
        insert into s_landmark (landmarkid, landmarkname, pinyin, ltype, lat, lng, citycode, discode) values (6228,'大宁国际','daningguoji',1,31.274534,121.452644,'310000','310108');
        insert into s_landmark (landmarkid, landmarkname, pinyin, ltype, lat, lng, citycode, discode) values (7743,'仙霞路休闲街','xianxialuxiuxianjie',1,31.191198,121.386269,'310000','310105');
        insert into s_landmark (landmarkid, landmarkname, pinyin, ltype, lat, lng, citycode, discode) values (6229,'彭浦夜市','pengpuyeshi',5,31.281563,121.44706,'310000','310108');
        insert into s_landmark (landmarkid, landmarkname, pinyin, ltype, lat, lng, citycode, discode) values (6230,'闸北公园','zhabeigongyuan',5,31.270676,121.460228,'310000','310108');
        insert into s_landmark (landmarkid, landmarkname, pinyin, ltype, lat, lng, citycode, discode) values (6231,'七浦路','qipulu',1,31.244673,121.474632,'310000','310108');
        insert into s_landmark (landmarkid, landmarkname, pinyin, ltype, lat, lng, citycode, discode) values (7738,'555商厦','555shangsha',1,31.230583,121.466446,'310000','310106');
        insert into s_landmark (landmarkid, landmarkname, pinyin, ltype, lat, lng, citycode, discode) values (7736,'向阳993商场','xiangyang993shangchang',1,31.536829,121.618111,'310000','310230');
        insert into s_landmark (landmarkid, landmarkname, pinyin, ltype, lat, lng, citycode, discode) values (6227,'太平洋百货（不夜城店）','taipingyangbaihuo（buyechengdian）',1,31.222715,121.474144,'310000','310101');
        insert into s_landmark (landmarkid, landmarkname, pinyin, ltype, lat, lng, citycode, discode) values (500,'七宝老街','qibaolaojie',5,31.153988,121.353691,'310000','310112');
        insert into s_landmark (landmarkid, landmarkname, pinyin, ltype, lat, lng, citycode, discode) values (7734,'四季坊','sijifang',1,31.229502,121.460236,'310000','310106');
        insert into s_landmark (landmarkid, landmarkname, pinyin, ltype, lat, lng, citycode, discode) values (6236,'108创意广场','108chuangyiguangchang',1,31.266428,121.465996,'310000','310108');
        insert into s_landmark (landmarkid, landmarkname, pinyin, ltype, lat, lng, citycode, discode) values (502,'淮海中路','huaihaizhonglu',5,31.237268,121.451439,'310000','310106');
        insert into s_landmark (landmarkid, landmarkname, pinyin, ltype, lat, lng, citycode, discode) values (496,'徐家汇天主教堂','xujiahuitianzhujiaotang',5,31.23065,121.284592,'310000','310112');
        insert into s_landmark (landmarkid, landmarkname, pinyin, ltype, lat, lng, citycode, discode) values (7730,'仙乐斯广场','xianlesiguangchang',1,31.231384,121.469025,'310000','310101');
        insert into s_landmark (landmarkid, landmarkname, pinyin, ltype, lat, lng, citycode, discode) values (6232,'大悦城','dayuecheng',1,31.242649,121.472054,'310000','310108');
        insert into s_landmark (landmarkid, landmarkname, pinyin, ltype, lat, lng, citycode, discode) values (497,'龙华寺','longhuasi',5,31.174351,121.451767,'310000','310104');
        insert into s_landmark (landmarkid, landmarkname, pinyin, ltype, lat, lng, citycode, discode) values (7731,'湟普汇','huangpuhui',1,31.228895,121.458954,'310000','310106');
        insert into s_landmark (landmarkid, landmarkname, pinyin, ltype, lat, lng, citycode, discode) values (6233,'王子百货','wangzibaihuo',1,31.253853,121.464256,'310000','310108');
        insert into s_landmark (landmarkid, landmarkname, pinyin, ltype, lat, lng, citycode, discode) values (498,'静安寺','jingansi',5,31.224726,121.44355,'310000','310106');
        insert into s_landmark (landmarkid, landmarkname, pinyin, ltype, lat, lng, citycode, discode) values (7728,'金鹰国际购物中心','jinyingguojigouwuzhongxin',1,31.227848,121.455223,'310000','310106');
        insert into s_landmark (landmarkid, landmarkname, pinyin, ltype, lat, lng, citycode, discode) values (6234,'盛源生活广场','shengyuanshenghuoguangchang',1,31.263601,121.455688,'310000','310108');
        insert into s_landmark (landmarkid, landmarkname, pinyin, ltype, lat, lng, citycode, discode) values (499,'上海文庙','shanghaiwenmiao',5,31.231707,121.472641,'310000','310000');
        insert into s_landmark (landmarkid, landmarkname, pinyin, ltype, lat, lng, citycode, discode) values (7729,'上海商城','shanghaishangcheng',1,31.255867,121.362808,'310000','310114');
        insert into s_landmark (landmarkid, landmarkname, pinyin, ltype, lat, lng, citycode, discode) values (492,'三甲港海滨乐园','sanjiaganghaibinleyuan',5,31.212276,121.770332,'310000','310115');
        insert into s_landmark (landmarkid, landmarkname, pinyin, ltype, lat, lng, citycode, discode) values (7726,'中信泰富广场','zhongxintaifuguangchang',1,31.228611,121.455688,'310000','310106');
        insert into s_landmark (landmarkid, landmarkname, pinyin, ltype, lat, lng, citycode, discode) values (495,'世纪公园','shijigongyuan',5,30.820332,121.519493,'310000','310120');
        insert into s_landmark (landmarkid, landmarkname, pinyin, ltype, lat, lng, citycode, discode) values (494,'外白渡桥','waibaiduqiao',5,31.243263,121.49015,'310000','310101');
        insert into s_landmark (landmarkid, landmarkname, pinyin, ltype, lat, lng, citycode, discode) values (7723,'悦达889广场','yueda889guangchang',1,31.229479,121.428604,'310000','310106');
        insert into s_landmark (landmarkid, landmarkname, pinyin, ltype, lat, lng, citycode, discode) values (491,'卢浦大桥','lupudaqiao',5,31.189289,121.48098,'310000','310101');
        insert into s_landmark (landmarkid, landmarkname, pinyin, ltype, lat, lng, citycode, discode) values (485,'南翔古镇','nanxiangguzhen',5,31.293978,121.320824,'310000','310114');
        insert into s_landmark (landmarkid, landmarkname, pinyin, ltype, lat, lng, citycode, discode) values (484,'上海博物馆','shanghaibowuguan',5,31.228357,121.475464,'310000','310101');
        insert into s_landmark (landmarkid, landmarkname, pinyin, ltype, lat, lng, citycode, discode) values (487,'上海植物园','shanghaizhiwuyuan',5,31.146702,121.445045,'310000','310104');
        insert into s_landmark (landmarkid, landmarkname, pinyin, ltype, lat, lng, citycode, discode) values (486,'泰晤士小镇','taiwushixiaozhen',5,31.029221,121.198029,'310000','310117');
        insert into s_landmark (landmarkid, landmarkname, pinyin, ltype, lat, lng, citycode, discode) values (481,'上海城隍庙','shanghaichenghuangmiao',5,31.225712,121.492523,'310000','310101');
        insert into s_landmark (landmarkid, landmarkname, pinyin, ltype, lat, lng, citycode, discode) values (7715,'开欣商厦','kaixinshangsha',1,31.144148,121.309456,'310000','310117');
        insert into s_landmark (landmarkid, landmarkname, pinyin, ltype, lat, lng, citycode, discode) values (480,'思南公馆','sinangongguan',5,31.214954,121.468407,'310000','310101');
        insert into s_landmark (landmarkid, landmarkname, pinyin, ltype, lat, lng, citycode, discode) values (483,'东方明珠','dongfangmingzhu',5,31.200077,121.519516,'310000','310115');
        insert into s_landmark (landmarkid, landmarkname, pinyin, ltype, lat, lng, citycode, discode) values (482,'滨江大道','binjiangdadao',5,31.244545,121.511589,'310000','310115');
        /****************************** 输出景点SQL脚本: 结束 ***********************************/

/** citycode 500000: 重庆城市 */
delete from s_subway where citycode = '500000';
delete from s_subway_stations where citycode = '500000';
        /******************************************************************************************/
        insert into s_subway (lineid, linename, citycode) values (52,'1号线','500000');
        insert into s_subway_stations (lineid, stationid, stationname, lat, lng, pinyin, citycode) values (52,1044,'小什字',29.559153,106.583139,'xiaoshenzi','500000');
        insert into s_subway_stations (lineid, stationid, stationname, lat, lng, pinyin, citycode) values (52,1045,'较场口',29.553263,106.572128,'jiaochangkou','500000');
        insert into s_subway_stations (lineid, stationid, stationname, lat, lng, pinyin, citycode) values (52,1046,'七星岗',29.555144,106.563077,'qixinggang','500000');
        insert into s_subway_stations (lineid, stationid, stationname, lat, lng, pinyin, citycode) values (52,1047,'两路口',29.552625,106.548729,'lianglukou','500000');
        insert into s_subway_stations (lineid, stationid, stationname, lat, lng, pinyin, citycode) values (52,1048,'鹅岭',29.548228,106.533024,'eling','500000');
        insert into s_subway_stations (lineid, stationid, stationname, lat, lng, pinyin, citycode) values (52,1049,'大坪',29.540672,106.51866,'daping','500000');
        insert into s_subway_stations (lineid, stationid, stationname, lat, lng, pinyin, citycode) values (52,1050,'石油路',29.538945,106.510184,'shiyoulu','500000');
        insert into s_subway_stations (lineid, stationid, stationname, lat, lng, pinyin, citycode) values (52,1051,'歇台子',29.535357,106.497255,'xietaizi','500000');
        insert into s_subway_stations (lineid, stationid, stationname, lat, lng, pinyin, citycode) values (52,1052,'石桥铺',29.532792,106.484972,'shiqiaopu','500000');
        insert into s_subway_stations (lineid, stationid, stationname, lat, lng, pinyin, citycode) values (52,1053,'高庙村',29.53637,106.469282,'gaomiaocun','500000');
        insert into s_subway_stations (lineid, stationid, stationname, lat, lng, pinyin, citycode) values (52,1560,'马家岩',29.545307,106.46852,'majiayan','500000');
        insert into s_subway_stations (lineid, stationid, stationname, lat, lng, pinyin, citycode) values (52,1055,'小龙坎',29.553519,106.468295,'xiaolongkan','500000');
        insert into s_subway_stations (lineid, stationid, stationname, lat, lng, pinyin, citycode) values (52,1056,'沙坪坝',29.556597,106.460422,'shapingba','500000');
        insert into s_subway_stations (lineid, stationid, stationname, lat, lng, pinyin, citycode) values (52,1057,'杨公桥',29.561764,106.450264,'yanggongqiao','500000');
        insert into s_subway_stations (lineid, stationid, stationname, lat, lng, pinyin, citycode) values (52,1058,'烈士墓',29.567342,106.445782,'lieshimu','500000');
        insert into s_subway_stations (lineid, stationid, stationname, lat, lng, pinyin, citycode) values (52,1059,'磁器口',29.576977,106.446501,'ciqikou','500000');
        insert into s_subway_stations (lineid, stationid, stationname, lat, lng, pinyin, citycode) values (52,1559,'石井坡',29.589543,106.444254,'shijingpo','500000');
        insert into s_subway_stations (lineid, stationid, stationname, lat, lng, pinyin, citycode) values (52,1061,'双碑',29.605498,106.444266,'shuangbei','500000');
        insert into s_subway_stations (lineid, stationid, stationname, lat, lng, pinyin, citycode) values (52,1062,'赖家桥',29.610302,106.381546,'laijiaqiao','500000');
        insert into s_subway_stations (lineid, stationid, stationname, lat, lng, pinyin, citycode) values (52,1558,'微电园',29.609647,106.362859,'weidianyuan','500000');
        insert into s_subway_stations (lineid, stationid, stationname, lat, lng, pinyin, citycode) values (52,1064,'陈家桥',29.607417,106.328648,'chenjiaqiao','500000');
        insert into s_subway_stations (lineid, stationid, stationname, lat, lng, pinyin, citycode) values (52,1065,'大学城',29.60737,106.309253,'daxuecheng','500000');
        insert into s_subway_stations (lineid, stationid, stationname, lat, lng, pinyin, citycode) values (52,1557,'尖顶坡',29.607439,106.294324,'jiandingpo','500000');
        /******************************************************************************************/
        insert into s_subway (lineid, linename, citycode) values (53,'2号线','500000');
        insert into s_subway_stations (lineid, stationid, stationname, lat, lng, pinyin, citycode) values (53,1564,'鱼洞',29.376074,106.506013,'yudong','500000');
        insert into s_subway_stations (lineid, stationid, stationname, lat, lng, pinyin, citycode) values (53,1567,'大江',29.384093,106.501072,'dajiang','500000');
        insert into s_subway_stations (lineid, stationid, stationname, lat, lng, pinyin, citycode) values (53,1563,'白居寺',29.414665,106.49221,'baijusi','500000');
        insert into s_subway_stations (lineid, stationid, stationname, lat, lng, pinyin, citycode) values (53,1565,'刘家坝',29.427742,106.482595,'liujiaba','500000');
        insert into s_subway_stations (lineid, stationid, stationname, lat, lng, pinyin, citycode) values (53,1562,'金家湾',29.438152,106.475464,'jinjiawan','500000');
        insert into s_subway_stations (lineid, stationid, stationname, lat, lng, pinyin, citycode) values (53,1561,'建桥',29.449372,106.474732,'jianqiao','500000');
        insert into s_subway_stations (lineid, stationid, stationname, lat, lng, pinyin, citycode) values (53,1566,'天堂堡',29.467147,106.47255,'tiantangbao','500000');
        insert into s_subway_stations (lineid, stationid, stationname, lat, lng, pinyin, citycode) values (53,1083,'新山村',29.471949,106.476136,'xinshancun','500000');
        insert into s_subway_stations (lineid, stationid, stationname, lat, lng, pinyin, citycode) values (53,1082,'大渡口',29.481617,106.478502,'dadukou','500000');
        insert into s_subway_stations (lineid, stationid, stationname, lat, lng, pinyin, citycode) values (53,1081,'平安',29.488624,106.484379,'pingan','500000');
        insert into s_subway_stations (lineid, stationid, stationname, lat, lng, pinyin, citycode) values (53,1080,'马王场',29.496056,106.488784,'mawangchang','500000');
        insert into s_subway_stations (lineid, stationid, stationname, lat, lng, pinyin, citycode) values (53,1079,'大堰村',29.499683,106.498903,'dayancun','500000');
        insert into s_subway_stations (lineid, stationid, stationname, lat, lng, pinyin, citycode) values (53,1078,'动物园',29.500124,106.509504,'dongwuyuan','500000');
        insert into s_subway_stations (lineid, stationid, stationname, lat, lng, pinyin, citycode) values (53,1077,'杨家坪',29.508009,106.513976,'yangjiaping','500000');
        insert into s_subway_stations (lineid, stationid, stationname, lat, lng, pinyin, citycode) values (53,1076,'谢家湾',29.519283,106.517605,'xiejiawan','500000');
        insert into s_subway_stations (lineid, stationid, stationname, lat, lng, pinyin, citycode) values (53,1075,'袁家岗',29.528849,106.513745,'yuanjiagang','500000');
        insert into s_subway_stations (lineid, stationid, stationname, lat, lng, pinyin, citycode) values (53,1074,'大坪',29.542009,106.519266,'daping','500000');
        insert into s_subway_stations (lineid, stationid, stationname, lat, lng, pinyin, citycode) values (53,1073,'佛图关',29.549269,106.531772,'fotuguan','500000');
        insert into s_subway_stations (lineid, stationid, stationname, lat, lng, pinyin, citycode) values (53,1072,'李子坝',29.552764,106.537611,'liziba','500000');
        insert into s_subway_stations (lineid, stationid, stationname, lat, lng, pinyin, citycode) values (53,1071,'牛角沱',29.560462,106.542398,'niujiaotuo','500000');
        insert into s_subway_stations (lineid, stationid, stationname, lat, lng, pinyin, citycode) values (53,1070,'曾家岩',29.566553,106.55014,'zengjiayan','500000');
        insert into s_subway_stations (lineid, stationid, stationname, lat, lng, pinyin, citycode) values (53,1069,'大溪沟',29.56615,106.558796,'daxigou','500000');
        insert into s_subway_stations (lineid, stationid, stationname, lat, lng, pinyin, citycode) values (53,1068,'黄花园',29.563408,106.56491,'huanghuayuan','500000');
        insert into s_subway_stations (lineid, stationid, stationname, lat, lng, pinyin, citycode) values (53,1067,'临江门',29.558313,106.573754,'linjiangmen','500000');
        insert into s_subway_stations (lineid, stationid, stationname, lat, lng, pinyin, citycode) values (53,1066,'较场口',29.553526,106.574267,'jiaochangkou','500000');
        /******************************************************************************************/
        insert into s_subway (lineid, linename, citycode) values (54,'3号线','500000');
        insert into s_subway_stations (lineid, stationid, stationname, lat, lng, pinyin, citycode) values (54,1091,'鱼洞',29.376135,106.506181,'yudong','500000');
        insert into s_subway_stations (lineid, stationid, stationname, lat, lng, pinyin, citycode) values (54,1319,'金竹',29.375635,106.524013,'jinzhu','500000');
        insert into s_subway_stations (lineid, stationid, stationname, lat, lng, pinyin, citycode) values (54,1320,'鱼胡路',29.377393,106.53928,'yuhulu','500000');
        insert into s_subway_stations (lineid, stationid, stationname, lat, lng, pinyin, citycode) values (54,1093,'学堂湾',29.397886,106.543177,'xuetangwan','500000');
        insert into s_subway_stations (lineid, stationid, stationname, lat, lng, pinyin, citycode) values (54,1321,'大山村',29.412787,106.54376,'dashancun','500000');
        insert into s_subway_stations (lineid, stationid, stationname, lat, lng, pinyin, citycode) values (54,1099,'花溪',29.432274,106.550283,'huaxi','500000');
        insert into s_subway_stations (lineid, stationid, stationname, lat, lng, pinyin, citycode) values (54,1096,'岔路口',29.448599,106.554612,'chalukou','500000');
        insert into s_subway_stations (lineid, stationid, stationname, lat, lng, pinyin, citycode) values (54,1322,'九公里',29.458533,106.559109,'jiugongli','500000');
        insert into s_subway_stations (lineid, stationid, stationname, lat, lng, pinyin, citycode) values (54,1098,'麒龙',29.46685,106.562779,'qilong','500000');
        insert into s_subway_stations (lineid, stationid, stationname, lat, lng, pinyin, citycode) values (54,1323,'八公里',29.478217,106.565944,'bagongli','500000');
        insert into s_subway_stations (lineid, stationid, stationname, lat, lng, pinyin, citycode) values (54,1100,'二塘',29.48897,106.572943,'ertang','500000');
        insert into s_subway_stations (lineid, stationid, stationname, lat, lng, pinyin, citycode) values (54,1101,'六公里',29.497625,106.573317,'liugongli','500000');
        insert into s_subway_stations (lineid, stationid, stationname, lat, lng, pinyin, citycode) values (54,1102,'五公里',29.507202,106.573842,'wugongli','500000');
        insert into s_subway_stations (lineid, stationid, stationname, lat, lng, pinyin, citycode) values (54,1103,'四公里',29.516532,106.576317,'sigongli','500000');
        insert into s_subway_stations (lineid, stationid, stationname, lat, lng, pinyin, citycode) values (54,1104,'南坪',29.525954,106.569905,'nanping','500000');
        insert into s_subway_stations (lineid, stationid, stationname, lat, lng, pinyin, citycode) values (54,1324,'工贸',29.531411,106.563668,'gongmao','500000');
        insert into s_subway_stations (lineid, stationid, stationname, lat, lng, pinyin, citycode) values (54,1325,'铜元局',29.536162,106.551663,'tongyuanju','500000');
        insert into s_subway_stations (lineid, stationid, stationname, lat, lng, pinyin, citycode) values (54,1105,'两路口',29.552991,106.548268,'lianglukou','500000');
        insert into s_subway_stations (lineid, stationid, stationname, lat, lng, pinyin, citycode) values (54,1106,'牛角沱',29.559244,106.54256,'niujiaotuo','500000');
        insert into s_subway_stations (lineid, stationid, stationname, lat, lng, pinyin, citycode) values (54,1107,'华新街',29.563898,106.537246,'huaxinjie','500000');
        insert into s_subway_stations (lineid, stationid, stationname, lat, lng, pinyin, citycode) values (54,1108,'观音桥',29.573535,106.533049,'guanyinqiao','500000');
        insert into s_subway_stations (lineid, stationid, stationname, lat, lng, pinyin, citycode) values (54,1109,'红旗河沟',29.585343,106.526414,'hongqihegou','500000');
        insert into s_subway_stations (lineid, stationid, stationname, lat, lng, pinyin, citycode) values (54,1110,'嘉州路',29.59548,106.52215,'jiazhoulu','500000');
        insert into s_subway_stations (lineid, stationid, stationname, lat, lng, pinyin, citycode) values (54,1111,'郑家院子',29.599507,106.529948,'zhengjiayuanzi','500000');
        insert into s_subway_stations (lineid, stationid, stationname, lat, lng, pinyin, citycode) values (54,1112,'唐家院子',29.599271,106.540492,'tangjiayuanzi','500000');
        insert into s_subway_stations (lineid, stationid, stationname, lat, lng, pinyin, citycode) values (54,1113,'狮子坪',29.601424,106.549165,'shiziping','500000');
        insert into s_subway_stations (lineid, stationid, stationname, lat, lng, pinyin, citycode) values (54,1114,'重庆北站',29.606897,106.549448,'zhongqingbeizhan','500000');
        insert into s_subway_stations (lineid, stationid, stationname, lat, lng, pinyin, citycode) values (54,1326,'龙头寺',29.616589,106.5495,'longtousi','500000');
        insert into s_subway_stations (lineid, stationid, stationname, lat, lng, pinyin, citycode) values (54,1115,'童家院子',29.628444,106.554601,'tongjiayuanzi','500000');
        insert into s_subway_stations (lineid, stationid, stationname, lat, lng, pinyin, citycode) values (54,1116,'金渝',29.63564,106.570317,'jinyu','500000');
        insert into s_subway_stations (lineid, stationid, stationname, lat, lng, pinyin, citycode) values (54,1117,'金童路',29.643394,106.567403,'jintonglu','500000');
        insert into s_subway_stations (lineid, stationid, stationname, lat, lng, pinyin, citycode) values (54,1118,'鸳鸯',29.66158,106.56036,'yuanyang','500000');
        insert into s_subway_stations (lineid, stationid, stationname, lat, lng, pinyin, citycode) values (54,1119,'园博园',29.674707,106.563943,'yuanboyuan','500000');
        insert into s_subway_stations (lineid, stationid, stationname, lat, lng, pinyin, citycode) values (54,1120,'翠云',29.685881,106.572778,'cuiyun','500000');
        insert into s_subway_stations (lineid, stationid, stationname, lat, lng, pinyin, citycode) values (54,1121,'长福路',29.687378,106.588518,'changfulu','500000');
        insert into s_subway_stations (lineid, stationid, stationname, lat, lng, pinyin, citycode) values (54,1122,'回兴',29.690572,106.606049,'huixing','500000');
        insert into s_subway_stations (lineid, stationid, stationname, lat, lng, pinyin, citycode) values (54,1123,'双龙',29.697911,106.61875,'shuanglong','500000');
        insert into s_subway_stations (lineid, stationid, stationname, lat, lng, pinyin, citycode) values (54,1124,'碧津',29.711019,106.632843,'bijin','500000');
        insert into s_subway_stations (lineid, stationid, stationname, lat, lng, pinyin, citycode) values (54,1125,'江北机场',29.71868,106.63826,'jiangbeijichang','500000');
        /******************************************************************************************/
        insert into s_subway (lineid, linename, citycode) values (79,'6号线','500000');
        insert into s_subway_stations (lineid, stationid, stationname, lat, lng, pinyin, citycode) values (79,1570,'北碚',29.825775,106.438124,'beibei','500000');
        insert into s_subway_stations (lineid, stationid, stationname, lat, lng, pinyin, citycode) values (79,1590,'天生',29.81632,106.423818,'tiansheng','500000');
        insert into s_subway_stations (lineid, stationid, stationname, lat, lng, pinyin, citycode) values (79,1580,'状元碑',29.803378,106.398795,'zhuangyuanbei','500000');
        insert into s_subway_stations (lineid, stationid, stationname, lat, lng, pinyin, citycode) values (79,1573,'龙凤溪',29.789772,106.403654,'longfengxi','500000');
        insert into s_subway_stations (lineid, stationid, stationname, lat, lng, pinyin, citycode) values (79,1587,'向家岗',29.73912,106.473231,'xiangjiagang','500000');
        insert into s_subway_stations (lineid, stationid, stationname, lat, lng, pinyin, citycode) values (79,1583,'蔡家',29.735895,106.491564,'caijia','500000');
        insert into s_subway_stations (lineid, stationid, stationname, lat, lng, pinyin, citycode) values (79,1585,'金山寺',29.679097,106.492033,'jinshansi','500000');
        insert into s_subway_stations (lineid, stationid, stationname, lat, lng, pinyin, citycode) values (79,1571,'礼嘉',29.667276,106.488146,'lijia','500000');
        insert into s_subway_stations (lineid, stationid, stationname, lat, lng, pinyin, citycode) values (79,1584,'九曲河',29.653708,106.482814,'jiuquhe','500000');
        insert into s_subway_stations (lineid, stationid, stationname, lat, lng, pinyin, citycode) values (79,1582,'康庄',29.634921,106.478879,'kangzhuang','500000');
        insert into s_subway_stations (lineid, stationid, stationname, lat, lng, pinyin, citycode) values (79,1594,'大竹林',29.628196,106.478411,'dazhulin','500000');
        insert into s_subway_stations (lineid, stationid, stationname, lat, lng, pinyin, citycode) values (79,1595,'光电园',29.616345,106.49937,'guangdianyuan','500000');
        insert into s_subway_stations (lineid, stationid, stationname, lat, lng, pinyin, citycode) values (79,1568,'冉家坝',29.598669,106.498854,'ranjiaba','500000');
        insert into s_subway_stations (lineid, stationid, stationname, lat, lng, pinyin, citycode) values (79,1593,'大龙山',29.58955,106.498791,'dalongshan','500000');
        insert into s_subway_stations (lineid, stationid, stationname, lat, lng, pinyin, citycode) values (79,1591,'花卉园',29.58327,106.513313,'huahuiyuan','500000');
        insert into s_subway_stations (lineid, stationid, stationname, lat, lng, pinyin, citycode) values (79,1576,'红旗河沟',29.585296,106.526176,'hongqihegou','500000');
        insert into s_subway_stations (lineid, stationid, stationname, lat, lng, pinyin, citycode) values (79,1578,'黄泥塝',29.588443,106.537761,'huangnibang','500000');
        insert into s_subway_stations (lineid, stationid, stationname, lat, lng, pinyin, citycode) values (79,1588,'红土地',29.584012,106.551163,'hongtudi','500000');
        insert into s_subway_stations (lineid, stationid, stationname, lat, lng, pinyin, citycode) values (79,1569,'五里店',29.585083,106.564972,'wulidian','500000');
        insert into s_subway_stations (lineid, stationid, stationname, lat, lng, pinyin, citycode) values (79,1572,'大剧院',29.569225,106.577088,'dajuyuan','500000');
        insert into s_subway_stations (lineid, stationid, stationname, lat, lng, pinyin, citycode) values (79,1581,'小什字',29.560194,106.583382,'xiaoshenzi','500000');
        insert into s_subway_stations (lineid, stationid, stationname, lat, lng, pinyin, citycode) values (79,1579,'上新街',29.556177,106.597117,'shangxinjie','500000');
        insert into s_subway_stations (lineid, stationid, stationname, lat, lng, pinyin, citycode) values (79,1592,'刘家坪',29.524693,106.655697,'liujiaping','500000');
        insert into s_subway_stations (lineid, stationid, stationname, lat, lng, pinyin, citycode) values (79,1577,'长生桥',29.510961,106.658065,'changshengqiao','500000');
        insert into s_subway_stations (lineid, stationid, stationname, lat, lng, pinyin, citycode) values (79,1589,'邱家湾',29.498015,106.649684,'qiujiawan','500000');
        insert into s_subway_stations (lineid, stationid, stationname, lat, lng, pinyin, citycode) values (79,1575,'茶园',29.487561,106.642904,'chayuan','500000');
        insert into s_subway_stations (lineid, stationid, stationname, lat, lng, pinyin, citycode) values (79,3650,'悦来',29.725565,106.548238,'yuelai','500000');
        insert into s_subway_stations (lineid, stationid, stationname, lat, lng, pinyin, citycode) values (79,3649,'国博中心',29.716614,106.54554,'guobozhongxin','500000');
        insert into s_subway_stations (lineid, stationid, stationname, lat, lng, pinyin, citycode) values (79,3648,'黄茅坪',29.676374,106.531649,'huangmaoping','500000');
        insert into s_subway_stations (lineid, stationid, stationname, lat, lng, pinyin, citycode) values (79,3651,'平场',29.669242,106.508543,'pingchang','500000');
        /******************************************************************************************/
        insert into s_subway (lineid, linename, citycode) values (80,'国博线','500000');
        insert into s_subway_stations (lineid, stationid, stationname, lat, lng, pinyin, citycode) values (80,1596,'悦来',29.725565,106.548238,'yuelai','500000');
        insert into s_subway_stations (lineid, stationid, stationname, lat, lng, pinyin, citycode) values (80,1597,'国博中心',29.716614,106.54554,'guobozhongxin','500000');
        insert into s_subway_stations (lineid, stationid, stationname, lat, lng, pinyin, citycode) values (80,1598,'礼嘉',29.667276,106.488146,'lijia','500000');

delete from s_areainfo where citycode='500000';
        /****************************** 输出行政区SQL脚本: 开始 ***********************************/
        insert into s_areainfo (areaid, areaname, pinyin, lat, lng, citycode, discode) values (42,'江北区','jiangbeiqu',29.575352,106.532845,'500000','500105');
        insert into s_areainfo (areaid, areaname, pinyin, lat, lng, citycode, discode) values (43,'渝北区','yubeiqu',29.60145,106.512848,'500000','500112');
        insert into s_areainfo (areaid, areaname, pinyin, lat, lng, citycode, discode) values (40,'渝中区','yuzhongqu',29.556742,106.562881,'500000','500103');
        insert into s_areainfo (areaid, areaname, pinyin, lat, lng, citycode, discode) values (41,'沙坪坝区','shapingbaqu',29.541224,106.454201,'500000','500106');
        insert into s_areainfo (areaid, areaname, pinyin, lat, lng, citycode, discode) values (46,'大渡口区','dadukouqu',29.481003,106.48613,'500000','500104');
        /****************************** 输出行政区SQL脚本: 结束 ***********************************/
delete from s_landmark where citycode='500000';
        /****************************** 输出景点SQL脚本: 开始 ***********************************/
        insert into s_landmark (landmarkid, landmarkname, pinyin, ltype, lat, lng, citycode, discode) values (16263,'铜梁博物馆','tongliangbowuguan',5,29.836386,106.054764,'500000','500151');
        insert into s_landmark (landmarkid, landmarkname, pinyin, ltype, lat, lng, citycode, discode) values (4885,'重庆理工大学','zhongqingligongdaxue',7,29.457983,106.529022,'500000','500113');
        insert into s_landmark (landmarkid, landmarkname, pinyin, ltype, lat, lng, citycode, discode) values (16258,'铜梁玉媛医院','tongliangyuyuanyiyuan',6,29.830875,106.046715,'500000','500151');
        insert into s_landmark (landmarkid, landmarkname, pinyin, ltype, lat, lng, citycode, discode) values (4881,'重庆科创职业学院','zhongqingkechuangzhiyexueyuan',7,29.370903,105.880318,'500000','500118');
        insert into s_landmark (landmarkid, landmarkname, pinyin, ltype, lat, lng, citycode, discode) values (5970,'龙湖·西城天街','longhu·xichengtianjie',1,29.509886,106.517433,'500000','500107');
        insert into s_landmark (landmarkid, landmarkname, pinyin, ltype, lat, lng, citycode, discode) values (5968,'百盛南坪店','baishengnanpingdian',1,29.608759,106.508293,'500000','500112');
        insert into s_landmark (landmarkid, landmarkname, pinyin, ltype, lat, lng, citycode, discode) values (5969,'南坪步行街','nanpingbuxingjie',1,29.524296,106.56366,'500000','500108');
        insert into s_landmark (landmarkid, landmarkname, pinyin, ltype, lat, lng, citycode, discode) values (5972,'福斯德广场','fusideguangchang',1,30.800667,108.37468,'500000','500101');
        insert into s_landmark (landmarkid, landmarkname, pinyin, ltype, lat, lng, citycode, discode) values (16267,'重庆传媒职业技术学院','zhongqingchuanmeizhiyejishuxueyuan',7,29.85441,106.072319,'500000','500151');
        insert into s_landmark (landmarkid, landmarkname, pinyin, ltype, lat, lng, citycode, discode) values (16277,'海棠医院','haitangyiyuan',6,29.402315,105.605232,'500000','500226');
        insert into s_landmark (landmarkid, landmarkname, pinyin, ltype, lat, lng, citycode, discode) values (5963,'茂业百货','maoyebaihuo',1,29.577393,106.531006,'500000','500105');
        insert into s_landmark (landmarkid, landmarkname, pinyin, ltype, lat, lng, citycode, discode) values (16279,'荣昌县汽车站','rongchangxianqichezhan',2,29.411041,105.635101,'500000','500226');
        insert into s_landmark (landmarkid, landmarkname, pinyin, ltype, lat, lng, citycode, discode) values (5961,'煌华新纪元购物广场','huanghuaxinjiyuangouwuguangchang',1,29.558546,106.461731,'500000','500106');
        insert into s_landmark (landmarkid, landmarkname, pinyin, ltype, lat, lng, citycode, discode) values (5960,'重庆天地','zhongqingtiandi',1,29.549646,106.515617,'500000','500103');
        insert into s_landmark (landmarkid, landmarkname, pinyin, ltype, lat, lng, citycode, discode) values (16273,'荣昌县汽车总站','rongchangxianqichezongzhan',2,29.411036,105.635094,'500000','500226');
        insert into s_landmark (landmarkid, landmarkname, pinyin, ltype, lat, lng, citycode, discode) values (5966,'大融城购物中心','darongchenggouwuzhongxin',1,29.575645,106.533089,'500000','500105');
        insert into s_landmark (landmarkid, landmarkname, pinyin, ltype, lat, lng, citycode, discode) values (4866,'重庆财经职业学院','zhongqingcaijingzhiyexueyuan',7,29.367912,105.886574,'500000','500118');
        insert into s_landmark (landmarkid, landmarkname, pinyin, ltype, lat, lng, citycode, discode) values (5964,'北城天街广场','beichengtianjieguangchang',1,29.602388,106.54818,'500000','500112');
        insert into s_landmark (landmarkid, landmarkname, pinyin, ltype, lat, lng, citycode, discode) values (5955,'中华广场','zhonghuaguangchang',1,29.552145,106.54882,'500000','500103');
        insert into s_landmark (landmarkid, landmarkname, pinyin, ltype, lat, lng, citycode, discode) values (5952,'地王广场','diwangguangchang',1,31.02006,109.466438,'500000','500236');
        insert into s_landmark (landmarkid, landmarkname, pinyin, ltype, lat, lng, citycode, discode) values (4874,'长江师范学院江东校区','zhangjiangshifanxueyuanjiangdongxiaoqu',7,29.698278,107.418732,'500000','500102');
        insert into s_landmark (landmarkid, landmarkname, pinyin, ltype, lat, lng, citycode, discode) values (5958,'洪崖洞','hongyadong',1,29.562225,106.579041,'500000','500103');
        insert into s_landmark (landmarkid, landmarkname, pinyin, ltype, lat, lng, citycode, discode) values (16295,'荣昌火车站','rongchanghuochezhan',2,29.403627,105.594063,'500000','500226');
        insert into s_landmark (landmarkid, landmarkname, pinyin, ltype, lat, lng, citycode, discode) values (16293,'西南大学荣昌校区','xinandaxuerongchangxiaoqu',7,29.397182,105.581154,'500000','500226');
        insert into s_landmark (landmarkid, landmarkname, pinyin, ltype, lat, lng, citycode, discode) values (16303,'永荣总医院','yongrongzongyiyuan',6,29.388849,105.563469,'500000','500226');
        insert into s_landmark (landmarkid, landmarkname, pinyin, ltype, lat, lng, citycode, discode) values (16301,'财富广场','caifuguangchang',5,29.707012,106.611931,'500000','500112');
        insert into s_landmark (landmarkid, landmarkname, pinyin, ltype, lat, lng, citycode, discode) values (16311,'璧山县中医院','bishanxianzhongyiyuan',6,29.588444,106.231873,'500000','500120');
        insert into s_landmark (landmarkid, landmarkname, pinyin, ltype, lat, lng, citycode, discode) values (16310,'璧山县人民医院','bishanxianrenminyiyuan',6,29.588753,106.223045,'500000','500120');
        insert into s_landmark (landmarkid, landmarkname, pinyin, ltype, lat, lng, citycode, discode) values (16309,'北三医院','beisanyiyuan',6,29.597614,106.225281,'500000','500120');
        insert into s_landmark (landmarkid, landmarkname, pinyin, ltype, lat, lng, citycode, discode) values (16306,'百家乐商场','baijialeshangchang',1,30.110424,107.678253,'500000','500230');
        insert into s_landmark (landmarkid, landmarkname, pinyin, ltype, lat, lng, citycode, discode) values (13568,'东温泉景区','dongwenquanjingqu',5,29.456411,106.857391,'500000','500113');
        insert into s_landmark (landmarkid, landmarkname, pinyin, ltype, lat, lng, citycode, discode) values (16312,'璧山西城医院','bishanxichengyiyuan',6,29.588034,106.236107,'500000','500120');
        insert into s_landmark (landmarkid, landmarkname, pinyin, ltype, lat, lng, citycode, discode) values (16322,'重庆市交通职业学校','zhongqingshijiaotongzhiyexuexiao',7,29.605955,106.240425,'500000','500120');
        insert into s_landmark (landmarkid, landmarkname, pinyin, ltype, lat, lng, citycode, discode) values (16325,'星岛公园','xingdaogongyuan',5,29.563684,106.236305,'500000','500120');
        insert into s_landmark (landmarkid, landmarkname, pinyin, ltype, lat, lng, citycode, discode) values (6624,'协信星光时代广场','xiexinxingguangshidaiguangchang',1,29.522512,106.570145,'500000','500108');
        insert into s_landmark (landmarkid, landmarkname, pinyin, ltype, lat, lng, citycode, discode) values (5949,'大都会广场','dadouhuiguangchang',1,29.557634,106.579025,'500000','500103');
        insert into s_landmark (landmarkid, landmarkname, pinyin, ltype, lat, lng, citycode, discode) values (5951,'重庆世贸中心','zhongqingshimaozhongxin',1,29.557997,106.574509,'500000','500103');
        insert into s_landmark (landmarkid, landmarkname, pinyin, ltype, lat, lng, citycode, discode) values (8227,'重庆大学','zhongqingdaxue',7,29.557201,106.453407,'500000','500106');
        insert into s_landmark (landmarkid, landmarkname, pinyin, ltype, lat, lng, citycode, discode) values (8228,'重庆交通大学','zhongqingjiaotongdaxue',7,29.552633,106.572144,'500000','500103');
        insert into s_landmark (landmarkid, landmarkname, pinyin, ltype, lat, lng, citycode, discode) values (8229,'重庆工商大学','zhongqinggongshangdaxue',7,29.387142,106.500305,'500000','500113');
        insert into s_landmark (landmarkid, landmarkname, pinyin, ltype, lat, lng, citycode, discode) values (8230,'重庆邮电大学','zhongqingyoudiandaxue',7,29.61685,106.324394,'500000','500106');
        insert into s_landmark (landmarkid, landmarkname, pinyin, ltype, lat, lng, citycode, discode) values (8231,'重庆医科大学','zhongqingyikedaxue',7,29.532724,106.509377,'500000','500103');
        insert into s_landmark (landmarkid, landmarkname, pinyin, ltype, lat, lng, citycode, discode) values (110,'重庆西站','zhongqingxizhan',2,29.426905,106.432045,'500000','500107');
        insert into s_landmark (landmarkid, landmarkname, pinyin, ltype, lat, lng, citycode, discode) values (8232,'西南大学','xinandaxue',7,29.820271,106.419098,'500000','500109');
        insert into s_landmark (landmarkid, landmarkname, pinyin, ltype, lat, lng, citycode, discode) values (7137,'商社汇','shangshehui',1,29.38389,106.524841,'500000','500113');
        insert into s_landmark (landmarkid, landmarkname, pinyin, ltype, lat, lng, citycode, discode) values (108,'重庆东站','zhongqingdongzhan',2,29.503977,106.439667,'500000','500106');
        insert into s_landmark (landmarkid, landmarkname, pinyin, ltype, lat, lng, citycode, discode) values (8234,'四川外语学院','sichuanwaiyuxueyuan',7,29.569811,106.438515,'500000','500106');
        insert into s_landmark (landmarkid, landmarkname, pinyin, ltype, lat, lng, citycode, discode) values (8235,'重庆理工大学','zhongqingligongdaxue',7,29.457983,106.529022,'500000','500113');
        insert into s_landmark (landmarkid, landmarkname, pinyin, ltype, lat, lng, citycode, discode) values (109,'重庆北站','zhongqingbeizhan',2,29.607603,106.55085,'500000','500112');
        insert into s_landmark (landmarkid, landmarkname, pinyin, ltype, lat, lng, citycode, discode) values (106,'重庆站','zhongqingzhan',2,29.549747,106.547668,'500000','500103');
        insert into s_landmark (landmarkid, landmarkname, pinyin, ltype, lat, lng, citycode, discode) values (7140,'龙洲湾','longzhouwan',1,29.387833,106.539551,'500000','500113');
        insert into s_landmark (landmarkid, landmarkname, pinyin, ltype, lat, lng, citycode, discode) values (107,'重庆南站','zhongqingnanzhan',2,29.49585,106.539375,'500000','500107');
        insert into s_landmark (landmarkid, landmarkname, pinyin, ltype, lat, lng, citycode, discode) values (8238,'重庆师范大学','zhongqingshifandaxue',7,29.610741,106.292488,'500000','500106');
        insert into s_landmark (landmarkid, landmarkname, pinyin, ltype, lat, lng, citycode, discode) values (8239,'西南政法大学','xinanzhengfadaxue',7,29.661867,106.590179,'500000','500112');
        insert into s_landmark (landmarkid, landmarkname, pinyin, ltype, lat, lng, citycode, discode) values (6623,'东原1891','dongyuan1891',1,29.544786,106.588631,'500000','500108');
        insert into s_landmark (landmarkid, landmarkname, pinyin, ltype, lat, lng, citycode, discode) values (8240,'中共重庆市委党校','zhonggongzhongqingshiweidangxiao',7,29.533155,106.504959,'500000','500000');
        insert into s_landmark (landmarkid, landmarkname, pinyin, ltype, lat, lng, citycode, discode) values (6622,'盛汇广场','shenghuiguangchang',1,29.531288,106.565384,'500000','500108');
        insert into s_landmark (landmarkid, landmarkname, pinyin, ltype, lat, lng, citycode, discode) values (8242,'重庆通信学院','zhongqingtongxinxueyuan',7,29.573015,106.438599,'500000','500106');
        insert into s_landmark (landmarkid, landmarkname, pinyin, ltype, lat, lng, citycode, discode) values (6620,'元旦百货','yuandanbaihuo',1,29.525545,106.564491,'500000','500108');
        insert into s_landmark (landmarkid, landmarkname, pinyin, ltype, lat, lng, citycode, discode) values (6619,'万达广场','wandaguangchang',1,29.524284,106.563683,'500000','500108');
        insert into s_landmark (landmarkid, landmarkname, pinyin, ltype, lat, lng, citycode, discode) values (25614,'重庆新桥医院','zhongqingxinqiaoyiyuan',6,29.5226,106.438026,'500000','500106');
        insert into s_landmark (landmarkid, landmarkname, pinyin, ltype, lat, lng, citycode, discode) values (25615,'重庆武警总队医院','zhongqingwujingzongduiyiyuan',6,29.58177,106.587112,'500000','500108');
        insert into s_landmark (landmarkid, landmarkname, pinyin, ltype, lat, lng, citycode, discode) values (7529,'铁山坪森林公园','tieshanpingsenlingongyuan',5,29.612654,106.680077,'500000','500105');
        insert into s_landmark (landmarkid, landmarkname, pinyin, ltype, lat, lng, citycode, discode) values (8390,'四川美术学院','sichuanmeishuxueyuan',7,29.487719,106.542694,'500000','500107');
        insert into s_landmark (landmarkid, landmarkname, pinyin, ltype, lat, lng, citycode, discode) values (8384,'盛世华城','shengshihuacheng',1,29.830317,106.05098,'500000','500151');
        insert into s_landmark (landmarkid, landmarkname, pinyin, ltype, lat, lng, citycode, discode) values (25628,'重庆市妇幼保健院','zhongqingshifuyoubaojianyuan',6,29.673195,106.565979,'500000','500112');
        insert into s_landmark (landmarkid, landmarkname, pinyin, ltype, lat, lng, citycode, discode) values (25627,'重庆市第九人民医院','zhongqingshidijiurenminyiyuan',6,29.825176,106.433662,'500000','500109');
        insert into s_landmark (landmarkid, landmarkname, pinyin, ltype, lat, lng, citycode, discode) values (25626,'重庆医科大学附属儿童医院','zhongqingyikedaxuefushuertongyiyuan',6,29.555506,106.554329,'500000','500103');
        insert into s_landmark (landmarkid, landmarkname, pinyin, ltype, lat, lng, citycode, discode) values (25625,'重庆大坪医院','zhongqingdapingyiyuan',6,29.542656,106.522446,'500000','500103');
        insert into s_landmark (landmarkid, landmarkname, pinyin, ltype, lat, lng, citycode, discode) values (25624,'涪陵区中心医院','fulingquzhongxinyiyuan',6,29.703726,107.397148,'500000','500102');
        insert into s_landmark (landmarkid, landmarkname, pinyin, ltype, lat, lng, citycode, discode) values (25623,'重庆和平医院','zhongqinghepingyiyuan',6,29.574734,106.540382,'500000','500105');
        insert into s_landmark (landmarkid, landmarkname, pinyin, ltype, lat, lng, citycode, discode) values (25622,'重庆口腔医院','zhongqingkouqiangyiyuan',6,29.559395,106.546547,'500000','500103');
        insert into s_landmark (landmarkid, landmarkname, pinyin, ltype, lat, lng, citycode, discode) values (25621,'重庆三峡中心医院儿童分院','zhongqingsanxiazhongxinyiyuanertongfenyuan',6,30.783701,109.35289,'500000','500236');
        insert into s_landmark (landmarkid, landmarkname, pinyin, ltype, lat, lng, citycode, discode) values (25620,'重庆三峡中心医院','zhongqingsanxiazhongxinyiyuan',6,30.75688,108.445114,'500000','500101');
        insert into s_landmark (landmarkid, landmarkname, pinyin, ltype, lat, lng, citycode, discode) values (25619,'重庆市第四人民医院','zhongqingshidisirenminyiyuan',6,29.552837,106.546684,'500000','500103');
        insert into s_landmark (landmarkid, landmarkname, pinyin, ltype, lat, lng, citycode, discode) values (25618,'重庆市第三人民医院','zhongqingshidisanrenminyiyuan',6,29.553226,106.553421,'500000','500103');
        insert into s_landmark (landmarkid, landmarkname, pinyin, ltype, lat, lng, citycode, discode) values (25617,'重庆市第一人民医院','zhongqingshidiyirenminyiyuan',6,29.591778,106.482033,'500000','500105');
        insert into s_landmark (landmarkid, landmarkname, pinyin, ltype, lat, lng, citycode, discode) values (25616,'重庆市中医院','zhongqingshizhongyiyuan',6,29.558598,106.583855,'500000','500103');
        insert into s_landmark (landmarkid, landmarkname, pinyin, ltype, lat, lng, citycode, discode) values (19098,'奉节县朱衣滨河公园','fengjiexianzhuyibinhegongyuan',5,31.015837,109.402649,'500000','500236');
        insert into s_landmark (landmarkid, landmarkname, pinyin, ltype, lat, lng, citycode, discode) values (7492,'重庆航天职业技术学院','zhongqinghangtianzhiyejishuxueyuan',7,29.575897,106.506065,'500000','500112');
        insert into s_landmark (landmarkid, landmarkname, pinyin, ltype, lat, lng, citycode, discode) values (7488,'江北国际机场','jiangbeiguojijichang',2,29.716311,106.638184,'500000','500112');
        insert into s_landmark (landmarkid, landmarkname, pinyin, ltype, lat, lng, citycode, discode) values (7519,'鸿恩寺森林公园','hongensisenlingongyuan',5,29.571268,106.506271,'500000','500105');
        insert into s_landmark (landmarkid, landmarkname, pinyin, ltype, lat, lng, citycode, discode) values (7508,'金源方特科幻公园','jinyuanfangtekehuangongyuan',5,29.559446,106.525696,'500000','500105');
        insert into s_landmark (landmarkid, landmarkname, pinyin, ltype, lat, lng, citycode, discode) values (7465,'新世纪百货（观音桥）','xinshijibaihuo（guanyinqiao）',1,31.169827,108.405212,'500000','500234');
        insert into s_landmark (landmarkid, landmarkname, pinyin, ltype, lat, lng, citycode, discode) values (7467,'融恒时代广场','ronghengshidaiguangchang',1,29.572784,106.53389,'500000','500105');
        insert into s_landmark (landmarkid, landmarkname, pinyin, ltype, lat, lng, citycode, discode) values (16207,'潼南县中医院','tongnanxianzhongyiyuan',6,30.177071,105.83223,'500000','500223');
        insert into s_landmark (landmarkid, landmarkname, pinyin, ltype, lat, lng, citycode, discode) values (7456,'爱尔眼科医院','aieryankeyiyuan',6,29.571882,106.534882,'500000','500105');
        insert into s_landmark (landmarkid, landmarkname, pinyin, ltype, lat, lng, citycode, discode) values (7458,'新世界百货（观音桥）','xinshijiebaihuo（guanyinqiao）',1,28.446135,108.990364,'500000','500241');
        insert into s_landmark (landmarkid, landmarkname, pinyin, ltype, lat, lng, citycode, discode) values (16217,'潼南奋进广场','tongnanfenjinguangchang',5,30.189777,105.840233,'500000','500223');
        insert into s_landmark (landmarkid, landmarkname, pinyin, ltype, lat, lng, citycode, discode) values (7481,'协信星光68','xiexinxingguang68',1,29.707159,107.398521,'500000','500102');
        insert into s_landmark (landmarkid, landmarkname, pinyin, ltype, lat, lng, citycode, discode) values (7483,'金源不夜城','jinyuanbuyecheng',1,29.574814,106.52977,'500000','500105');
        insert into s_landmark (landmarkid, landmarkname, pinyin, ltype, lat, lng, citycode, discode) values (7484,'金源时代购物广场','jinyuanshidaigouwuguangchang',1,29.483604,105.768013,'500000','500111');
        insert into s_landmark (landmarkid, landmarkname, pinyin, ltype, lat, lng, citycode, discode) values (7485,'远东百货','yuandongbaihuo',1,29.578526,106.533943,'500000','500105');
        insert into s_landmark (landmarkid, landmarkname, pinyin, ltype, lat, lng, citycode, discode) values (7486,'朗晴广场','langqingguangchang',1,29.571585,106.529243,'500000','500105');
        insert into s_landmark (landmarkid, landmarkname, pinyin, ltype, lat, lng, citycode, discode) values (16209,'潼南县仁义医院','tongnanxianrenyiyiyuan',6,30.187185,105.838158,'500000','500223');
        insert into s_landmark (landmarkid, landmarkname, pinyin, ltype, lat, lng, citycode, discode) values (7473,'星天广场','xingtianguangchang',1,29.576458,106.533875,'500000','500105');
        insert into s_landmark (landmarkid, landmarkname, pinyin, ltype, lat, lng, citycode, discode) values (713,'三峡广场','sanxiaguangchang',5,29.704411,107.373383,'500000','500102');
        insert into s_landmark (landmarkid, landmarkname, pinyin, ltype, lat, lng, citycode, discode) values (16233,'新城购物中心','xinchenggouwuzhongxin',1,31.072248,109.497963,'500000','500236');
        insert into s_landmark (landmarkid, landmarkname, pinyin, ltype, lat, lng, citycode, discode) values (715,'罗汉寺','luohansi',5,30.804615,108.385696,'500000','500101');
        insert into s_landmark (landmarkid, landmarkname, pinyin, ltype, lat, lng, citycode, discode) values (717,'朝天门','chaotianmen',5,29.37326,109.076157,'500000','500242');
        insert into s_landmark (landmarkid, landmarkname, pinyin, ltype, lat, lng, citycode, discode) values (716,'白公馆','baigongguan',5,29.576391,106.433388,'500000','500106');
        insert into s_landmark (landmarkid, landmarkname, pinyin, ltype, lat, lng, citycode, discode) values (719,'磁器口古镇','ciqikouguzhen',5,29.581543,106.451683,'500000','500106');
        insert into s_landmark (landmarkid, landmarkname, pinyin, ltype, lat, lng, citycode, discode) values (8367,'凯德广场','kaideguangchang',1,29.556606,106.463013,'500000','500106');
        insert into s_landmark (landmarkid, landmarkname, pinyin, ltype, lat, lng, citycode, discode) values (718,'歌乐山国家森林公园','geleshanguojiasenlingongyuan',5,29.570042,106.42849,'500000','500106');
        insert into s_landmark (landmarkid, landmarkname, pinyin, ltype, lat, lng, citycode, discode) values (8366,'炫地购物中心','xuandigouwuzhongxin',1,29.55751,106.459862,'500000','500106');
        insert into s_landmark (landmarkid, landmarkname, pinyin, ltype, lat, lng, citycode, discode) values (16227,'新城公园','xinchenggongyuan',5,30.184238,105.842171,'500000','500223');
        insert into s_landmark (landmarkid, landmarkname, pinyin, ltype, lat, lng, citycode, discode) values (16226,'潼南县人民医院','tongnanxianrenminyiyuan',6,30.177177,105.816132,'500000','500223');
        insert into s_landmark (landmarkid, landmarkname, pinyin, ltype, lat, lng, citycode, discode) values (707,'重庆珊瑚公园','zhongqingshanhugongyuan',5,29.548931,106.552208,'500000','500103');
        insert into s_landmark (landmarkid, landmarkname, pinyin, ltype, lat, lng, citycode, discode) values (709,'重庆中国三峡博物馆','zhongqingzhongguosanxiabowuguan',5,29.553133,106.559395,'500000','500103');
        insert into s_landmark (landmarkid, landmarkname, pinyin, ltype, lat, lng, citycode, discode) values (708,'洪崖洞','hongyadong',5,29.562225,106.579041,'500000','500103');
        insert into s_landmark (landmarkid, landmarkname, pinyin, ltype, lat, lng, citycode, discode) values (710,'仙女山','xiannu:shan',5,29.428701,107.768463,'500000','500232');
        insert into s_landmark (landmarkid, landmarkname, pinyin, ltype, lat, lng, citycode, discode) values (16250,'铜梁中医院','tongliangzhongyiyuan',6,29.845169,106.058563,'500000','500151');
        insert into s_landmark (landmarkid, landmarkname, pinyin, ltype, lat, lng, citycode, discode) values (7451,'重庆北大阳光医院','zhongqingbeidayangguangyiyuan',6,29.581593,106.528763,'500000','500105');
        insert into s_landmark (landmarkid, landmarkname, pinyin, ltype, lat, lng, citycode, discode) values (8377,'欣阳广场','xinyangguangchang',1,29.563946,106.462761,'500000','500106');
        insert into s_landmark (landmarkid, landmarkname, pinyin, ltype, lat, lng, citycode, discode) values (8378,'重庆动物园','zhongqingdongwuyuan',5,29.503565,106.505402,'500000','500107');
        insert into s_landmark (landmarkid, landmarkname, pinyin, ltype, lat, lng, citycode, discode) values (731,'洋人街','yangrenjie',5,29.585447,106.58992,'500000','500108');
        insert into s_landmark (landmarkid, landmarkname, pinyin, ltype, lat, lng, citycode, discode) values (8380,'奥林匹克体育中心','aolinpiketiyuzhongxin',5,29.52594,106.505981,'500000','500107');
        insert into s_landmark (landmarkid, landmarkname, pinyin, ltype, lat, lng, citycode, discode) values (7455,'江北中医院','jiangbeizhongyiyuan',6,29.576077,106.536751,'500000','500105');
        insert into s_landmark (landmarkid, landmarkname, pinyin, ltype, lat, lng, citycode, discode) values (733,'万盛黑山谷生态旅游区','wanshengheishangushengtailu:youqu',5,29.632072,106.084976,'500000','500151');
        insert into s_landmark (landmarkid, landmarkname, pinyin, ltype, lat, lng, citycode, discode) values (734,'巴国城','baguocheng',5,29.4986,106.474716,'500000','500107');
        insert into s_landmark (landmarkid, landmarkname, pinyin, ltype, lat, lng, citycode, discode) values (7453,'当代整形美容医院','dangdaizhengxingmeirongyiyuan',6,29.57428,106.528908,'500000','500105');
        insert into s_landmark (landmarkid, landmarkname, pinyin, ltype, lat, lng, citycode, discode) values (8383,'新世纪百货','xinshijibaihuo',1,31.169827,108.405212,'500000','500234');
        insert into s_landmark (landmarkid, landmarkname, pinyin, ltype, lat, lng, citycode, discode) values (721,'神龙观景园','shenlongguanjingyuan',5,31.206909,110.133774,'500000','500237');
        insert into s_landmark (landmarkid, landmarkname, pinyin, ltype, lat, lng, citycode, discode) values (8369,'华宇广场','huayuguangchang',1,29.555477,106.462303,'500000','500106');
        insert into s_landmark (landmarkid, landmarkname, pinyin, ltype, lat, lng, citycode, discode) values (16240,'铜梁县人民医院','tongliangxianrenminyiyuan',6,29.841702,106.05101,'500000','500151');
        insert into s_landmark (landmarkid, landmarkname, pinyin, ltype, lat, lng, citycode, discode) values (722,'重庆歌乐山烈士陵园','zhongqinggeleshanlieshilingyuan',5,29.575897,106.409775,'500000','500106');
        insert into s_landmark (landmarkid, landmarkname, pinyin, ltype, lat, lng, citycode, discode) values (724,'碧津公园','bijingongyuan',5,29.713419,106.629562,'500000','500112');
        insert into s_landmark (landmarkid, landmarkname, pinyin, ltype, lat, lng, citycode, discode) values (16247,'铜梁县铜仁医院','tongliangxiantongrenyiyuan',6,29.842514,106.056709,'500000','500151');
        insert into s_landmark (landmarkid, landmarkname, pinyin, ltype, lat, lng, citycode, discode) values (725,'重庆人民大礼堂','zhongqingrenmindalitang',5,29.560839,106.553535,'500000','500103');
        insert into s_landmark (landmarkid, landmarkname, pinyin, ltype, lat, lng, citycode, discode) values (16244,'万和中医馆','wanhezhongyiguan',6,30.650162,107.733536,'500000','500228');
        insert into s_landmark (landmarkid, landmarkname, pinyin, ltype, lat, lng, citycode, discode) values (726,'四面山','simianshan',5,29.665253,106.245377,'500000','500120');
        insert into s_landmark (landmarkid, landmarkname, pinyin, ltype, lat, lng, citycode, discode) values (727,'两路口皇冠大扶梯','lianglukouhuangguandafuti',5,29.290123,108.164314,'500000','500243');
        insert into s_landmark (landmarkid, landmarkname, pinyin, ltype, lat, lng, citycode, discode) values (8375,'西南医院','xinanyiyuan',6,29.536774,106.44886,'500000','500106');
        insert into s_landmark (landmarkid, landmarkname, pinyin, ltype, lat, lng, citycode, discode) values (16022,'云阳县行政学校','yunyangxianxingzhengxuexiao',7,30.931278,108.702805,'500000','500235');
        insert into s_landmark (landmarkid, landmarkname, pinyin, ltype, lat, lng, citycode, discode) values (16019,'妇幼保健院','fuyoubaojianyuan',6,29.710041,106.629829,'500000','500112');
        insert into s_landmark (landmarkid, landmarkname, pinyin, ltype, lat, lng, citycode, discode) values (16018,'云阳县益康医院','yunyangxianyikangyiyuan',6,30.933851,108.690529,'500000','500235');
        insert into s_landmark (landmarkid, landmarkname, pinyin, ltype, lat, lng, citycode, discode) values (16016,'双江中心卫生院','shuangjiangzhongxinweishengyuan',6,30.93858,108.687302,'500000','500235');
        insert into s_landmark (landmarkid, landmarkname, pinyin, ltype, lat, lng, citycode, discode) values (16027,'云阳县第三人民医院','yunyangxiandisanrenminyiyuan',6,30.92248,108.716164,'500000','500235');
        insert into s_landmark (landmarkid, landmarkname, pinyin, ltype, lat, lng, citycode, discode) values (20350,'天鹅湖风景区','tianehufengjingqu',5,31.050381,109.461823,'500000','500236');
        insert into s_landmark (landmarkid, landmarkname, pinyin, ltype, lat, lng, citycode, discode) values (20661,'大佛寺','dafosi',5,28.892185,107.295235,'500000','500119');
        insert into s_landmark (landmarkid, landmarkname, pinyin, ltype, lat, lng, citycode, discode) values (16053,'永安镇中心卫生院','yonganzhenzhongxinweishengyuan',6,31.0165,109.463387,'500000','500236');
        insert into s_landmark (landmarkid, landmarkname, pinyin, ltype, lat, lng, citycode, discode) values (16050,'奉节国平汽车客运站','fengjieguopingqichekeyunzhan',2,31.01767,109.473129,'500000','500236');
        insert into s_landmark (landmarkid, landmarkname, pinyin, ltype, lat, lng, citycode, discode) values (9024,'瞿塘峡','jutangxia',5,31.031527,109.596832,'500000','500236');
        insert into s_landmark (landmarkid, landmarkname, pinyin, ltype, lat, lng, citycode, discode) values (16036,'城口县红十字会医院','chengkouxianhongshizihuiyiyuan',6,31.945623,108.662086,'500000','500229');
        insert into s_landmark (landmarkid, landmarkname, pinyin, ltype, lat, lng, citycode, discode) values (9025,'石宝寨','shibaozhai',5,29.536495,105.746666,'500000','500111');
        insert into s_landmark (landmarkid, landmarkname, pinyin, ltype, lat, lng, citycode, discode) values (9026,'奉节白帝城','fengjiebaidicheng',5,31.056797,109.590218,'500000','500236');
        insert into s_landmark (landmarkid, landmarkname, pinyin, ltype, lat, lng, citycode, discode) values (9027,'丰都鬼城','fengdouguicheng',5,29.866425,107.732483,'500000','500230');
        insert into s_landmark (landmarkid, landmarkname, pinyin, ltype, lat, lng, citycode, discode) values (16039,'城口商贸中心','chengkoushangmaozhongxin',1,31.946293,108.664902,'500000','500229');
        insert into s_landmark (landmarkid, landmarkname, pinyin, ltype, lat, lng, citycode, discode) values (9028,'巫山小三峡','wushanxiaosanxia',5,31.074842,109.878929,'500000','500237');
        insert into s_landmark (landmarkid, landmarkname, pinyin, ltype, lat, lng, citycode, discode) values (16033,'城口县中医医院','chengkouxianzhongyiyiyuan',6,31.947109,108.66024,'500000','500229');
        insert into s_landmark (landmarkid, landmarkname, pinyin, ltype, lat, lng, citycode, discode) values (9029,'大足石刻','dazushike',5,29.700499,105.715317,'500000','500111');
        insert into s_landmark (landmarkid, landmarkname, pinyin, ltype, lat, lng, citycode, discode) values (9031,'天生三桥','tianshengsanqiao',5,30.32209,108.322113,'500000','500240');
        insert into s_landmark (landmarkid, landmarkname, pinyin, ltype, lat, lng, citycode, discode) values (9032,'重庆野生动物世界','zhongqingyeshengdongwushijie',5,29.291368,105.909889,'500000','500118');
        insert into s_landmark (landmarkid, landmarkname, pinyin, ltype, lat, lng, citycode, discode) values (9033,'重庆湖广会馆','zhongqinghuguanghuiguan',5,29.55899,106.587891,'500000','500103');
        insert into s_landmark (landmarkid, landmarkname, pinyin, ltype, lat, lng, citycode, discode) values (9034,'万州大瀑布群景区','wanzhoudapubuqunjingqu',5,30.807806,108.380249,'500000','500101');
        insert into s_landmark (landmarkid, landmarkname, pinyin, ltype, lat, lng, citycode, discode) values (16047,'奉节县友谊医院','fengjiexianyouyiyiyuan',6,31.021908,109.466301,'500000','500236');
        insert into s_landmark (landmarkid, landmarkname, pinyin, ltype, lat, lng, citycode, discode) values (9036,'武隆喀斯特旅游区','wulongkasitelu:youqu',5,29.323761,107.756546,'500000','500232');
        insert into s_landmark (landmarkid, landmarkname, pinyin, ltype, lat, lng, citycode, discode) values (9037,'重庆海兰云天温泉度假区','zhongqinghailanyuntianwenquandujiaqu',5,29.522381,106.361389,'500000','500107');
        insert into s_landmark (landmarkid, landmarkname, pinyin, ltype, lat, lng, citycode, discode) values (16043,'奉节县中医院','fengjiexianzhongyiyuan',6,31.024492,109.46505,'500000','500236');
        insert into s_landmark (landmarkid, landmarkname, pinyin, ltype, lat, lng, citycode, discode) values (9015,'重庆金刀峡景区','zhongqingjindaoxiajingqu',5,30.038904,106.622299,'500000','500109');
        insert into s_landmark (landmarkid, landmarkname, pinyin, ltype, lat, lng, citycode, discode) values (16081,'忠县人民医院','zhongxianrenminyiyuan',6,30.853321,108.011124,'500000','500101');
        insert into s_landmark (landmarkid, landmarkname, pinyin, ltype, lat, lng, citycode, discode) values (16080,'民兴医院','minxingyiyuan',6,29.831341,107.068115,'500000','500115');
        insert into s_landmark (landmarkid, landmarkname, pinyin, ltype, lat, lng, citycode, discode) values (16085,'忠县中医院','zhongxianzhongyiyuan',6,30.293344,108.039452,'500000','500233');
        insert into s_landmark (landmarkid, landmarkname, pinyin, ltype, lat, lng, citycode, discode) values (9023,'云阳张飞庙','yunyangzhangfeimiao',5,30.930529,108.697701,'500000','500235');
        insert into s_landmark (landmarkid, landmarkname, pinyin, ltype, lat, lng, citycode, discode) values (16091,'忠县忠州第一卫生院','zhongxianzhongzhoudiyiweishengyuan',6,30.30117,108.043083,'500000','500233');
        insert into s_landmark (landmarkid, landmarkname, pinyin, ltype, lat, lng, citycode, discode) values (9022,'重庆统景温泉风景区','zhongqingtongjingwenquanfengjingqu',5,29.866074,106.835503,'500000','500112');
        insert into s_landmark (landmarkid, landmarkname, pinyin, ltype, lat, lng, citycode, discode) values (9019,'重庆酉阳桃花源','zhongqingyouyangtaohuayuan',5,28.855959,108.767082,'500000','500242');
        insert into s_landmark (landmarkid, landmarkname, pinyin, ltype, lat, lng, citycode, discode) values (9017,'芙蓉洞','furongdong',5,30.974543,108.25528,'500000','500234');
        insert into s_landmark (landmarkid, landmarkname, pinyin, ltype, lat, lng, citycode, discode) values (16093,'红十字会医院','hongshizihuiyiyuan',6,29.549463,106.514008,'500000','500103');
        insert into s_landmark (landmarkid, landmarkname, pinyin, ltype, lat, lng, citycode, discode) values (16092,'重庆红滨医院','zhongqinghongbinyiyuan',6,30.304375,108.050232,'500000','500233');
        insert into s_landmark (landmarkid, landmarkname, pinyin, ltype, lat, lng, citycode, discode) values (16066,'奉节汽车客运总站','fengjieqichekeyunzongzhan',2,31.022778,109.483376,'500000','500236');
        insert into s_landmark (landmarkid, landmarkname, pinyin, ltype, lat, lng, citycode, discode) values (16074,'长寿火车北站','zhangshouhuochebeizhan',2,29.83367,107.074852,'500000','500115');
        insert into s_landmark (landmarkid, landmarkname, pinyin, ltype, lat, lng, citycode, discode) values (16075,'重庆三峡民康医院','zhongqingsanxiaminkangyiyuan',6,30.291973,108.031418,'500000','500233');
        insert into s_landmark (landmarkid, landmarkname, pinyin, ltype, lat, lng, citycode, discode) values (16072,'长寿区中医院','zhangshouquzhongyiyuan',6,29.863895,107.090385,'500000','500115');
        insert into s_landmark (landmarkid, landmarkname, pinyin, ltype, lat, lng, citycode, discode) values (16079,'忠县妇幼保健院','zhongxianfuyoubaojianyuan',6,30.290781,108.036095,'500000','500233');
        insert into s_landmark (landmarkid, landmarkname, pinyin, ltype, lat, lng, citycode, discode) values (16118,'长寿凤城车站','zhangshoufengchengchezhan',2,29.829172,107.069115,'500000','500115');
        insert into s_landmark (landmarkid, landmarkname, pinyin, ltype, lat, lng, citycode, discode) values (10659,'万州五桥机场','wanzhouwuqiaojichang',2,30.797577,108.431625,'500000','500101');
        insert into s_landmark (landmarkid, landmarkname, pinyin, ltype, lat, lng, citycode, discode) values (6358,'SM广场','SMguangchang',1,29.582695,106.494843,'500000','500112');
        insert into s_landmark (landmarkid, landmarkname, pinyin, ltype, lat, lng, citycode, discode) values (10661,'黔江武陵山机场','qianjiangwulingshanjichang',2,29.514561,108.833717,'500000','500114');
        insert into s_landmark (landmarkid, landmarkname, pinyin, ltype, lat, lng, citycode, discode) values (10660,'重庆江北机场','zhongqingjiangbeijichang',2,29.718681,106.638222,'500000','500112');
        insert into s_landmark (landmarkid, landmarkname, pinyin, ltype, lat, lng, citycode, discode) values (16096,'荣昌县人民医院','rongchangxianrenminyiyuan',6,29.406754,105.592018,'500000','500226');
        insert into s_landmark (landmarkid, landmarkname, pinyin, ltype, lat, lng, citycode, discode) values (16099,'中心汽车站','zhongxinqichezhan',2,30.661819,107.7789,'500000','500228');
        insert into s_landmark (landmarkid, landmarkname, pinyin, ltype, lat, lng, citycode, discode) values (16102,'重庆长寿盛伟医院','zhongqingzhangshoushengweiyiyuan',6,29.834766,107.080704,'500000','500115');
        insert into s_landmark (landmarkid, landmarkname, pinyin, ltype, lat, lng, citycode, discode) values (16105,'梁平县人民医院','liangpingxianrenminyiyuan',6,30.670273,107.793327,'500000','500228');
        insert into s_landmark (landmarkid, landmarkname, pinyin, ltype, lat, lng, citycode, discode) values (16107,'重庆长寿师范学校','zhongqingzhangshoushifanxuexiao',7,29.84338,107.073547,'500000','500115');
        insert into s_landmark (landmarkid, landmarkname, pinyin, ltype, lat, lng, citycode, discode) values (16110,'梁平县中医院','liangpingxianzhongyiyuan',6,30.674423,107.801041,'500000','500228');
        insert into s_landmark (landmarkid, landmarkname, pinyin, ltype, lat, lng, citycode, discode) values (16111,'长寿区人民医院','zhangshouqurenminyiyuan',6,29.83317,107.073547,'500000','500115');
        insert into s_landmark (landmarkid, landmarkname, pinyin, ltype, lat, lng, citycode, discode) values (20994,'白帝城风景区','baidichengfengjingqu',5,31.045015,109.573685,'500000','500236');
        insert into s_landmark (landmarkid, landmarkname, pinyin, ltype, lat, lng, citycode, discode) values (6710,'恒通云鼎','hengtongyunding',1,29.554346,106.576591,'500000','500103');
        insert into s_landmark (landmarkid, landmarkname, pinyin, ltype, lat, lng, citycode, discode) values (6711,'王府井百货','wangfujingbaihuo',1,29.560812,106.580826,'500000','500103');
        insert into s_landmark (landmarkid, landmarkname, pinyin, ltype, lat, lng, citycode, discode) values (6708,'NOVO潮流商场','NOVOchaoliushangchang',1,29.556536,106.573868,'500000','500103');
        insert into s_landmark (landmarkid, landmarkname, pinyin, ltype, lat, lng, citycode, discode) values (6709,'菜园坝','caiyuanba',2,29.547737,106.545967,'500000','500103');
        insert into s_landmark (landmarkid, landmarkname, pinyin, ltype, lat, lng, citycode, discode) values (15935,'国贸广场','guomaoguangchang',5,30.764503,108.443634,'500000','500101');
        insert into s_landmark (landmarkid, landmarkname, pinyin, ltype, lat, lng, citycode, discode) values (6706,'解放碑英利国际购物中心','jiefangbeiyingliguojigouwuzhongxin',1,29.555599,106.575386,'500000','500103');
        insert into s_landmark (landmarkid, landmarkname, pinyin, ltype, lat, lng, citycode, discode) values (6707,'南滨路','nanbinlu',5,29.542778,106.581406,'500000','500108');
        insert into s_landmark (landmarkid, landmarkname, pinyin, ltype, lat, lng, citycode, discode) values (6704,'上海城','shanghaicheng',1,29.587185,106.231934,'500000','500120');
        insert into s_landmark (landmarkid, landmarkname, pinyin, ltype, lat, lng, citycode, discode) values (6705,'大坪万众英利国际购物中心','dapingwanzhongyingliguojigouwuzhongxin',1,28.283909,109.068901,'500000','500241');
        insert into s_landmark (landmarkid, landmarkname, pinyin, ltype, lat, lng, citycode, discode) values (6718,'西南大学','xinandaxue',7,29.820271,106.419098,'500000','500109');
        insert into s_landmark (landmarkid, landmarkname, pinyin, ltype, lat, lng, citycode, discode) values (6719,'缙云山','jinyunshan',5,29.791637,106.353783,'500000','500120');
        insert into s_landmark (landmarkid, landmarkname, pinyin, ltype, lat, lng, citycode, discode) values (6716,'天奇广场','tianqiguangchang',5,29.827347,106.438881,'500000','500109');
        insert into s_landmark (landmarkid, landmarkname, pinyin, ltype, lat, lng, citycode, discode) values (15927,'三峡福斯德广场','sanxiafusideguangchang',5,30.808514,108.380302,'500000','500101');
        insert into s_landmark (landmarkid, landmarkname, pinyin, ltype, lat, lng, citycode, discode) values (6717,'嘉陵风情步行街','jialingfengqingbuxingjie',1,29.802557,106.39843,'500000','500109');
        insert into s_landmark (landmarkid, landmarkname, pinyin, ltype, lat, lng, citycode, discode) values (6714,'WFC环球金融中心','WFChuanqiujinrongzhongxin',1,29.587202,106.567398,'500000','500105');
        insert into s_landmark (landmarkid, landmarkname, pinyin, ltype, lat, lng, citycode, discode) values (17182,'不夜城','buyecheng',1,29.574814,106.52977,'500000','500105');
        insert into s_landmark (landmarkid, landmarkname, pinyin, ltype, lat, lng, citycode, discode) values (6715,'金鹰财富中心','jinyingcaifuzhongxin',1,29.557207,106.577599,'500000','500103');
        insert into s_landmark (landmarkid, landmarkname, pinyin, ltype, lat, lng, citycode, discode) values (6713,'创汇首座','chuanghuishouzuo',1,29.553877,106.57785,'500000','500103');
        insert into s_landmark (landmarkid, landmarkname, pinyin, ltype, lat, lng, citycode, discode) values (15923,'重庆三峡学院','zhongqingsanxiaxueyuan',7,30.747297,108.453316,'500000','500101');
        insert into s_landmark (landmarkid, landmarkname, pinyin, ltype, lat, lng, citycode, discode) values (6695,'金港国际','jingangguoji',1,29.714279,106.63282,'500000','500112');
        insert into s_landmark (landmarkid, landmarkname, pinyin, ltype, lat, lng, citycode, discode) values (15916,'万州火车站','wanzhouhuochezhan',2,30.807806,108.380249,'500000','500101');
        insert into s_landmark (landmarkid, landmarkname, pinyin, ltype, lat, lng, citycode, discode) values (15919,'龙都广场','longdouguangchang',5,30.808767,108.382851,'500000','500101');
        insert into s_landmark (landmarkid, landmarkname, pinyin, ltype, lat, lng, citycode, discode) values (6693,'财富中心','caifuzhongxin',1,29.57505,106.565086,'500000','500105');
        insert into s_landmark (landmarkid, landmarkname, pinyin, ltype, lat, lng, citycode, discode) values (15913,'富丽华大酒店','fulihuadajiudian',5,30.812977,108.411209,'500000','500101');
        insert into s_landmark (landmarkid, landmarkname, pinyin, ltype, lat, lng, citycode, discode) values (6151,'得意世界','deyishijie',1,29.553646,106.575523,'500000','500103');
        insert into s_landmark (landmarkid, landmarkname, pinyin, ltype, lat, lng, citycode, discode) values (6703,'龙湖时代天街','longhushidaitianjie',1,29.538862,106.510803,'500000','500103');
        insert into s_landmark (landmarkid, landmarkname, pinyin, ltype, lat, lng, citycode, discode) values (15909,'重庆市三峡中心医院江南分院','zhongqingshisanxiazhongxinyiyuanjiangnanfenyuan',6,30.811163,108.412613,'500000','500101');
        insert into s_landmark (landmarkid, landmarkname, pinyin, ltype, lat, lng, citycode, discode) values (6702,'时代广场','shidaiguangchang',1,29.557802,106.576477,'500000','500103');
        insert into s_landmark (landmarkid, landmarkname, pinyin, ltype, lat, lng, citycode, discode) values (6152,'日月光中心','riyueguangzhongxin',1,29.554178,106.572647,'500000','500103');
        insert into s_landmark (landmarkid, landmarkname, pinyin, ltype, lat, lng, citycode, discode) values (6699,'奥特莱斯','aotelaisi',1,29.573254,106.238281,'500000','500120');
        insert into s_landmark (landmarkid, landmarkname, pinyin, ltype, lat, lng, citycode, discode) values (15907,'万州机场','wanzhoujichang',2,30.798416,108.432091,'500000','500101');
        insert into s_landmark (landmarkid, landmarkname, pinyin, ltype, lat, lng, citycode, discode) values (6697,'协信星光天地','xiexinxingguangtiandi',1,29.628239,106.53421,'500000','500112');
        insert into s_landmark (landmarkid, landmarkname, pinyin, ltype, lat, lng, citycode, discode) values (10211,'聂荣臻元帅陈列馆','nierongzhenyuanshuaichenlieguan',5,29.27467,106.261757,'500000','500116');
        insert into s_landmark (landmarkid, landmarkname, pinyin, ltype, lat, lng, citycode, discode) values (24193,'重庆市肿瘤医院','zhongqingshizhongliuyiyuan',6,29.560032,106.475739,'500000','500106');
        insert into s_landmark (landmarkid, landmarkname, pinyin, ltype, lat, lng, citycode, discode) values (6720,'北温泉9号好吃街','beiwenquan9haohaochijie',1,29.82242,106.415901,'500000','500109');
        insert into s_landmark (landmarkid, landmarkname, pinyin, ltype, lat, lng, citycode, discode) values (10515,'解放碑','jiefangbei',5,29.556736,106.574905,'500000','500103');
        insert into s_landmark (landmarkid, landmarkname, pinyin, ltype, lat, lng, citycode, discode) values (10516,'朝天门广场','chaotianmenguangchang',5,29.566305,106.587379,'500000','500103');
        insert into s_landmark (landmarkid, landmarkname, pinyin, ltype, lat, lng, citycode, discode) values (10214,'重庆加勒比海水世界','zhongqingjialebihaishuishijie',5,29.551731,106.614517,'500000','500108');
        insert into s_landmark (landmarkid, landmarkname, pinyin, ltype, lat, lng, citycode, discode) values (10519,'奉节天坑地缝','fengjietiankengdifeng',5,31.019966,109.465775,'500000','500236');
        insert into s_landmark (landmarkid, landmarkname, pinyin, ltype, lat, lng, citycode, discode) values (10213,'重庆龙门阵魔幻山主题乐园','zhongqinglongmenzhenmohuanshanzhutileyuan',5,28.79977,108.513718,'500000','500242');
        insert into s_landmark (landmarkid, landmarkname, pinyin, ltype, lat, lng, citycode, discode) values (10212,'重庆白鹤梁水下博物馆','zhongqingbaiheliangshuixiabowuguan',5,29.712246,107.391968,'500000','500102');
        insert into s_landmark (landmarkid, landmarkname, pinyin, ltype, lat, lng, citycode, discode) values (10518,'十八梯','shibati',5,29.550892,106.572418,'500000','500103');
        insert into s_landmark (landmarkid, landmarkname, pinyin, ltype, lat, lng, citycode, discode) values (10521,'天福官驿','tianfuguanyi',5,32.148159,108.544014,'500000','500229');
        insert into s_landmark (landmarkid, landmarkname, pinyin, ltype, lat, lng, citycode, discode) values (10520,'芙蓉江风景区','furongjiangfengjingqu',5,29.147816,107.895134,'500000','500243');
        insert into s_landmark (landmarkid, landmarkname, pinyin, ltype, lat, lng, citycode, discode) values (4843,'四川外语学院','sichuanwaiyuxueyuan',7,29.569811,106.438515,'500000','500106');
        insert into s_landmark (landmarkid, landmarkname, pinyin, ltype, lat, lng, citycode, discode) values (4840,'重庆文理学院','zhongqingwenlixueyuan',7,29.344513,105.94265,'500000','500118');
        insert into s_landmark (landmarkid, landmarkname, pinyin, ltype, lat, lng, citycode, discode) values (4841,'重庆工商大学江北校区','zhongqinggongshangdaxuejiangbeixiaoqu',7,29.558764,106.530006,'500000','500105');
        insert into s_landmark (landmarkid, landmarkname, pinyin, ltype, lat, lng, citycode, discode) values (4846,'重庆交通大学','zhongqingjiaotongdaxue',7,29.552633,106.572144,'500000','500103');
        insert into s_landmark (landmarkid, landmarkname, pinyin, ltype, lat, lng, citycode, discode) values (4847,'重庆邮电大学','zhongqingyoudiandaxue',7,29.61685,106.324394,'500000','500106');
        insert into s_landmark (landmarkid, landmarkname, pinyin, ltype, lat, lng, citycode, discode) values (4844,'重庆警官职业学院','zhongqingjingguanzhiyexueyuan',7,29.504742,106.356514,'500000','500107');
        insert into s_landmark (landmarkid, landmarkname, pinyin, ltype, lat, lng, citycode, discode) values (20356,'荣昌县中医院','rongchangxianzhongyiyuan',6,29.400702,105.587738,'500000','500226');
        insert into s_landmark (landmarkid, landmarkname, pinyin, ltype, lat, lng, citycode, discode) values (5256,'鹅岭公园','elinggongyuan',5,29.549738,106.536133,'500000','500103');
        insert into s_landmark (landmarkid, landmarkname, pinyin, ltype, lat, lng, citycode, discode) values (4839,'重庆城市管理职业学院','zhongqingchengshiguanlizhiyexueyuan',7,29.423876,106.535889,'500000','500113');
        insert into s_landmark (landmarkid, landmarkname, pinyin, ltype, lat, lng, citycode, discode) values (4858,'四川外语学院重庆南方翻译学院','sichuanwaiyuxueyuanzhongqingnanfangfanyixueyuan',7,29.666203,106.60865,'500000','500112');
        insert into s_landmark (landmarkid, landmarkname, pinyin, ltype, lat, lng, citycode, discode) values (13525,'金科世界走廊','jinkeshijiezoulang',1,29.707659,107.398842,'500000','500102');
        insert into s_landmark (landmarkid, landmarkname, pinyin, ltype, lat, lng, citycode, discode) values (13523,'泽胜中央广场','zeshengzhongyangguangchang',1,29.700146,107.398796,'500000','500102');
        insert into s_landmark (landmarkid, landmarkname, pinyin, ltype, lat, lng, citycode, discode) values (4863,'重庆电子职业技术学院','zhongqingdianzizhiyejishuxueyuan',7,29.575897,106.506065,'500000','500112');
        insert into s_landmark (landmarkid, landmarkname, pinyin, ltype, lat, lng, citycode, discode) values (16741,'儿童公园','ertonggongyuan',5,29.418045,105.593483,'500000','500226');
        insert into s_landmark (landmarkid, landmarkname, pinyin, ltype, lat, lng, citycode, discode) values (4861,'重庆工商职业学院','zhongqinggongshangzhiyexueyuan',7,30.003223,106.226891,'500000','500117');
        insert into s_landmark (landmarkid, landmarkname, pinyin, ltype, lat, lng, citycode, discode) values (4851,'重庆机电职业技术学院','zhongqingjidianzhiyejishuxueyuan',7,29.615038,106.456589,'500000','500106');
        insert into s_landmark (landmarkid, landmarkname, pinyin, ltype, lat, lng, citycode, discode) values (4850,'重庆医科大学','zhongqingyikedaxue',7,29.532724,106.509377,'500000','500103');
        insert into s_landmark (landmarkid, landmarkname, pinyin, ltype, lat, lng, citycode, discode) values (4848,'重庆大学','zhongqingdaxue',7,29.557201,106.453407,'500000','500106');
        insert into s_landmark (landmarkid, landmarkname, pinyin, ltype, lat, lng, citycode, discode) values (4854,'重庆第二师范学院','zhongqingdiershifanxueyuan',7,29.511656,106.577454,'500000','500108');
        /****************************** 输出景点SQL脚本: 结束 ***********************************/

        
/** citycode 420100: 武汉城市 */
delete from s_subway where citycode = '420100';
delete from s_subway_stations where citycode = '420100';
        /******************************************************************************************/
        insert into s_subway (lineid, linename, citycode) values (60,'1号线','420100');
        insert into s_subway_stations (lineid, stationid, stationname, lat, lng, pinyin, citycode) values (60,1600,'汉口北',30.711589,114.329402,'hankoubei','420100');
        insert into s_subway_stations (lineid, stationid, stationname, lat, lng, pinyin, citycode) values (60,1602,'滠口新城',30.684125,114.342405,'shekouxincheng','420100');
        insert into s_subway_stations (lineid, stationid, stationname, lat, lng, pinyin, citycode) values (60,1601,'滕子岗',30.674755,114.341616,'tengzigang','420100');
        insert into s_subway_stations (lineid, stationid, stationname, lat, lng, pinyin, citycode) values (60,924,'堤角',30.666107,114.338365,'dijiao','420100');
        insert into s_subway_stations (lineid, stationid, stationname, lat, lng, pinyin, citycode) values (60,923,'新荣',30.656053,114.334608,'xinrong','420100');
        insert into s_subway_stations (lineid, stationid, stationname, lat, lng, pinyin, citycode) values (60,922,'丹水池',30.643648,114.330112,'danshuichi','420100');
        insert into s_subway_stations (lineid, stationid, stationname, lat, lng, pinyin, citycode) values (60,921,'徐州新村',30.63117,114.322977,'xuzhouxincun','420100');
        insert into s_subway_stations (lineid, stationid, stationname, lat, lng, pinyin, citycode) values (60,920,'二七路',30.625063,114.318826,'erqilu','420100');
        insert into s_subway_stations (lineid, stationid, stationname, lat, lng, pinyin, citycode) values (60,919,'头道街',30.617835,114.313933,'toudaojie','420100');
        insert into s_subway_stations (lineid, stationid, stationname, lat, lng, pinyin, citycode) values (60,918,'黄浦路',30.608188,114.307975,'huangpulu','420100');
        insert into s_subway_stations (lineid, stationid, stationname, lat, lng, pinyin, citycode) values (60,917,'三阳路',30.599438,114.301768,'sanyanglu','420100');
        insert into s_subway_stations (lineid, stationid, stationname, lat, lng, pinyin, citycode) values (60,916,'大智路',30.592461,114.294921,'dazhilu','420100');
        insert into s_subway_stations (lineid, stationid, stationname, lat, lng, pinyin, citycode) values (60,915,'循礼门',30.585194,114.286022,'xunlimen','420100');
        insert into s_subway_stations (lineid, stationid, stationname, lat, lng, pinyin, citycode) values (60,914,'友谊路',30.580876,114.27826,'youyilu','420100');
        insert into s_subway_stations (lineid, stationid, stationname, lat, lng, pinyin, citycode) values (60,913,'利济北路',30.57745,114.27006,'lijibeilu','420100');
        insert into s_subway_stations (lineid, stationid, stationname, lat, lng, pinyin, citycode) values (60,912,'崇仁路',30.574026,114.261859,'chongrenlu','420100');
        insert into s_subway_stations (lineid, stationid, stationname, lat, lng, pinyin, citycode) values (60,911,'硚口路',30.571598,114.250205,'qiaokoulu','420100');
        insert into s_subway_stations (lineid, stationid, stationname, lat, lng, pinyin, citycode) values (60,910,'太平洋',30.574349,114.240688,'taipingyang','420100');
        insert into s_subway_stations (lineid, stationid, stationname, lat, lng, pinyin, citycode) values (60,909,'宗关',30.580607,114.226281,'zongguan','420100');
        insert into s_subway_stations (lineid, stationid, stationname, lat, lng, pinyin, citycode) values (60,908,'汉西一路',30.585412,114.218985,'hanxiyilu','420100');
        insert into s_subway_stations (lineid, stationid, stationname, lat, lng, pinyin, citycode) values (60,907,'古田四路',30.589151,114.21181,'gutiansilu','420100');
        insert into s_subway_stations (lineid, stationid, stationname, lat, lng, pinyin, citycode) values (60,906,'古田三路',30.593366,114.204786,'gutiansanlu','420100');
        insert into s_subway_stations (lineid, stationid, stationname, lat, lng, pinyin, citycode) values (60,905,'古田二路',30.597603,114.196565,'gutianerlu','420100');
        insert into s_subway_stations (lineid, stationid, stationname, lat, lng, pinyin, citycode) values (60,904,'古田一路',30.604649,114.182688,'gutianyilu','420100');
        insert into s_subway_stations (lineid, stationid, stationname, lat, lng, pinyin, citycode) values (60,903,'舵落口',30.609767,114.170037,'duoluokou','420100');
        insert into s_subway_stations (lineid, stationid, stationname, lat, lng, pinyin, citycode) values (60,1599,'竹叶海',30.615064,114.163868,'zhuyehai','420100');
        insert into s_subway_stations (lineid, stationid, stationname, lat, lng, pinyin, citycode) values (60,902,'额头湾',30.618653,114.153841,'etouwan','420100');
        insert into s_subway_stations (lineid, stationid, stationname, lat, lng, pinyin, citycode) values (60,901,'五环大道',30.617775,114.138389,'wuhuandadao','420100');
        insert into s_subway_stations (lineid, stationid, stationname, lat, lng, pinyin, citycode) values (60,900,'东吴大道',30.62491,114.128636,'dongwudadao','420100');
        /******************************************************************************************/
        insert into s_subway (lineid, linename, citycode) values (61,'2号线','420100');
        insert into s_subway_stations (lineid, stationid, stationname, lat, lng, pinyin, citycode) values (61,925,'金银潭',30.650656,114.24334,'jinyintan','420100');
        insert into s_subway_stations (lineid, stationid, stationname, lat, lng, pinyin, citycode) values (61,926,'常青花园',30.640826,114.24242,'changqinghuayuan','420100');
        insert into s_subway_stations (lineid, stationid, stationname, lat, lng, pinyin, citycode) values (61,927,'长港路',30.62743,114.248819,'changganglu','420100');
        insert into s_subway_stations (lineid, stationid, stationname, lat, lng, pinyin, citycode) values (61,928,'汉口火车站',30.615732,114.254884,'hankouhuochezhan','420100');
        insert into s_subway_stations (lineid, stationid, stationname, lat, lng, pinyin, citycode) values (61,929,'范湖',30.605958,114.260206,'fanhu','420100');
        insert into s_subway_stations (lineid, stationid, stationname, lat, lng, pinyin, citycode) values (61,930,'王家墩东',30.593815,114.263111,'wangjiadundong','420100');
        insert into s_subway_stations (lineid, stationid, stationname, lat, lng, pinyin, citycode) values (61,931,'青年路',30.585762,114.264757,'qingnianlu','420100');
        insert into s_subway_stations (lineid, stationid, stationname, lat, lng, pinyin, citycode) values (61,932,'中山公园',30.581962,114.272845,'zhongshangongyuan','420100');
        insert into s_subway_stations (lineid, stationid, stationname, lat, lng, pinyin, citycode) values (61,933,'循礼门',30.585194,114.286022,'xunlimen','420100');
        insert into s_subway_stations (lineid, stationid, stationname, lat, lng, pinyin, citycode) values (61,934,'江汉路',30.579631,114.292304,'jianghanlu','420100');
        insert into s_subway_stations (lineid, stationid, stationname, lat, lng, pinyin, citycode) values (61,935,'积玉桥',30.561242,114.308658,'jiyuqiao','420100');
        insert into s_subway_stations (lineid, stationid, stationname, lat, lng, pinyin, citycode) values (61,936,'螃蟹岬',30.553345,114.317401,'pangxiejia','420100');
        insert into s_subway_stations (lineid, stationid, stationname, lat, lng, pinyin, citycode) values (61,937,'小龟山',30.551124,114.326535,'xiaoguishan','420100');
        insert into s_subway_stations (lineid, stationid, stationname, lat, lng, pinyin, citycode) values (61,938,'洪山广场',30.54486,114.336264,'hongshanguangchang','420100');
        insert into s_subway_stations (lineid, stationid, stationname, lat, lng, pinyin, citycode) values (61,939,'中南路',30.537677,114.333149,'zhongnanlu','420100');
        insert into s_subway_stations (lineid, stationid, stationname, lat, lng, pinyin, citycode) values (61,940,'宝通寺',30.530363,114.341214,'baotongsi','420100');
        insert into s_subway_stations (lineid, stationid, stationname, lat, lng, pinyin, citycode) values (61,941,'街道口',30.526619,114.353423,'jiedaokou','420100');
        insert into s_subway_stations (lineid, stationid, stationname, lat, lng, pinyin, citycode) values (61,942,'广埠屯',30.522201,114.364522,'guangbutun','420100');
        insert into s_subway_stations (lineid, stationid, stationname, lat, lng, pinyin, citycode) values (61,943,'虎泉',30.512257,114.370563,'huquan','420100');
        insert into s_subway_stations (lineid, stationid, stationname, lat, lng, pinyin, citycode) values (61,944,'杨家湾',30.50515,114.382875,'yangjiawan','420100');
        insert into s_subway_stations (lineid, stationid, stationname, lat, lng, pinyin, citycode) values (61,945,'光谷广场',30.505906,114.397864,'guangguguangchang','420100');
        /******************************************************************************************/
        insert into s_subway (lineid, linename, citycode) values (72,'4号线','420100');
        insert into s_subway_stations (lineid, stationid, stationname, lat, lng, pinyin, citycode) values (72,1400,'武汉火车站',30.607472,114.425552,'wuhanhuochezhan','420100');
        insert into s_subway_stations (lineid, stationid, stationname, lat, lng, pinyin, citycode) values (72,1399,'杨春湖',30.605469,114.416351,'yangchunhu','420100');
        insert into s_subway_stations (lineid, stationid, stationname, lat, lng, pinyin, citycode) values (72,1398,'工业四路',30.60793,114.404802,'gongyesilu','420100');
        insert into s_subway_stations (lineid, stationid, stationname, lat, lng, pinyin, citycode) values (72,1397,'仁和路',30.605325,114.389261,'renhelu','420100');
        insert into s_subway_stations (lineid, stationid, stationname, lat, lng, pinyin, citycode) values (72,1396,'园林路',30.60025,114.377541,'yuanlinlu','420100');
        insert into s_subway_stations (lineid, stationid, stationname, lat, lng, pinyin, citycode) values (72,1395,'罗家港',30.592702,114.371651,'luojiagang','420100');
        insert into s_subway_stations (lineid, stationid, stationname, lat, lng, pinyin, citycode) values (72,1394,'铁机路',30.583928,114.368954,'tiejilu','420100');
        insert into s_subway_stations (lineid, stationid, stationname, lat, lng, pinyin, citycode) values (72,1393,'岳家嘴',30.57705,114.362205,'yuejiazui','420100');
        insert into s_subway_stations (lineid, stationid, stationname, lat, lng, pinyin, citycode) values (72,1392,'东亭',30.570089,114.355937,'dongting','420100');
        insert into s_subway_stations (lineid, stationid, stationname, lat, lng, pinyin, citycode) values (72,1391,'青鱼嘴',30.56372,114.349884,'qingyuzui','420100');
        insert into s_subway_stations (lineid, stationid, stationname, lat, lng, pinyin, citycode) values (72,1390,'楚河汉街',30.553877,114.341311,'chuhehanjie','420100');
        insert into s_subway_stations (lineid, stationid, stationname, lat, lng, pinyin, citycode) values (72,1389,'洪山广场',30.544992,114.336381,'hongshanguangchang','420100');
        insert into s_subway_stations (lineid, stationid, stationname, lat, lng, pinyin, citycode) values (72,1388,'中南路',30.537783,114.333089,'zhongnanlu','420100');
        insert into s_subway_stations (lineid, stationid, stationname, lat, lng, pinyin, citycode) values (72,1387,'梅苑小区',30.53095,114.325896,'meiyuanxiaoqu','420100');
        insert into s_subway_stations (lineid, stationid, stationname, lat, lng, pinyin, citycode) values (72,1386,'武昌火车站',30.530675,114.316341,'wuchanghuochezhan','420100');
        insert into s_subway_stations (lineid, stationid, stationname, lat, lng, pinyin, citycode) values (72,1611,'首义路',30.533611,114.308661,'shouyilu','420100');
        insert into s_subway_stations (lineid, stationid, stationname, lat, lng, pinyin, citycode) values (72,1614,'复兴路',30.534302,114.301429,'fuxinglu','420100');
        insert into s_subway_stations (lineid, stationid, stationname, lat, lng, pinyin, citycode) values (72,1605,'拦江路',30.542917,114.269012,'lanjianglu','420100');
        insert into s_subway_stations (lineid, stationid, stationname, lat, lng, pinyin, citycode) values (72,1603,'钟家村',30.549314,114.266198,'zhongjiacun','420100');
        insert into s_subway_stations (lineid, stationid, stationname, lat, lng, pinyin, citycode) values (72,1615,'汉阳火车站',30.551433,114.252865,'hanyanghuochezhan','420100');
        insert into s_subway_stations (lineid, stationid, stationname, lat, lng, pinyin, citycode) values (72,1613,'五里墩',30.553767,114.241655,'wulidun','420100');
        insert into s_subway_stations (lineid, stationid, stationname, lat, lng, pinyin, citycode) values (72,1609,'七里庙',30.556696,114.231156,'qilimiao','420100');
        insert into s_subway_stations (lineid, stationid, stationname, lat, lng, pinyin, citycode) values (72,1612,'十里铺',30.559343,114.219358,'shilipu','420100');
        insert into s_subway_stations (lineid, stationid, stationname, lat, lng, pinyin, citycode) values (72,1610,'王家湾',30.562142,114.210291,'wangjiawan','420100');
        insert into s_subway_stations (lineid, stationid, stationname, lat, lng, pinyin, citycode) values (72,1606,'玉龙路',30.564643,114.201467,'yulonglu','420100');
        insert into s_subway_stations (lineid, stationid, stationname, lat, lng, pinyin, citycode) values (72,1607,'永安堂',30.566573,114.189201,'yongantang','420100');
        insert into s_subway_stations (lineid, stationid, stationname, lat, lng, pinyin, citycode) values (72,1608,'孟家铺',30.564768,114.173894,'mengjiapu','420100');
        insert into s_subway_stations (lineid, stationid, stationname, lat, lng, pinyin, citycode) values (72,1604,'黄金口',30.56405,114.144635,'huangjinkou','420100');

delete from s_areainfo where citycode = '420100';
        /****************************** 输出行政区SQL脚本: 开始 ***********************************/
        insert into s_areainfo (areaid, areaname, pinyin, lat, lng, citycode, discode) values (3404,'黄陂区','huangpiqu',30.874155,114.374023,'420100','420116');
        insert into s_areainfo (areaid, areaname, pinyin, lat, lng, citycode, discode) values (3405,'新洲区','xinzhouqu',30.84215,114.802109,'420100','420117');
        insert into s_areainfo (areaid, areaname, pinyin, lat, lng, citycode, discode) values (3402,'蔡甸区','caidianqu',30.582186,114.029343,'420100','420114');
        insert into s_areainfo (areaid, areaname, pinyin, lat, lng, citycode, discode) values (3403,'江夏区','jiangxiaqu',30.349045,114.313965,'420100','420115');
        insert into s_areainfo (areaid, areaname, pinyin, lat, lng, citycode, discode) values (3401,'汉南区','hannanqu',30.309637,114.081238,'420100','420113');
        /****************************** 输出行政区SQL脚本: 结束 ***********************************/
delete from s_landmark where citycode = '420100';
        /****************************** 输出景点SQL脚本: 开始 ***********************************/
        insert into s_landmark (landmarkid, landmarkname, pinyin, ltype, lat, lng, citycode, discode) values (10493,'汉阳造艺术区','hanyangzaoyishuqu',5,30.549326,114.265808,'420100','420105');
        insert into s_landmark (landmarkid, landmarkname, pinyin, ltype, lat, lng, citycode, discode) values (10495,'江汉关大楼','jianghanguandalou',5,30.576141,114.297508,'420100','420103');
        insert into s_landmark (landmarkid, landmarkname, pinyin, ltype, lat, lng, citycode, discode) values (7616,'司门口ATM潮流百货','simenkouATMchaoliubaihuo',1,30.555174,114.34214,'420100','420106');
        insert into s_landmark (landmarkid, landmarkname, pinyin, ltype, lat, lng, citycode, discode) values (10491,'武昌江滩','wuchangjiangtan',5,30.585093,114.321404,'420100','420106');
        insert into s_landmark (landmarkid, landmarkname, pinyin, ltype, lat, lng, citycode, discode) values (10484,'户部巷','hubuxiang',5,30.547943,114.298462,'420100','420106');
        insert into s_landmark (landmarkid, landmarkname, pinyin, ltype, lat, lng, citycode, discode) values (10485,'汉口江滩','hankoujiangtan',5,30.698095,114.312637,'420100','420116');
        insert into s_landmark (landmarkid, landmarkname, pinyin, ltype, lat, lng, citycode, discode) values (13586,'同济医学院医院','tongjiyixueyuanyiyuan',6,30.585594,114.259666,'420100','420104');
        insert into s_landmark (landmarkid, landmarkname, pinyin, ltype, lat, lng, citycode, discode) values (10487,'东湖樱花园','donghuyinghuayuan',5,30.560921,114.356705,'420100','420106');
        insert into s_landmark (landmarkid, landmarkname, pinyin, ltype, lat, lng, citycode, discode) values (13587,'长虹中学','zhanghongzhongxue',7,30.498247,114.310165,'420100','420111');
        insert into s_landmark (landmarkid, landmarkname, pinyin, ltype, lat, lng, citycode, discode) values (13588,'武汉国际博览中心','wuhanguojibolanzhongxin',5,30.507122,114.241989,'420100','420105');
        insert into s_landmark (landmarkid, landmarkname, pinyin, ltype, lat, lng, citycode, discode) values (10482,'江汉路','jianghanlu',5,30.585337,114.285889,'420100','420103');
        insert into s_landmark (landmarkid, landmarkname, pinyin, ltype, lat, lng, citycode, discode) values (7588,'群光广场','qunguangguangchang',1,30.525705,114.355286,'420100','420111');
        insert into s_landmark (landmarkid, landmarkname, pinyin, ltype, lat, lng, citycode, discode) values (7589,'光谷国际广场','guangguguojiguangchang',1,30.5068,114.396294,'420100','420111');
        insert into s_landmark (landmarkid, landmarkname, pinyin, ltype, lat, lng, citycode, discode) values (7590,'光谷步行街','guanggubuxingjie',1,30.500729,114.41584,'420100','420111');
        insert into s_landmark (landmarkid, landmarkname, pinyin, ltype, lat, lng, citycode, discode) values (7591,'鲁巷广场购物中心','luxiangguangchanggouwuzhongxin',1,30.494366,114.396996,'420100','420111');
        insert into s_landmark (landmarkid, landmarkname, pinyin, ltype, lat, lng, citycode, discode) values (7592,'光谷天地','guanggutiandi',1,30.477488,114.410667,'420100','420111');
        insert into s_landmark (landmarkid, landmarkname, pinyin, ltype, lat, lng, citycode, discode) values (7593,'光谷时间广场','guanggushijianguangchang',1,30.495924,114.396797,'420100','420111');
        insert into s_landmark (landmarkid, landmarkname, pinyin, ltype, lat, lng, citycode, discode) values (7594,'光谷时代广场','guanggushidaiguangchang',1,30.501566,114.412987,'420100','420111');
        insert into s_landmark (landmarkid, landmarkname, pinyin, ltype, lat, lng, citycode, discode) values (7595,'乐天城','letiancheng',1,30.525917,114.35479,'420100','420111');
        insert into s_landmark (landmarkid, landmarkname, pinyin, ltype, lat, lng, citycode, discode) values (7596,'南湖城市广场','nanhuchengshiguangchang',1,30.504499,114.325119,'420100','420111');
        insert into s_landmark (landmarkid, landmarkname, pinyin, ltype, lat, lng, citycode, discode) values (7597,'中商平价珞珈山购物广场','zhongshangpingjialuojiashangouwuguangchang',1,30.537218,114.365669,'420100','420106');
        insert into s_landmark (landmarkid, landmarkname, pinyin, ltype, lat, lng, citycode, discode) values (7598,'西班牙风情街','xibanyafengqingjie',1,30.503704,114.403854,'420100','420111');
        insert into s_landmark (landmarkid, landmarkname, pinyin, ltype, lat, lng, citycode, discode) values (7599,'意大利风情街','yidalifengqingjie',1,30.501595,114.407799,'420100','420111');
        insert into s_landmark (landmarkid, landmarkname, pinyin, ltype, lat, lng, citycode, discode) values (7600,'东澜岸广场','donglananguangchang',1,30.432758,114.266991,'420100','420111');
        insert into s_landmark (landmarkid, landmarkname, pinyin, ltype, lat, lng, citycode, discode) values (8759,'石榴红村旅游中心','shiliuhongcunlu:youzhongxin',5,30.596922,114.030937,'420100','420112');
        insert into s_landmark (landmarkid, landmarkname, pinyin, ltype, lat, lng, citycode, discode) values (7615,'汉街万达广场','hanjiewandaguangchang',1,30.5068,114.173836,'420100','420114');
        insert into s_landmark (landmarkid, landmarkname, pinyin, ltype, lat, lng, citycode, discode) values (7558,'武汉摩尔城','wuhanmoercheng',1,30.579727,114.270699,'420100','420103');
        insert into s_landmark (landmarkid, landmarkname, pinyin, ltype, lat, lng, citycode, discode) values (7556,'新世界百货','xinshijiebaihuo',1,30.528101,114.348465,'420100','420111');
        insert into s_landmark (landmarkid, landmarkname, pinyin, ltype, lat, lng, citycode, discode) values (7562,'龙阳大道大洋百货','longyangdadaodayangbaihuo',1,30.57262,114.215897,'420100','420105');
        insert into s_landmark (landmarkid, landmarkname, pinyin, ltype, lat, lng, citycode, discode) values (8716,'木兰天池','mulantianchi',5,31.178343,114.285912,'420100','420116');
        insert into s_landmark (landmarkid, landmarkname, pinyin, ltype, lat, lng, citycode, discode) values (8715,'人信汇','renxinhui',1,30.552769,114.20562,'420100','420105');
        insert into s_landmark (landmarkid, landmarkname, pinyin, ltype, lat, lng, citycode, discode) values (7564,'经开万达广场','jingkaiwandaguangchang',1,30.507862,114.174049,'420100','420114');
        insert into s_landmark (landmarkid, landmarkname, pinyin, ltype, lat, lng, citycode, discode) values (5933,'湖北工业大学','hubeigongyedaxue',7,30.479883,114.31134,'420100','420111');
        insert into s_landmark (landmarkid, landmarkname, pinyin, ltype, lat, lng, citycode, discode) values (5932,'中国地质大学','zhongguodizhidaxue',7,30.506981,114.384018,'420100','420111');
        insert into s_landmark (landmarkid, landmarkname, pinyin, ltype, lat, lng, citycode, discode) values (7568,'湘隆时代广场','xianglongshidaiguangchang',1,30.497374,114.168373,'420100','420114');
        insert into s_landmark (landmarkid, landmarkname, pinyin, ltype, lat, lng, citycode, discode) values (5934,'武汉工程大学','wuhangongchengdaxue',7,30.461582,114.432961,'420100','420115');
        insert into s_landmark (landmarkid, landmarkname, pinyin, ltype, lat, lng, citycode, discode) values (122,'武汉站','wuhanzhan',2,30.607477,114.424255,'420100','420111');
        insert into s_landmark (landmarkid, landmarkname, pinyin, ltype, lat, lng, citycode, discode) values (8335,'湖北教育学院','hubeijiaoyuxueyuan',7,30.54657,114.265266,'420100','420105');
        insert into s_landmark (landmarkid, landmarkname, pinyin, ltype, lat, lng, citycode, discode) values (4600,'华中科技大学','huazhongkejidaxue',7,30.511049,114.434479,'420100','420111');
        insert into s_landmark (landmarkid, landmarkname, pinyin, ltype, lat, lng, citycode, discode) values (8334,'湖北第二师范学院','hubeidiershifanxueyuan',7,30.373056,114.401367,'420100','420115');
        insert into s_landmark (landmarkid, landmarkname, pinyin, ltype, lat, lng, citycode, discode) values (4596,'汉口学院','hankouxueyuan',7,30.416346,114.316345,'420100','420115');
        insert into s_landmark (landmarkid, landmarkname, pinyin, ltype, lat, lng, citycode, discode) values (4588,'华中科技大学武昌分校','huazhongkejidaxuewuchangfenxiao',7,30.491982,114.311554,'420100','420111');
        insert into s_landmark (landmarkid, landmarkname, pinyin, ltype, lat, lng, citycode, discode) values (7966,'华中师范大学','huazhongshifandaxue',7,30.51759,114.361771,'420100','420111');
        insert into s_landmark (landmarkid, landmarkname, pinyin, ltype, lat, lng, citycode, discode) values (7967,'武汉理工大学','wuhanligongdaxue',7,30.509724,114.333405,'420100','420111');
        insert into s_landmark (landmarkid, landmarkname, pinyin, ltype, lat, lng, citycode, discode) values (4591,'武汉科技大学洪山校区','wuhankejidaxuehongshanxiaoqu',7,30.515816,114.340462,'420100','420111');
        insert into s_landmark (landmarkid, landmarkname, pinyin, ltype, lat, lng, citycode, discode) values (7965,'华中科技大学','huazhongkejidaxue',7,30.511049,114.434479,'420100','420111');
        insert into s_landmark (landmarkid, landmarkname, pinyin, ltype, lat, lng, citycode, discode) values (10246,'湖北省博物馆','hubeishengbowuguan',5,30.86919,114.380951,'420100','420116');
        insert into s_landmark (landmarkid, landmarkname, pinyin, ltype, lat, lng, citycode, discode) values (7962,'武汉大学','wuhandaxue',7,30.526125,114.358795,'420100','420111');
        insert into s_landmark (landmarkid, landmarkname, pinyin, ltype, lat, lng, citycode, discode) values (4580,'湖北警官学院','hubeijingguanxueyuan',7,30.591587,114.206367,'420100','420104');
        insert into s_landmark (landmarkid, landmarkname, pinyin, ltype, lat, lng, citycode, discode) values (4582,'江汉大学汉口校区','jianghandaxuehankouxiaoqu',7,30.601181,114.290245,'420100','420102');
        insert into s_landmark (landmarkid, landmarkname, pinyin, ltype, lat, lng, citycode, discode) values (4576,'中南民族大学','zhongnanminzudaxue',7,30.487009,114.392097,'420100','420111');
        insert into s_landmark (landmarkid, landmarkname, pinyin, ltype, lat, lng, citycode, discode) values (7435,'花园道艺术商业街','huayuandaoyishushangyejie',1,30.595955,114.265083,'420100','420103');
        insert into s_landmark (landmarkid, landmarkname, pinyin, ltype, lat, lng, citycode, discode) values (4575,'长江职业学院','zhangjiangzhiyexueyuan',7,30.464884,114.44413,'420100','420115');
        insert into s_landmark (landmarkid, landmarkname, pinyin, ltype, lat, lng, citycode, discode) values (7981,'华中农业大学','huazhongnongyedaxue',7,30.474377,114.356026,'420100','420111');
        insert into s_landmark (landmarkid, landmarkname, pinyin, ltype, lat, lng, citycode, discode) values (4573,'华中科技大学同济医学院','huazhongkejidaxuetongjiyixueyuan',7,30.582556,114.262283,'420100','420104');
        insert into s_landmark (landmarkid, landmarkname, pinyin, ltype, lat, lng, citycode, discode) values (7433,'南国西汇城市广场','nanguoxihuichengshiguangchang',1,30.669081,114.574493,'420100','420117');
        insert into s_landmark (landmarkid, landmarkname, pinyin, ltype, lat, lng, citycode, discode) values (7983,'武汉体育学院','wuhantiyuxueyuan',7,30.519035,114.379028,'420100','420111');
        insert into s_landmark (landmarkid, landmarkname, pinyin, ltype, lat, lng, citycode, discode) values (7982,'湖北广播电视大学','hubeiguangbodianshidaxue',7,30.502916,114.398224,'420100','420111');
        insert into s_landmark (landmarkid, landmarkname, pinyin, ltype, lat, lng, citycode, discode) values (4571,'武汉音乐学院','wuhanyinlexueyuan',7,30.538139,114.295708,'420100','420106');
        insert into s_landmark (landmarkid, landmarkname, pinyin, ltype, lat, lng, citycode, discode) values (7977,'湖北轻工职业技术学院','hubeiqinggongzhiyejishuxueyuan',7,30.522566,114.344757,'420100','420111');
        insert into s_landmark (landmarkid, landmarkname, pinyin, ltype, lat, lng, citycode, discode) values (7438,'航空路新世界','hangkongluxinshijie',1,30.579414,114.265038,'420100','420104');
        insert into s_landmark (landmarkid, landmarkname, pinyin, ltype, lat, lng, citycode, discode) values (4570,'湖北财经高等专科学校','hubeicaijinggaodengzhuankexuexiao',7,30.578451,114.373062,'420100','420106');
        insert into s_landmark (landmarkid, landmarkname, pinyin, ltype, lat, lng, citycode, discode) values (7976,'湖北工业大学','hubeigongyedaxue',7,30.479883,114.31134,'420100','420111');
        insert into s_landmark (landmarkid, landmarkname, pinyin, ltype, lat, lng, citycode, discode) values (7437,'泛海城市广场','fanhaichengshiguangchang',1,30.593075,114.305176,'420100','420102');
        insert into s_landmark (landmarkid, landmarkname, pinyin, ltype, lat, lng, citycode, discode) values (7979,'武汉音乐学院','wuhanyinlexueyuan',7,30.538139,114.295708,'420100','420106');
        insert into s_landmark (landmarkid, landmarkname, pinyin, ltype, lat, lng, citycode, discode) values (7978,'武汉工业学院','wuhangongyexueyuan',7,30.639589,114.23497,'420100','420112');
        insert into s_landmark (landmarkid, landmarkname, pinyin, ltype, lat, lng, citycode, discode) values (7973,'武汉科技大学','wuhankejidaxue',7,30.443117,114.269104,'420100','420111');
        insert into s_landmark (landmarkid, landmarkname, pinyin, ltype, lat, lng, citycode, discode) values (4567,'中南财经政法大学武汉学院','zhongnancaijingzhengfadaxuewuhanxueyuan',7,30.50136,114.379311,'420100','420111');
        insert into s_landmark (landmarkid, landmarkname, pinyin, ltype, lat, lng, citycode, discode) values (7427,'北冰洋城市广场','beibingyangchengshiguangchang',1,30.622423,114.142715,'420100','420112');
        insert into s_landmark (landmarkid, landmarkname, pinyin, ltype, lat, lng, citycode, discode) values (7975,'江汉大学','jianghandaxue',7,30.523693,114.155212,'420100','420114');
        insert into s_landmark (landmarkid, landmarkname, pinyin, ltype, lat, lng, citycode, discode) values (7431,'江城壹号','jiangchengyihao',1,30.598186,114.213036,'420100','420104');
        insert into s_landmark (landmarkid, landmarkname, pinyin, ltype, lat, lng, citycode, discode) values (7969,'中南财经政法大学','zhongnancaijingzhengfadaxue',7,30.537531,114.312561,'420100','420106');
        insert into s_landmark (landmarkid, landmarkname, pinyin, ltype, lat, lng, citycode, discode) values (4562,'湖北轻工职业技术学院','hubeiqinggongzhiyejishuxueyuan',7,30.522566,114.344757,'420100','420111');
        insert into s_landmark (landmarkid, landmarkname, pinyin, ltype, lat, lng, citycode, discode) values (7968,'中国地质大学','zhongguodizhidaxue',7,30.506981,114.384018,'420100','420111');
        insert into s_landmark (landmarkid, landmarkname, pinyin, ltype, lat, lng, citycode, discode) values (4561,'湖北大学','hubeidaxue',7,30.602451,114.345528,'420100','420106');
        insert into s_landmark (landmarkid, landmarkname, pinyin, ltype, lat, lng, citycode, discode) values (7429,'后湖摩尔城','houhumoercheng',1,30.307278,114.136337,'420100','420115');
        insert into s_landmark (landmarkid, landmarkname, pinyin, ltype, lat, lng, citycode, discode) values (7971,'湖北大学','hubeidaxue',7,30.602451,114.345528,'420100','420106');
        insert into s_landmark (landmarkid, landmarkname, pinyin, ltype, lat, lng, citycode, discode) values (4560,'湖北财税职业学院','hubeicaishuizhiyexueyuan',7,30.515329,114.299255,'420100','420106');
        insert into s_landmark (landmarkid, landmarkname, pinyin, ltype, lat, lng, citycode, discode) values (7970,'中南民族大学','zhongnanminzudaxue',7,30.487009,114.392097,'420100','420111');
        insert into s_landmark (landmarkid, landmarkname, pinyin, ltype, lat, lng, citycode, discode) values (7428,'东西湖中心百货','dongxihuzhongxinbaihuo',1,30.622467,114.142487,'420100','420112');
        insert into s_landmark (landmarkid, landmarkname, pinyin, ltype, lat, lng, citycode, discode) values (4558,'武汉大学','wuhandaxue',7,30.526125,114.358795,'420100','420111');
        insert into s_landmark (landmarkid, landmarkname, pinyin, ltype, lat, lng, citycode, discode) values (7996,'武汉市鲁巷中学','wuhanshiluxiangzhongxue',7,30.503223,114.393867,'420100','420111');
        insert into s_landmark (landmarkid, landmarkname, pinyin, ltype, lat, lng, citycode, discode) values (4557,'华中师范大学','huazhongshifandaxue',7,30.51759,114.361771,'420100','420111');
        insert into s_landmark (landmarkid, landmarkname, pinyin, ltype, lat, lng, citycode, discode) values (7992,'武汉市第十五中学','wuhanshidishiwuzhongxue',7,30.537687,114.32637,'420100','420106');
        insert into s_landmark (landmarkid, landmarkname, pinyin, ltype, lat, lng, citycode, discode) values (7993,'武汉市关山中学','wuhanshiguanshanzhongxue',7,30.496883,114.40892,'420100','420111');
        insert into s_landmark (landmarkid, landmarkname, pinyin, ltype, lat, lng, citycode, discode) values (4555,'武汉工业学院金银湖校区','wuhangongyexueyuanjinyinhuxiaoqu',7,30.65064,114.222275,'420100','420112');
        insert into s_landmark (landmarkid, landmarkname, pinyin, ltype, lat, lng, citycode, discode) values (7994,'武汉市马房山中学','wuhanshimafangshanzhongxue',7,30.515257,114.351257,'420100','420111');
        insert into s_landmark (landmarkid, landmarkname, pinyin, ltype, lat, lng, citycode, discode) values (7995,'武汉市石牌岭职高','wuhanshishipailingzhigao',7,30.525383,114.340378,'420100','420106');
        insert into s_landmark (landmarkid, landmarkname, pinyin, ltype, lat, lng, citycode, discode) values (7442,'西园商业街','xiyuanshangyejie',1,30.585699,114.268456,'420100','420103');
        insert into s_landmark (landmarkid, landmarkname, pinyin, ltype, lat, lng, citycode, discode) values (7988,'军事经济学院','junshijingjixueyuan',7,30.582346,114.19297,'420100','420104');
        insert into s_landmark (landmarkid, landmarkname, pinyin, ltype, lat, lng, citycode, discode) values (4550,'武汉科技大学青山校区','wuhankejidaxueqingshanxiaoqu',7,30.6227,114.370293,'420100','420107');
        insert into s_landmark (landmarkid, landmarkname, pinyin, ltype, lat, lng, citycode, discode) values (7443,'新世界国贸新都','xinshijieguomaoxindou',1,30.594257,114.269638,'420100','420103');
        insert into s_landmark (landmarkid, landmarkname, pinyin, ltype, lat, lng, citycode, discode) values (4551,'武汉理工大学南湖校区','wuhanligongdaxuenanhuxiaoqu',7,30.51181,114.332436,'420100','420111');
        insert into s_landmark (landmarkid, landmarkname, pinyin, ltype, lat, lng, citycode, discode) values (7989,'武汉工程大学','wuhangongchengdaxue',7,30.461582,114.432961,'420100','420115');
        insert into s_landmark (landmarkid, landmarkname, pinyin, ltype, lat, lng, citycode, discode) values (7440,'菱角湖万达广场','lingjiaohuwandaguangchang',1,30.580662,114.296974,'420100','420102');
        insert into s_landmark (landmarkid, landmarkname, pinyin, ltype, lat, lng, citycode, discode) values (7990,'武汉市武珞路中学','wuhanshiwuluoluzhongxue',7,30.536835,114.328873,'420100','420106');
        insert into s_landmark (landmarkid, landmarkname, pinyin, ltype, lat, lng, citycode, discode) values (7441,'大武汉1911','dawuhan1911',1,30.615273,114.26223,'420100','420103');
        insert into s_landmark (landmarkid, landmarkname, pinyin, ltype, lat, lng, citycode, discode) values (7991,'武汉市第二职业中心学校','wuhanshidierzhiyezhongxinxuexiao',7,30.584354,114.298569,'420100','420100');
        insert into s_landmark (landmarkid, landmarkname, pinyin, ltype, lat, lng, citycode, discode) values (7984,'湖北经济学院','hubeijingjixueyuan',7,30.571766,114.36573,'420100','420106');
        insert into s_landmark (landmarkid, landmarkname, pinyin, ltype, lat, lng, citycode, discode) values (7986,'湖北中医药大学黄家湖校区','hubeizhongyiyaodaxuehuangjiahuxiaoqu',7,30.447996,114.270721,'420100','420111');
        insert into s_landmark (landmarkid, landmarkname, pinyin, ltype, lat, lng, citycode, discode) values (820,'首义文化公园','shouyiwenhuagongyuan',5,30.542053,114.312531,'420100','420106');
        insert into s_landmark (landmarkid, landmarkname, pinyin, ltype, lat, lng, citycode, discode) values (823,'喻家山','yujiashan',5,30.521381,114.419098,'420100','420111');
        insert into s_landmark (landmarkid, landmarkname, pinyin, ltype, lat, lng, citycode, discode) values (822,'武汉东湖牡丹园','wuhandonghumudanyuan',5,30.573116,114.372826,'420100','420106');
        insert into s_landmark (landmarkid, landmarkname, pinyin, ltype, lat, lng, citycode, discode) values (816,'黄鹤楼','huanghelou',5,30.538918,114.29895,'420100','420106');
        insert into s_landmark (landmarkid, landmarkname, pinyin, ltype, lat, lng, citycode, discode) values (16795,'黄陂区人民医院','huangpoqurenminyiyuan',6,30.887991,114.371193,'420100','420116');
        insert into s_landmark (landmarkid, landmarkname, pinyin, ltype, lat, lng, citycode, discode) values (16792,'黄陂区精神病医院','huangpoqujingshenbingyiyuan',6,30.874155,114.374023,'420100','420116');
        insert into s_landmark (landmarkid, landmarkname, pinyin, ltype, lat, lng, citycode, discode) values (829,'宝通禅寺/洪山宝塔','baotongshansi/hongshanbaota',5,30.53091,114.341019,'420100','420106');
        insert into s_landmark (landmarkid, landmarkname, pinyin, ltype, lat, lng, citycode, discode) values (16790,'黎黄陂广场','lihuangpoguangchang',5,30.88044,114.375587,'420100','420116');
        insert into s_landmark (landmarkid, landmarkname, pinyin, ltype, lat, lng, citycode, discode) values (828,'东湖楚风园','donghuchufengyuan',5,30.577625,114.378448,'420100','420106');
        insert into s_landmark (landmarkid, landmarkname, pinyin, ltype, lat, lng, citycode, discode) values (831,'辛亥革命博物馆','xinhaigemingbowuguan',5,30.537409,114.306114,'420100','420106');
        insert into s_landmark (landmarkid, landmarkname, pinyin, ltype, lat, lng, citycode, discode) values (16787,'黄陂区中医医院','huangpoquzhongyiyiyuan',6,30.872259,114.376511,'420100','420116');
        insert into s_landmark (landmarkid, landmarkname, pinyin, ltype, lat, lng, citycode, discode) values (827,'起义门','qiyimen',5,30.525757,114.307419,'420100','420106');
        insert into s_landmark (landmarkid, landmarkname, pinyin, ltype, lat, lng, citycode, discode) values (6325,'福客茂','fukemao',1,30.587164,114.34095,'420100','420106');
        insert into s_landmark (landmarkid, landmarkname, pinyin, ltype, lat, lng, citycode, discode) values (826,'江汉桥','jianghanqiao',5,30.562262,114.267326,'420100','420104');
        insert into s_landmark (landmarkid, landmarkname, pinyin, ltype, lat, lng, citycode, discode) values (6324,'销品茂','xiaopinmao',1,30.588812,114.343842,'420100','420106');
        insert into s_landmark (landmarkid, landmarkname, pinyin, ltype, lat, lng, citycode, discode) values (806,'昙华林','tanhualin',5,30.552019,114.309845,'420100','420106');
        insert into s_landmark (landmarkid, landmarkname, pinyin, ltype, lat, lng, citycode, discode) values (7392,'江汉路大洋百货','jianghanludayangbaihuo',1,30.577431,114.289993,'420100','420103');
        insert into s_landmark (landmarkid, landmarkname, pinyin, ltype, lat, lng, citycode, discode) values (812,'乃园遗址','naiyuanyizhi',5,30.543997,114.294762,'420100','420106');
        insert into s_landmark (landmarkid, landmarkname, pinyin, ltype, lat, lng, citycode, discode) values (815,'归元禅寺','guiyuanshansi',5,30.545341,114.260216,'420100','420105');
        insert into s_landmark (landmarkid, landmarkname, pinyin, ltype, lat, lng, citycode, discode) values (809,'晴川阁','qingchuange',5,30.5602,114.284348,'420100','420105');
        insert into s_landmark (landmarkid, landmarkname, pinyin, ltype, lat, lng, citycode, discode) values (811,'长江大桥','zhangjiangdaqiao',5,30.549622,114.288414,'420100','420105');
        insert into s_landmark (landmarkid, landmarkname, pinyin, ltype, lat, lng, citycode, discode) values (7381,'武汉国际广场','wuhanguojiguangchang',1,30.57935,114.270264,'420100','420103');
        insert into s_landmark (landmarkid, landmarkname, pinyin, ltype, lat, lng, citycode, discode) values (16829,'武汉新洲妇幼保健院','wuhanxinzhoufuyoubaojianyuan',6,30.842155,114.798927,'420100','420117');
        insert into s_landmark (landmarkid, landmarkname, pinyin, ltype, lat, lng, citycode, discode) values (16827,'新洲肾病专科医院','xinzhoushenbingzhuankeyiyuan',6,30.84215,114.802109,'420100','420117');
        insert into s_landmark (landmarkid, landmarkname, pinyin, ltype, lat, lng, citycode, discode) values (16821,'金堂街综合批发市场','jintangjiezonghepifashichang',1,30.87541,114.36673,'420100','420116');
        insert into s_landmark (landmarkid, landmarkname, pinyin, ltype, lat, lng, citycode, discode) values (16823,'黄陂区文体广场','huangpoquwentiguangchang',5,30.870611,114.378387,'420100','420116');
        insert into s_landmark (landmarkid, landmarkname, pinyin, ltype, lat, lng, citycode, discode) values (7385,'新佳丽广场','xinjialiguangchang',1,30.576855,114.28849,'420100','420103');
        insert into s_landmark (landmarkid, landmarkname, pinyin, ltype, lat, lng, citycode, discode) values (16812,'南美银邦','nanmeiyinbang',1,30.876648,114.386673,'420100','420116');
        insert into s_landmark (landmarkid, landmarkname, pinyin, ltype, lat, lng, citycode, discode) values (16815,'百锦农贸市场','baijinnongmaoshichang',1,30.87648,114.378883,'420100','420116');
        insert into s_landmark (landmarkid, landmarkname, pinyin, ltype, lat, lng, citycode, discode) values (16803,'武汉955医院','wuhan955yiyuan',6,30.880407,114.382805,'420100','420116');
        insert into s_landmark (landmarkid, landmarkname, pinyin, ltype, lat, lng, citycode, discode) values (25530,'武汉市儿童医院','wuhanshiertongyiyuan',6,30.585918,114.266747,'420100','420103');
        insert into s_landmark (landmarkid, landmarkname, pinyin, ltype, lat, lng, citycode, discode) values (25528,'武钢总医院','wugangzongyiyuan',6,30.63195,114.403206,'420100','420107');
        insert into s_landmark (landmarkid, landmarkname, pinyin, ltype, lat, lng, citycode, discode) values (25523,'湖北省新华医院','hubeishengxinhuayiyuan',6,30.608301,114.273849,'420100','420103');
        insert into s_landmark (landmarkid, landmarkname, pinyin, ltype, lat, lng, citycode, discode) values (25521,'武汉同济医院','wuhantongjiyiyuan',6,30.774616,114.217239,'420100','420116');
        insert into s_landmark (landmarkid, landmarkname, pinyin, ltype, lat, lng, citycode, discode) values (25526,'武汉科技大学附属天佑医院','wuhankejidaxuefushutianyouyiyuan',6,30.524868,114.326538,'420100','420106');
        insert into s_landmark (landmarkid, landmarkname, pinyin, ltype, lat, lng, citycode, discode) values (25515,'中南医院','zhongnanyiyuan',6,30.536987,114.332199,'420100','420106');
        insert into s_landmark (landmarkid, landmarkname, pinyin, ltype, lat, lng, citycode, discode) values (25513,'解放军457医院','jiefangjun457yiyuan',6,30.863722,114.35244,'420100','420116');
        insert into s_landmark (landmarkid, landmarkname, pinyin, ltype, lat, lng, citycode, discode) values (25519,'武汉市第六医院','wuhanshidiliuyiyuan',6,30.600147,114.289711,'420100','420102');
        insert into s_landmark (landmarkid, landmarkname, pinyin, ltype, lat, lng, citycode, discode) values (25517,'湖北省中医院光谷院区','hubeishengzhongyiyuanguangguyuanqu',6,30.550985,114.317162,'420100','420106');
        insert into s_landmark (landmarkid, landmarkname, pinyin, ltype, lat, lng, citycode, discode) values (16844,'新洲人民广场','xinzhourenminguangchang',1,30.829025,114.797195,'420100','420117');
        insert into s_landmark (landmarkid, landmarkname, pinyin, ltype, lat, lng, citycode, discode) values (25507,'湖北省中山医院','hubeishengzhongshanyiyuan',6,30.577084,114.26844,'420100','420103');
        insert into s_landmark (landmarkid, landmarkname, pinyin, ltype, lat, lng, citycode, discode) values (16834,'新洲现代门诊','xinzhouxiandaimenzhen',6,30.84215,114.802109,'420100','420117');
        insert into s_landmark (landmarkid, landmarkname, pinyin, ltype, lat, lng, citycode, discode) values (25505,'武汉大学口腔医院','wuhandaxuekouqiangyiyuan',6,30.635445,114.394592,'420100','420107');
        insert into s_landmark (landmarkid, landmarkname, pinyin, ltype, lat, lng, citycode, discode) values (16073,'蔡甸江滩','caidianjiangtan',5,30.582186,114.029343,'420100','420114');
        insert into s_landmark (landmarkid, landmarkname, pinyin, ltype, lat, lng, citycode, discode) values (25511,'161医院','161yiyuan',6,30.616405,114.307465,'420100','420102');
        insert into s_landmark (landmarkid, landmarkname, pinyin, ltype, lat, lng, citycode, discode) values (25509,'湖北省肿瘤医院','hubeishengzhongliuyiyuan',6,30.572752,114.278084,'420100','420104');
        insert into s_landmark (landmarkid, landmarkname, pinyin, ltype, lat, lng, citycode, discode) values (16836,'新洲人民广场','xinzhourenminguangchang',5,30.829025,114.797195,'420100','420117');
        insert into s_landmark (landmarkid, landmarkname, pinyin, ltype, lat, lng, citycode, discode) values (25497,'武汉协和医院','wuhanxieheyiyuan',6,30.583435,114.275635,'420100','420103');
        insert into s_landmark (landmarkid, landmarkname, pinyin, ltype, lat, lng, citycode, discode) values (25499,'武汉市第一医院','wuhanshidiyiyiyuan',6,30.577238,114.319633,'420100','420106');
        insert into s_landmark (landmarkid, landmarkname, pinyin, ltype, lat, lng, citycode, discode) values (25501,'武汉市中心医院','wuhanshizhongxinyiyuan',6,30.581263,114.295052,'420100','420102');
        insert into s_landmark (landmarkid, landmarkname, pinyin, ltype, lat, lng, citycode, discode) values (25503,'武汉市第三医院','wuhanshidisanyiyuan',6,30.54077,114.302406,'420100','420106');
        insert into s_landmark (landmarkid, landmarkname, pinyin, ltype, lat, lng, citycode, discode) values (8985,'凯德新民众乐园','kaidexinminzhongleyuan',1,30.577944,114.292191,'420100','420103');
        insert into s_landmark (landmarkid, landmarkname, pinyin, ltype, lat, lng, citycode, discode) values (834,'卓刀泉寺','zhuodaoquansi',5,30.506613,114.369293,'420100','420111');
        insert into s_landmark (landmarkid, landmarkname, pinyin, ltype, lat, lng, citycode, discode) values (838,'珞珈山','luojiashan',5,30.537218,114.365669,'420100','420106');
        insert into s_landmark (landmarkid, landmarkname, pinyin, ltype, lat, lng, citycode, discode) values (839,'晴川桥','qingchuanqiao',5,30.563337,114.284615,'420100','420104');
        insert into s_landmark (landmarkid, landmarkname, pinyin, ltype, lat, lng, citycode, discode) values (836,'月湖风景区','yuehufengjingqu',5,30.554199,114.259712,'420100','420105');
        insert into s_landmark (landmarkid, landmarkname, pinyin, ltype, lat, lng, citycode, discode) values (837,'龟山风景区','guishanfengjingqu',5,30.555061,114.278801,'420100','420105');
        insert into s_landmark (landmarkid, landmarkname, pinyin, ltype, lat, lng, citycode, discode) values (24279,'武汉老年病医院','wuhanlaonianbingyiyuan',6,30.536877,114.395531,'420100','420111');
        insert into s_landmark (landmarkid, landmarkname, pinyin, ltype, lat, lng, citycode, discode) values (10562,'武汉天河机场','wuhantianhejichang',2,30.801863,114.224792,'420100','420116');
        insert into s_landmark (landmarkid, landmarkname, pinyin, ltype, lat, lng, citycode, discode) values (24280,'武汉市儿童医院','wuhanshiertongyiyuan',6,30.585918,114.266747,'420100','420103');
        insert into s_landmark (landmarkid, landmarkname, pinyin, ltype, lat, lng, citycode, discode) values (6668,'群星城','qunxingcheng',1,30.07909,114.336502,'420100','420115');
        insert into s_landmark (landmarkid, landmarkname, pinyin, ltype, lat, lng, citycode, discode) values (6665,'奥山世纪城','aoshanshijicheng',1,30.617315,114.36364,'420100','420107');
        insert into s_landmark (landmarkid, landmarkname, pinyin, ltype, lat, lng, citycode, discode) values (15376,'杨柳堤江滩公园','yangliudijiangtangongyuan',5,30.697338,114.534904,'420100','420117');
        insert into s_landmark (landmarkid, landmarkname, pinyin, ltype, lat, lng, citycode, discode) values (5881,'武昌站','wuchangzhan',2,30.528646,114.317848,'420100','420106');
        insert into s_landmark (landmarkid, landmarkname, pinyin, ltype, lat, lng, citycode, discode) values (5880,'汉口站','hankouzhan',2,30.617849,114.25547,'420100','420103');
        insert into s_landmark (landmarkid, landmarkname, pinyin, ltype, lat, lng, citycode, discode) values (7224,'武汉广场','wuhanguangchang',1,30.57935,114.270264,'420100','420103');
        insert into s_landmark (landmarkid, landmarkname, pinyin, ltype, lat, lng, citycode, discode) values (9146,'木兰草原','mulancaoyuan',5,31.043446,114.388687,'420100','420116');
        insert into s_landmark (landmarkid, landmarkname, pinyin, ltype, lat, lng, citycode, discode) values (9147,'武汉海昌极地海洋世界','wuhanhaichangjidihaiyangshijie',5,30.584354,114.298569,'420100','420100');
        insert into s_landmark (landmarkid, landmarkname, pinyin, ltype, lat, lng, citycode, discode) values (9144,'东湖磨山景区','donghumoshanjingqu',5,30.560921,114.356705,'420100','420106');
        insert into s_landmark (landmarkid, landmarkname, pinyin, ltype, lat, lng, citycode, discode) values (9145,'清凉寨','qingliangzhai',5,31.288275,114.221703,'420100','420116');
        insert into s_landmark (landmarkid, landmarkname, pinyin, ltype, lat, lng, citycode, discode) values (9142,'木兰山风景区','mulanshanfengjingqu',5,31.083597,114.404457,'420100','420116');
        insert into s_landmark (landmarkid, landmarkname, pinyin, ltype, lat, lng, citycode, discode) values (9143,'武汉植物园','wuhanzhiwuyuan',5,30.54413,114.423187,'420100','420111');
        insert into s_landmark (landmarkid, landmarkname, pinyin, ltype, lat, lng, citycode, discode) values (9140,'武汉东湖','wuhandonghu',5,30.82999,114.576935,'420100','420116');
        insert into s_landmark (landmarkid, landmarkname, pinyin, ltype, lat, lng, citycode, discode) values (7222,'武汉天地','wuhantiandi',1,30.607437,114.310013,'420100','420102');
        insert into s_landmark (landmarkid, landmarkname, pinyin, ltype, lat, lng, citycode, discode) values (5260,'吉庆街','jiqingjie',5,30.583765,114.289627,'420100','420102');
        insert into s_landmark (landmarkid, landmarkname, pinyin, ltype, lat, lng, citycode, discode) values (5262,'中山公园','zhongshangongyuan',5,30.585587,114.271263,'420100','420103');
        insert into s_landmark (landmarkid, landmarkname, pinyin, ltype, lat, lng, citycode, discode) values (5263,'解放公园','jiefanggongyuan',5,30.607403,114.295143,'420100','420102');
        insert into s_landmark (landmarkid, landmarkname, pinyin, ltype, lat, lng, citycode, discode) values (5265,'武汉博物馆','wuhanbowuguan',5,30.611456,114.256653,'420100','420103');
        insert into s_landmark (landmarkid, landmarkname, pinyin, ltype, lat, lng, citycode, discode) values (5266,'武汉动物园','wuhandongwuyuan',5,30.543447,114.244324,'420100','420105');
        /****************************** 输出景点SQL脚本: 结束 ***********************************/
