#成都市  抓取数据sql
delete from s_areainfo where citycode=510100;
        /****************************** 输出行政区SQL脚本: 开始 ***********************************/
        insert into s_areainfo (areaid, areaname, pinyin, lat, lng, citycode, discode) values (3808,'新津县','xinjinxian',30.410222,103.811345,'510100','');
        insert into s_areainfo (areaid, areaname, pinyin, lat, lng, citycode, discode) values (34,'锦江区','jinjiangqu',30.657689,104.080989,'510100','');
        insert into s_areainfo (areaid, areaname, pinyin, lat, lng, citycode, discode) values (35,'金牛区','jinniuqu',30.691359,104.052236,'510100','');
        insert into s_areainfo (areaid, areaname, pinyin, lat, lng, citycode, discode) values (3795,'龙泉驿区','longquanyiqu',30.556507,104.274632,'510100','');
        insert into s_areainfo (areaid, areaname, pinyin, lat, lng, citycode, discode) values (38,'武侯区','wuhouqu',30.641982,104.04339,'510100','');
        insert into s_areainfo (areaid, areaname, pinyin, lat, lng, citycode, discode) values (3796,'青白江区','qingbaijiangqu',30.878681,104.250877,'510100','');
        insert into s_areainfo (areaid, areaname, pinyin, lat, lng, citycode, discode) values (3797,'新都区','xindouqu',30.823499,104.158705,'510100','');
        insert into s_areainfo (areaid, areaname, pinyin, lat, lng, citycode, discode) values (36,'青羊区','qingyangqu',30.674406,104.062499,'510100','');
        insert into s_areainfo (areaid, areaname, pinyin, lat, lng, citycode, discode) values (3798,'温江区','wenjiangqu',30.682203,103.856646,'510100','');
        insert into s_areainfo (areaid, areaname, pinyin, lat, lng, citycode, discode) values (37,'成华区','chenghuaqu',30.660122,104.101255,'510100','');
        insert into s_areainfo (areaid, areaname, pinyin, lat, lng, citycode, discode) values (3799,'都江堰市','doujiangyanshi',30.988435,103.646912,'510100','');
        insert into s_areainfo (areaid, areaname, pinyin, lat, lng, citycode, discode) values (3800,'彭州市','pengzhoushi',30.990108,103.958014,'510100','');
        insert into s_areainfo (areaid, areaname, pinyin, lat, lng, citycode, discode) values (3801,'邛崃市','qionglaishi',30.410275,103.464156,'510100','');
        insert into s_areainfo (areaid, areaname, pinyin, lat, lng, citycode, discode) values (3802,'崇州市','chongzhoushi',30.630122,103.673001,'510100','');
        insert into s_areainfo (areaid, areaname, pinyin, lat, lng, citycode, discode) values (3803,'金堂县','jintangxian',30.862017,104.412005,'510100','');
        insert into s_areainfo (areaid, areaname, pinyin, lat, lng, citycode, discode) values (3805,'郫县','pixian',30.795854,103.901092,'510100','');
        insert into s_areainfo (areaid, areaname, pinyin, lat, lng, citycode, discode) values (3806,'大邑县','dayixian',30.572331,103.511899,'510100','');
        insert into s_areainfo (areaid, areaname, pinyin, lat, lng, citycode, discode) values (3807,'蒲江县','pujiangxian',30.196789,103.506498,'510100','');
        insert into s_areainfo (areaid, areaname, pinyin, lat, lng, citycode, discode) values (5896,'双流县','shuangliuxian1',30.574655,103.923715,'510100','');
        insert into s_areainfo (areaid, areaname, pinyin, lat, lng, citycode, discode) values (5895,'高新区','gaoxinqu',30.622599,104.03931,'510100','');
        /****************************** 输出行政区SQL脚本: 结束 ***********************************/
delete from s_landmark where citycode=510100;
        /****************************** 输出景点SQL脚本: 开始 ***********************************/
        insert into s_landmark (landmarkid, landmarkname, pinyin, ltype, lat, lng, citycode, discode) values (19537,'蒲江县图书馆','pujiangxiantushuguan',5,30.191926,103.506777,'510100','');
        insert into s_landmark (landmarkid, landmarkname, pinyin, ltype, lat, lng, citycode, discode) values (19528,'金海岸公园','jinhaiangongyuan',5,30.853753,104.409323,'510100','');
        insert into s_landmark (landmarkid, landmarkname, pinyin, ltype, lat, lng, citycode, discode) values (19530,'金堂县第一人民医院','jintangxiandiyirenminyiyuan',6,30.856379,104.431278,'510100','');
        insert into s_landmark (landmarkid, landmarkname, pinyin, ltype, lat, lng, citycode, discode) values (14094,'大观镇','daguanzhen',5,30.845705,103.577484,'510100','');
        insert into s_landmark (landmarkid, landmarkname, pinyin, ltype, lat, lng, citycode, discode) values (19532,'人民医院','renminyiyuan',6,30.590213,104.052061,'510100','');
        insert into s_landmark (landmarkid, landmarkname, pinyin, ltype, lat, lng, citycode, discode) values (19533,'妇幼保健院','fuyoubaojianyuan',6,30.667236,104.052495,'510100','');
        insert into s_landmark (landmarkid, landmarkname, pinyin, ltype, lat, lng, citycode, discode) values (6591,'财富中心','caifuzhongxin',1,30.645522,104.067047,'510100','');
        insert into s_landmark (landmarkid, landmarkname, pinyin, ltype, lat, lng, citycode, discode) values (19522,'金堂县中医医院','jintangxianzhongyiyiyuan',6,30.851218,104.39874,'510100','');
        insert into s_landmark (landmarkid, landmarkname, pinyin, ltype, lat, lng, citycode, discode) values (13606,'安靖','anjing',1,30.766973,104.013677,'510100','');
        insert into s_landmark (landmarkid, landmarkname, pinyin, ltype, lat, lng, citycode, discode) values (19562,'四川志辉医院','sichuanzhihuiyiyuan',6,30.418482,103.817054,'510100','');
        insert into s_landmark (landmarkid, landmarkname, pinyin, ltype, lat, lng, citycode, discode) values (19560,'新津县中医院','xinjinxianzhongyiyuan',6,30.425357,103.815809,'510100','');
        insert into s_landmark (landmarkid, landmarkname, pinyin, ltype, lat, lng, citycode, discode) values (19561,'新津县图书馆','xinjinxiantushuguan',5,30.419308,103.812831,'510100','');
        insert into s_landmark (landmarkid, landmarkname, pinyin, ltype, lat, lng, citycode, discode) values (10746,'新津机场','xinjinjichang',2,30.419524,103.839115,'510100','');
        insert into s_landmark (landmarkid, landmarkname, pinyin, ltype, lat, lng, citycode, discode) values (10745,'成都双流机场','chengdoushuangliujichang',2,30.578848,103.958502,'510100','');
        insert into s_landmark (landmarkid, landmarkname, pinyin, ltype, lat, lng, citycode, discode) values (19558,'新津县人民医院','xinjinxianrenminyiyuan',6,30.415255,103.805602,'510100','');
        insert into s_landmark (landmarkid, landmarkname, pinyin, ltype, lat, lng, citycode, discode) values (13573,'四川师范大学成龙校区','sichuanshifandaxuechenglongxiaoqu',7,30.565278,104.201557,'510100','');
        insert into s_landmark (landmarkid, landmarkname, pinyin, ltype, lat, lng, citycode, discode) values (19556,'浦江客运中心','pujiangkeyunzhongxin',2,30.201117,103.526765,'510100','');
        insert into s_landmark (landmarkid, landmarkname, pinyin, ltype, lat, lng, citycode, discode) values (7601,'欧尚','oushang',1,30.601596,104.061509,'510100','');
        insert into s_landmark (landmarkid, landmarkname, pinyin, ltype, lat, lng, citycode, discode) values (10377,'花水湾温泉第一村','huashuiwanwenquandiyicun',5,30.563593,103.26046,'510100','');
        insert into s_landmark (landmarkid, landmarkname, pinyin, ltype, lat, lng, citycode, discode) values (7603,'韩国城','hanguocheng',1,30.570351,104.003525,'510100','');
        insert into s_landmark (landmarkid, landmarkname, pinyin, ltype, lat, lng, citycode, discode) values (7602,'北京华联','beijinghualian',1,30.646079,104.106281,'510100','');
        insert into s_landmark (landmarkid, landmarkname, pinyin, ltype, lat, lng, citycode, discode) values (10376,'蜀风雅韵','shufengyayun',5,30.660088,104.046004,'510100','');
        insert into s_landmark (landmarkid, landmarkname, pinyin, ltype, lat, lng, citycode, discode) values (7605,'伊藤洋华堂（高新店）','yitengyanghuatang（gaoxindian）',1,30.550355,104.044257,'510100','');
        insert into s_landmark (landmarkid, landmarkname, pinyin, ltype, lat, lng, citycode, discode) values (7607,'麓山国际','lushanguoji',5,30.485413,104.086128,'510100','');
        insert into s_landmark (landmarkid, landmarkname, pinyin, ltype, lat, lng, citycode, discode) values (7606,'铁像寺','tiexiangsi',5,30.557555,104.04874,'510100','');
        insert into s_landmark (landmarkid, landmarkname, pinyin, ltype, lat, lng, citycode, discode) values (7609,'中心公园','zhongxingongyuan',5,30.587558,103.906022,'510100','');
        insert into s_landmark (landmarkid, landmarkname, pinyin, ltype, lat, lng, citycode, discode) values (7608,'棠湖公园','tanghugongyuan',5,30.570303,103.918487,'510100','');
        insert into s_landmark (landmarkid, landmarkname, pinyin, ltype, lat, lng, citycode, discode) values (7610,'双流国际机场','shuangliuguojijichang',2,30.578848,103.958502,'510100','');
        insert into s_landmark (landmarkid, landmarkname, pinyin, ltype, lat, lng, citycode, discode) values (10374,'成都温江国色天香','chengdouwenjiangguosetianxiang',5,30.722521,103.825572,'510100','');
        insert into s_landmark (landmarkid, landmarkname, pinyin, ltype, lat, lng, citycode, discode) values (10373,'刘氏庄园博物馆','liushizhuangyuanbowuguan',5,30.505632,103.628315,'510100','');
        insert into s_landmark (landmarkid, landmarkname, pinyin, ltype, lat, lng, citycode, discode) values (19519,'中国农民工博物馆','zhongguonongmingongbowuguan',5,30.856487,104.404306,'510100','');
        insert into s_landmark (landmarkid, landmarkname, pinyin, ltype, lat, lng, citycode, discode) values (7555,'银石广场','yinshiguangchang',1,30.653254,104.079561,'510100','');
        insert into s_landmark (landmarkid, landmarkname, pinyin, ltype, lat, lng, citycode, discode) values (19517,'金堂客运中心','jintangkeyunzhongxin',2,30.862805,104.401062,'510100','');
        insert into s_landmark (landmarkid, landmarkname, pinyin, ltype, lat, lng, citycode, discode) values (7552,'啤酒广场','pijiuguangchang',5,30.619734,104.10776,'510100','');
        insert into s_landmark (landmarkid, landmarkname, pinyin, ltype, lat, lng, citycode, discode) values (21908,'邛崃市妇幼保健院','qionglaishifuyoubaojianyuan',6,30.415465,103.464953,'510100','');
        insert into s_landmark (landmarkid, landmarkname, pinyin, ltype, lat, lng, citycode, discode) values (21907,'第二人民医院','dierrenminyiyuan',6,30.66078,104.086659,'510100','');
        insert into s_landmark (landmarkid, landmarkname, pinyin, ltype, lat, lng, citycode, discode) values (6602,'凯丹广场','kaidanguangchang',1,30.60174,104.062931,'510100','');
        insert into s_landmark (landmarkid, landmarkname, pinyin, ltype, lat, lng, citycode, discode) values (6360,'金牛万达广场','jinniuwandaguangchang',1,30.686678,104.074155,'510100','');
        insert into s_landmark (landmarkid, landmarkname, pinyin, ltype, lat, lng, citycode, discode) values (6603,'苏宁广场','suningguangchang',1,30.601663,104.066609,'510100','');
        insert into s_landmark (landmarkid, landmarkname, pinyin, ltype, lat, lng, citycode, discode) values (19513,'金丽妇科医院','jinlifukeyiyuan',6,30.863137,104.399734,'510100','');
        insert into s_landmark (landmarkid, landmarkname, pinyin, ltype, lat, lng, citycode, discode) values (6600,'科华路王府井','kehualuwangfujing',1,30.619286,104.075643,'510100','');
        insert into s_landmark (landmarkid, landmarkname, pinyin, ltype, lat, lng, citycode, discode) values (7557,'群光广场','qunguangguangchang',1,30.654197,104.076859,'510100','');
        insert into s_landmark (landmarkid, landmarkname, pinyin, ltype, lat, lng, citycode, discode) values (6599,'锦华万达广场','jinhuawandaguangchang',1,30.621193,104.097054,'510100','');
        insert into s_landmark (landmarkid, landmarkname, pinyin, ltype, lat, lng, citycode, discode) values (5941,'四川师范大学','sichuanshifandaxue',7,30.609717,104.121852,'510100','');
        insert into s_landmark (landmarkid, landmarkname, pinyin, ltype, lat, lng, citycode, discode) values (19510,'金堂仁爱医院','jintangrenaiyiyuan',6,30.860849,104.408892,'510100','');
        insert into s_landmark (landmarkid, landmarkname, pinyin, ltype, lat, lng, citycode, discode) values (6359,'凯德广场·金牛','kaideguangchang·jinniu',1,30.702633,104.045008,'510100','');
        insert into s_landmark (landmarkid, landmarkname, pinyin, ltype, lat, lng, citycode, discode) values (6596,'奥克斯','aokesi',1,30.654341,104.070635,'510100','');
        insert into s_landmark (landmarkid, landmarkname, pinyin, ltype, lat, lng, citycode, discode) values (7560,'仁和春天','renhechuntian',1,30.662913,104.020336,'510100','');
        insert into s_landmark (landmarkid, landmarkname, pinyin, ltype, lat, lng, citycode, discode) values (21916,'翁亭公园','wengtinggongyuan',5,30.41505,103.459369,'510100','');
        insert into s_landmark (landmarkid, landmarkname, pinyin, ltype, lat, lng, citycode, discode) values (7561,'龙湖三千集','longhusanqianji',1,30.675096,104.109433,'510100','');
        insert into s_landmark (landmarkid, landmarkname, pinyin, ltype, lat, lng, citycode, discode) values (6597,'环球中心','huanqiuzhongxin',1,30.569586,104.065107,'510100','');
        insert into s_landmark (landmarkid, landmarkname, pinyin, ltype, lat, lng, citycode, discode) values (7566,'优品道广场','youpindaoguangchang',1,30.664274,104.007469,'510100','');
        insert into s_landmark (landmarkid, landmarkname, pinyin, ltype, lat, lng, citycode, discode) values (5936,'四川大学','sichuandaxue',7,30.633792,104.088644,'510100','');
        insert into s_landmark (landmarkid, landmarkname, pinyin, ltype, lat, lng, citycode, discode) values (6594,'九方购物中心','jiufanggouwuzhongxin',1,30.589931,104.064804,'510100','');
        insert into s_landmark (landmarkid, landmarkname, pinyin, ltype, lat, lng, citycode, discode) values (6592,'仁恒置地','renhengzhidi',1,30.651513,104.066725,'510100','');
        insert into s_landmark (landmarkid, landmarkname, pinyin, ltype, lat, lng, citycode, discode) values (6593,'来福士','laifushi',1,30.631681,104.067315,'510100','');
        insert into s_landmark (landmarkid, landmarkname, pinyin, ltype, lat, lng, citycode, discode) values (7565,'SM广场','SMguangchang',1,30.667313,104.113281,'510100','');
        insert into s_landmark (landmarkid, landmarkname, pinyin, ltype, lat, lng, citycode, discode) values (7571,'EGO广场','EGOguangchang',1,30.65536,104.071625,'510100','');
        insert into s_landmark (landmarkid, landmarkname, pinyin, ltype, lat, lng, citycode, discode) values (7570,'万象城','wanxiangcheng',1,30.650187,104.116197,'510100','');
        insert into s_landmark (landmarkid, landmarkname, pinyin, ltype, lat, lng, citycode, discode) values (7569,'欢乐颂','huanlesong',1,30.661315,104.094005,'510100','');
        insert into s_landmark (landmarkid, landmarkname, pinyin, ltype, lat, lng, citycode, discode) values (7575,'西南交大老校区','xinanjiaodalaoxiaoqu',7,30.697537,104.053529,'510100','');
        insert into s_landmark (landmarkid, landmarkname, pinyin, ltype, lat, lng, citycode, discode) values (7574,'香槟广场','xiangbinguangchang',1,30.652544,104.07948,'510100','');
        insert into s_landmark (landmarkid, landmarkname, pinyin, ltype, lat, lng, citycode, discode) values (7573,'王府井','wangfujing',1,30.658104,104.079495,'510100','');
        insert into s_landmark (landmarkid, landmarkname, pinyin, ltype, lat, lng, citycode, discode) values (7572,'伊藤洋华堂','yitengyanghuatang',1,30.550355,104.044257,'510100','');
        insert into s_landmark (landmarkid, landmarkname, pinyin, ltype, lat, lng, citycode, discode) values (7578,'凯德广场·沙湾','kaideguangchang·shawan',1,30.693223,104.045122,'510100','');
        insert into s_landmark (landmarkid, landmarkname, pinyin, ltype, lat, lng, citycode, discode) values (6614,'凯德广场·魅力城','kaideguangchang·meilicheng',1,30.626681,104.152263,'510100','');
        insert into s_landmark (landmarkid, landmarkname, pinyin, ltype, lat, lng, citycode, discode) values (7577,'北京华联（一品天下店）','beijinghualian（yipintianxiadian）',1,30.692471,104.024214,'510100','');
        insert into s_landmark (landmarkid, landmarkname, pinyin, ltype, lat, lng, citycode, discode) values (125,'成都南站','chengdounanzhan',2,30.605776,104.068618,'510100','');
        insert into s_landmark (landmarkid, landmarkname, pinyin, ltype, lat, lng, citycode, discode) values (7576,'仁和春天（天府广场店）','renhechuntian（tianfuguangchangdian）',1,30.587392,104.053516,'510100','');
        insert into s_landmark (landmarkid, landmarkname, pinyin, ltype, lat, lng, citycode, discode) values (124,'成都东站','chengdoudongzhan',2,30.62886,104.141625,'510100','');
        insert into s_landmark (landmarkid, landmarkname, pinyin, ltype, lat, lng, citycode, discode) values (123,'成都站(火车北站）','chengdouzhan(huochebeizhan）',2,30.693441,104.073418,'510100','');
        insert into s_landmark (landmarkid, landmarkname, pinyin, ltype, lat, lng, citycode, discode) values (686,'武侯祠','wuhouci',5,30.646092,104.047995,'510100','');
        insert into s_landmark (landmarkid, landmarkname, pinyin, ltype, lat, lng, citycode, discode) values (685,'黄龙溪','huanglongxi',5,30.317445,103.969558,'510100','');
        insert into s_landmark (landmarkid, landmarkname, pinyin, ltype, lat, lng, citycode, discode) values (684,'成都动物园','chengdoudongwuyuan',5,30.710156,104.105709,'510100','');
        insert into s_landmark (landmarkid, landmarkname, pinyin, ltype, lat, lng, citycode, discode) values (4541,'成都中医药大学十二桥校区','chengdouzhongyiyaodaxueshierqiaoxiaoqu',7,30.666552,104.04385,'510100','');
        insert into s_landmark (landmarkid, landmarkname, pinyin, ltype, lat, lng, citycode, discode) values (683,'锦里古街','jinligujie',5,30.644636,104.05002,'510100','');
        insert into s_landmark (landmarkid, landmarkname, pinyin, ltype, lat, lng, citycode, discode) values (682,'杜甫草堂','dufucaotang',5,30.660076,104.028553,'510100','');
        insert into s_landmark (landmarkid, landmarkname, pinyin, ltype, lat, lng, citycode, discode) values (681,'都江堰景区','doujiangyanjingqu',5,30.996555,103.613339,'510100','');
        insert into s_landmark (landmarkid, landmarkname, pinyin, ltype, lat, lng, citycode, discode) values (4542,'成都中医药大学高新校区','chengdouzhongyiyaodaxuegaoxinxiaoqu',7,30.740904,103.95363,'510100','');
        insert into s_landmark (landmarkid, landmarkname, pinyin, ltype, lat, lng, citycode, discode) values (4530,'成都信息工程学院银杏酒店管理学院','chengdouxinxigongchengxueyuanyinxingjiudianguanlixueyuan',7,30.785885,103.958898,'510100','');
        insert into s_landmark (landmarkid, landmarkname, pinyin, ltype, lat, lng, citycode, discode) values (7520,'左岸花都','zuoanhuadou',1,30.528349,104.066116,'510100','');
        insert into s_landmark (landmarkid, landmarkname, pinyin, ltype, lat, lng, citycode, discode) values (7523,'缤纷广场','binfenguangchang',1,30.505652,104.053222,'510100','');
        insert into s_landmark (landmarkid, landmarkname, pinyin, ltype, lat, lng, citycode, discode) values (4535,'电子科技大学沙河校区','dianzikejidaxueshahexiaoqu',7,30.67465,104.099049,'510100','');
        insert into s_landmark (landmarkid, landmarkname, pinyin, ltype, lat, lng, citycode, discode) values (702,'文殊坊','wenshufang',5,30.672997,104.073317,'510100','');
        insert into s_landmark (landmarkid, landmarkname, pinyin, ltype, lat, lng, citycode, discode) values (703,'天台山','tiantaishan',5,30.284132,103.143557,'510100','');
        insert into s_landmark (landmarkid, landmarkname, pinyin, ltype, lat, lng, citycode, discode) values (4522,'西南交通大学','xinanjiaotongdaxue',7,30.763613,103.989266,'510100','');
        insert into s_landmark (landmarkid, landmarkname, pinyin, ltype, lat, lng, citycode, discode) values (700,'成都欢乐谷','chengdouhuanlegu',5,30.721467,104.03472,'510100','');
        insert into s_landmark (landmarkid, landmarkname, pinyin, ltype, lat, lng, citycode, discode) values (701,'锦华馆','jinhuaguan',5,30.656728,104.078196,'510100','');
        insert into s_landmark (landmarkid, landmarkname, pinyin, ltype, lat, lng, citycode, discode) values (7551,'软件园','ruanjianyuan',5,30.549128,104.070754,'510100','');
        insert into s_landmark (landmarkid, landmarkname, pinyin, ltype, lat, lng, citycode, discode) values (4523,'西南财经大学柳林校区','xinancaijingdaxueliulinxiaoqu',7,30.683269,103.820662,'510100','');
        insert into s_landmark (landmarkid, landmarkname, pinyin, ltype, lat, lng, citycode, discode) values (14208,'四川农业大学都江堰校区','sichuannongyedaxuedoujiangyanxiaoqu',7,31.004898,103.621594,'510100','');
        insert into s_landmark (landmarkid, landmarkname, pinyin, ltype, lat, lng, citycode, discode) values (4524,'四川文化产业职业学院','sichuanwenhuachanyezhiyexueyuan',7,30.519037,104.039024,'510100','');
        insert into s_landmark (landmarkid, landmarkname, pinyin, ltype, lat, lng, citycode, discode) values (698,'天府广场','tianfuguangchang',5,30.657361,104.06585,'510100','');
        insert into s_landmark (landmarkid, landmarkname, pinyin, ltype, lat, lng, citycode, discode) values (7545,'南湖公园','nanhugongyuan',5,30.500266,104.047866,'510100','');
        insert into s_landmark (landmarkid, landmarkname, pinyin, ltype, lat, lng, citycode, discode) values (4525,'电子科技大学九里堤校区','dianzikejidaxuejiulidixiaoqu',7,30.710122,104.049271,'510100','');
        insert into s_landmark (landmarkid, landmarkname, pinyin, ltype, lat, lng, citycode, discode) values (699,'古大圣慈寺','gudashengcisi',5,30.654049,104.083626,'510100','');
        insert into s_landmark (landmarkid, landmarkname, pinyin, ltype, lat, lng, citycode, discode) values (696,'东郊记忆','dongjiaojiyi',5,30.668776,104.122892,'510100','');
        insert into s_landmark (landmarkid, landmarkname, pinyin, ltype, lat, lng, citycode, discode) values (4527,'成都职业技术学院青羊校区','chengdouzhiyejishuxueyuanqingyangxiaoqu',7,30.651552,104.032267,'510100','');
        insert into s_landmark (landmarkid, landmarkname, pinyin, ltype, lat, lng, citycode, discode) values (7547,'新会展中心','xinhuizhanzhongxin',5,30.555901,104.077744,'510100','');
        insert into s_landmark (landmarkid, landmarkname, pinyin, ltype, lat, lng, citycode, discode) values (694,'春熙路','chunxilu',5,30.65712,104.078087,'510100','');
        insert into s_landmark (landmarkid, landmarkname, pinyin, ltype, lat, lng, citycode, discode) values (4513,'四川水利职业技术学院','sichuanshuilizhiyejishuxueyuan',7,30.630504,103.77778,'510100','');
        insert into s_landmark (landmarkid, landmarkname, pinyin, ltype, lat, lng, citycode, discode) values (695,'天府长城','tianfuzhangcheng',5,30.586893,104.068298,'510100','');
        insert into s_landmark (landmarkid, landmarkname, pinyin, ltype, lat, lng, citycode, discode) values (692,'宽窄巷子','kuanzhaixiangzi',5,30.663306,104.054124,'510100','');
        insert into s_landmark (landmarkid, landmarkname, pinyin, ltype, lat, lng, citycode, discode) values (4514,'成都理工大学','chengdouligongdaxue',7,30.673151,104.142986,'510100','');
        insert into s_landmark (landmarkid, landmarkname, pinyin, ltype, lat, lng, citycode, discode) values (693,'西岭雪山','xilingxueshan',5,30.609861,103.137633,'510100','');
        insert into s_landmark (landmarkid, landmarkname, pinyin, ltype, lat, lng, citycode, discode) values (4515,'西南石油大学','xinanshiyoudaxue',7,30.821791,104.183562,'510100','');
        insert into s_landmark (landmarkid, landmarkname, pinyin, ltype, lat, lng, citycode, discode) values (4517,'西华大学','xihuadaxue',7,30.778021,103.954667,'510100','');
        insert into s_landmark (landmarkid, landmarkname, pinyin, ltype, lat, lng, citycode, discode) values (691,'洛带古镇','luodaiguzhen',5,30.636708,104.328837,'510100','');
        insert into s_landmark (landmarkid, landmarkname, pinyin, ltype, lat, lng, citycode, discode) values (688,'青羊宫','qingyanggong',5,30.660609,104.041616,'510100','');
        insert into s_landmark (landmarkid, landmarkname, pinyin, ltype, lat, lng, citycode, discode) values (4519,'西南民族大学','xinanminzudaxue',7,30.636982,104.049096,'510100','');
        insert into s_landmark (landmarkid, landmarkname, pinyin, ltype, lat, lng, citycode, discode) values (689,'昭觉寺','zhaojuesi',5,30.708179,104.105973,'510100','');
        insert into s_landmark (landmarkid, landmarkname, pinyin, ltype, lat, lng, citycode, discode) values (4505,'四川音乐学院','sichuanyinlexueyuan',7,30.805936,104.177134,'510100','');
        insert into s_landmark (landmarkid, landmarkname, pinyin, ltype, lat, lng, citycode, discode) values (4511,'成都职业技术学院锦江校区','chengdouzhiyejishuxueyuanjinjiangxiaoqu',7,30.657981,104.085828,'510100','');
        insert into s_landmark (landmarkid, landmarkname, pinyin, ltype, lat, lng, citycode, discode) values (4510,'成都信息工程学院','chengdouxinxigongchengxueyuan',7,30.579969,103.989658,'510100','');
        insert into s_landmark (landmarkid, landmarkname, pinyin, ltype, lat, lng, citycode, discode) values (4509,'电子科技大学成都学院','dianzikejidaxuechengdouxueyuan',7,30.728633,103.96452,'510100','');
        insert into s_landmark (landmarkid, landmarkname, pinyin, ltype, lat, lng, citycode, discode) values (4508,'成都农业科技职业学院','chengdounongyekejizhiyexueyuan',7,30.695122,103.817542,'510100','');
        insert into s_landmark (landmarkid, landmarkname, pinyin, ltype, lat, lng, citycode, discode) values (4502,'成都体育学院','chengdoutiyuxueyuan',7,30.646466,104.043967,'510100','');
        insert into s_landmark (landmarkid, landmarkname, pinyin, ltype, lat, lng, citycode, discode) values (4501,'四川大学锦城学院','sichuandaxuejinchengxueyuan',7,30.725696,103.949171,'510100','');
        insert into s_landmark (landmarkid, landmarkname, pinyin, ltype, lat, lng, citycode, discode) values (4500,'四川广播电视大学','sichuanguangbodianshidaxue',7,30.66843,104.039707,'510100','');
        insert into s_landmark (landmarkid, landmarkname, pinyin, ltype, lat, lng, citycode, discode) values (9876,'芦沟竹海','lugouzhuhai',5,30.371178,103.29582,'510100','');
        insert into s_landmark (landmarkid, landmarkname, pinyin, ltype, lat, lng, citycode, discode) values (14006,'青城山火车站','qingchengshanhuochezhan',2,30.892152,103.606666,'510100','');
        insert into s_landmark (landmarkid, landmarkname, pinyin, ltype, lat, lng, citycode, discode) values (9877,'郫县农科村','pixiannongkecun',5,30.824584,103.797718,'510100','');
        insert into s_landmark (landmarkid, landmarkname, pinyin, ltype, lat, lng, citycode, discode) values (7517,'远大荷兰水街','yuandahelanshuijie',5,30.528376,104.070225,'510100','');
        insert into s_landmark (landmarkid, landmarkname, pinyin, ltype, lat, lng, citycode, discode) values (9874,'金沙遗址博物馆','jinshayizhibowuguan',5,30.681038,104.013609,'510100','');
        insert into s_landmark (landmarkid, landmarkname, pinyin, ltype, lat, lng, citycode, discode) values (9875,'青城山风景区','qingchengshanfengjingqu',5,30.899066,103.571443,'510100','');
        insert into s_landmark (landmarkid, landmarkname, pinyin, ltype, lat, lng, citycode, discode) values (7515,'戛纳湾','jianawan',1,30.523286,104.055306,'510100','');
        insert into s_landmark (landmarkid, landmarkname, pinyin, ltype, lat, lng, citycode, discode) values (9873,'安仁古镇','anrenguzhen',5,30.50727,103.61808,'510100','');
        insert into s_landmark (landmarkid, landmarkname, pinyin, ltype, lat, lng, citycode, discode) values (7509,'音乐广场','yinleguangchang',1,30.703666,104.037925,'510100','');
        insert into s_landmark (landmarkid, landmarkname, pinyin, ltype, lat, lng, citycode, discode) values (8331,'龙湖·北城天街','longhu·beichengtianjie',1,30.711225,104.068885,'510100','');
        insert into s_landmark (landmarkid, landmarkname, pinyin, ltype, lat, lng, citycode, discode) values (24450,'四川省人民医院','sichuanshengrenminyiyuan',6,30.663647,104.039395,'510100','');
        insert into s_landmark (landmarkid, landmarkname, pinyin, ltype, lat, lng, citycode, discode) values (24451,'成都市华西妇产儿童医院','chengdoushihuaxifuchanertongyiyuan',6,30.639183,104.065747,'510100','');
        insert into s_landmark (landmarkid, landmarkname, pinyin, ltype, lat, lng, citycode, discode) values (10497,'大熊猫繁育研究基地','daxiongmaofanyuyanjiujidi',5,30.737297,104.14469,'510100','');
        insert into s_landmark (landmarkid, landmarkname, pinyin, ltype, lat, lng, citycode, discode) values (10498,'鱼嘴分水堤','yuzuifenshuidi',5,31.006589,103.606358,'510100','');
        insert into s_landmark (landmarkid, landmarkname, pinyin, ltype, lat, lng, citycode, discode) values (10499,'南桥','nanqiao',5,30.996782,103.616109,'510100','');
        insert into s_landmark (landmarkid, landmarkname, pinyin, ltype, lat, lng, citycode, discode) values (10500,'浣花溪公园','huanhuaxigongyuan',5,30.6563,104.028171,'510100','');
        insert into s_landmark (landmarkid, landmarkname, pinyin, ltype, lat, lng, citycode, discode) values (24455,'成都第三人民医院','chengdoudisanrenminyiyuan',6,30.669766,104.063033,'510100','');
        insert into s_landmark (landmarkid, landmarkname, pinyin, ltype, lat, lng, citycode, discode) values (10501,'望江楼','wangjianglou',5,30.629296,104.092176,'510100','');
        insert into s_landmark (landmarkid, landmarkname, pinyin, ltype, lat, lng, citycode, discode) values (24452,'成都中医药大学附属医院','chengdouzhongyiyaodaxuefushuyiyuan',6,30.666429,104.041669,'510100','');
        insert into s_landmark (landmarkid, landmarkname, pinyin, ltype, lat, lng, citycode, discode) values (24453,'成都妇女儿童医院','chengdoufunu:ertongyiyuan',6,30.674166,104.009748,'510100','');
        insert into s_landmark (landmarkid, landmarkname, pinyin, ltype, lat, lng, citycode, discode) values (24457,'四川省肿瘤医院','sichuanshengzhongliuyiyuan',6,30.609882,104.06997,'510100','');
        insert into s_landmark (landmarkid, landmarkname, pinyin, ltype, lat, lng, citycode, discode) values (24463,'解放军452医院','jiefangjun452yiyuan',6,30.63377,104.095269,'510100','');
        insert into s_landmark (landmarkid, landmarkname, pinyin, ltype, lat, lng, citycode, discode) values (24461,'华西口腔医院','huaxikouqiangyiyuan',6,30.643209,104.065662,'510100','');
        insert into s_landmark (landmarkid, landmarkname, pinyin, ltype, lat, lng, citycode, discode) values (24467,'成都医学院附属医院','chengdouyixueyuanfushuyiyuan',6,30.828171,104.158413,'510100','');
        insert into s_landmark (landmarkid, landmarkname, pinyin, ltype, lat, lng, citycode, discode) values (24465,'成都市妇女儿童中心医院','chengdoushifunu:ertongzhongxinyiyuan',6,30.67622,103.961727,'510100','');
        insert into s_landmark (landmarkid, landmarkname, pinyin, ltype, lat, lng, citycode, discode) values (24469,'成都大学附属医院','chengdoudaxuefushuyiyuan',6,30.694067,104.067767,'510100','');
        insert into s_landmark (landmarkid, landmarkname, pinyin, ltype, lat, lng, citycode, discode) values (8336,'成都中医药大学','chengdouzhongyiyaodaxue',7,30.686239,103.808449,'510100','');
        insert into s_landmark (landmarkid, landmarkname, pinyin, ltype, lat, lng, citycode, discode) values (10523,'九眼桥','jiuyanqiao',5,30.64033,104.089582,'510100','');
        insert into s_landmark (landmarkid, landmarkname, pinyin, ltype, lat, lng, citycode, discode) values (8337,'电子科技大学','dianzikejidaxue',7,30.67465,104.099049,'510100','');
        insert into s_landmark (landmarkid, landmarkname, pinyin, ltype, lat, lng, citycode, discode) values (24478,'成都市妇幼保健院','chengdoushifuyoubaojianyuan',6,30.667236,104.052495,'510100','');
        insert into s_landmark (landmarkid, landmarkname, pinyin, ltype, lat, lng, citycode, discode) values (21513,'广临医院','guanglinyiyuan',6,30.421703,103.452903,'510100','');
        insert into s_landmark (landmarkid, landmarkname, pinyin, ltype, lat, lng, citycode, discode) values (21514,'邛崃民惠医院','qionglaiminhuiyiyuan',6,30.417309,103.448928,'510100','');
        insert into s_landmark (landmarkid, landmarkname, pinyin, ltype, lat, lng, citycode, discode) values (21509,'邛崃同济医院','qionglaitongjiyiyuan',6,30.408948,103.474975,'510100','');
        insert into s_landmark (landmarkid, landmarkname, pinyin, ltype, lat, lng, citycode, discode) values (704,'街子古镇','jieziguzhen',5,30.814434,103.562108,'510100','');
        insert into s_landmark (landmarkid, landmarkname, pinyin, ltype, lat, lng, citycode, discode) values (21508,'邛崃东华医院','qionglaidonghuayiyuan',6,30.409234,103.474569,'510100','');
        insert into s_landmark (landmarkid, landmarkname, pinyin, ltype, lat, lng, citycode, discode) values (21511,'邛崃市人民医院','qionglaishirenminyiyuan',6,30.403319,103.460297,'510100','');
        insert into s_landmark (landmarkid, landmarkname, pinyin, ltype, lat, lng, citycode, discode) values (706,'幸福梅林','xingfumeilin',5,30.585648,104.13687,'510100','');
        insert into s_landmark (landmarkid, landmarkname, pinyin, ltype, lat, lng, citycode, discode) values (4546,'成都东软学院','chengdoudongruanxueyuan',7,30.888172,103.595349,'510100','');
        insert into s_landmark (landmarkid, landmarkname, pinyin, ltype, lat, lng, citycode, discode) values (4547,'成都理工大学广播影视学院','chengdouligongdaxueguangboyingshixueyuan',7,30.822522,103.983908,'510100','');
        insert into s_landmark (landmarkid, landmarkname, pinyin, ltype, lat, lng, citycode, discode) values (4545,'成都医学院新都校区','chengdouyixueyuanxindouxiaoqu',7,30.820322,104.198934,'510100','');
        /****************************** 输出景点SQL脚本: 结束 ***********************************/
 
/**地铁线路**/
        delete from s_subway where citycode=510100;
delete from s_subway_stations where citycode=510100;
        /******************************************************************************************/
        insert into s_subway (lineid, linename, citycode) values (62,'1号线','510100');
        insert into s_subway_stations (lineid, stationid, stationname, lat, lng, pinyin, citycode) values (62,1022,'世纪城',30.554849,104.068921,'shijicheng','510100');
        insert into s_subway_stations (lineid, stationid, stationname, lat, lng, pinyin, citycode) values (62,1723,'锦城广场',30.567795,104.066733,'jinchengguangchang','510100');
        insert into s_subway_stations (lineid, stationid, stationname, lat, lng, pinyin, citycode) values (62,1020,'孵化园',30.575655,104.064327,'fuhuayuan','510100');
        insert into s_subway_stations (lineid, stationid, stationname, lat, lng, pinyin, citycode) values (62,1019,'金融城',30.58255,104.064136,'jinrongcheng','510100');
        insert into s_subway_stations (lineid, stationid, stationname, lat, lng, pinyin, citycode) values (62,1018,'高新',30.594309,104.06376,'gaoxin','510100');
        insert into s_subway_stations (lineid, stationid, stationname, lat, lng, pinyin, citycode) values (62,1017,'火车南站',30.605476,104.067393,'huochenanzhan','510100');
        insert into s_subway_stations (lineid, stationid, stationname, lat, lng, pinyin, citycode) values (62,1016,'桐梓林',30.615321,104.067115,'tongzilin','510100');
        insert into s_subway_stations (lineid, stationid, stationname, lat, lng, pinyin, citycode) values (62,1015,'倪家桥',30.624902,104.066893,'nijiaqiao','510100');
        insert into s_subway_stations (lineid, stationid, stationname, lat, lng, pinyin, citycode) values (62,1014,'省体育馆',30.633172,104.066593,'shengtiyuguan','510100');
        insert into s_subway_stations (lineid, stationid, stationname, lat, lng, pinyin, citycode) values (62,1013,'华西坝',30.642627,104.066285,'huaxiba','510100');
        insert into s_subway_stations (lineid, stationid, stationname, lat, lng, pinyin, citycode) values (62,1012,'锦江宾馆',30.650183,104.066042,'jinjiangbinguan','510100');
        insert into s_subway_stations (lineid, stationid, stationname, lat, lng, pinyin, citycode) values (62,1011,'天府广场',30.657473,104.065898,'tianfuguangchang','510100');
        insert into s_subway_stations (lineid, stationid, stationname, lat, lng, pinyin, citycode) values (62,1010,'骡马市',30.666607,104.065605,'luomashi','510100');
        insert into s_subway_stations (lineid, stationid, stationname, lat, lng, pinyin, citycode) values (62,1009,'文殊院',30.672582,104.068056,'wenshuyuan','510100');
        insert into s_subway_stations (lineid, stationid, stationname, lat, lng, pinyin, citycode) values (62,1008,'人民北路',30.684524,104.072942,'renminbeilu','510100');
        insert into s_subway_stations (lineid, stationid, stationname, lat, lng, pinyin, citycode) values (62,1007,'火车北站',30.695645,104.073417,'huochebeizhan','510100');
        insert into s_subway_stations (lineid, stationid, stationname, lat, lng, pinyin, citycode) values (62,1006,'升仙湖',30.704441,104.083924,'shengxianhu','510100');
        /******************************************************************************************/
        insert into s_subway (lineid, linename, citycode) values (63,'2号线','510100');
        insert into s_subway_stations (lineid, stationid, stationname, lat, lng, pinyin, citycode) values (63,1732,'犀浦',30.758173,103.971431,'xipu','510100');
        insert into s_subway_stations (lineid, stationid, stationname, lat, lng, pinyin, citycode) values (63,1735,'天河路',30.745837,103.976216,'tianhelu','510100');
        insert into s_subway_stations (lineid, stationid, stationname, lat, lng, pinyin, citycode) values (63,1728,'百草路',30.733066,103.979378,'baicaolu','510100');
        insert into s_subway_stations (lineid, stationid, stationname, lat, lng, pinyin, citycode) values (63,1730,'金周路',30.721653,103.996116,'jinzhoulu','510100');
        insert into s_subway_stations (lineid, stationid, stationname, lat, lng, pinyin, citycode) values (63,1727,'金科北路',30.720763,104.006633,'jinkebeilu','510100');
        insert into s_subway_stations (lineid, stationid, stationname, lat, lng, pinyin, citycode) values (63,1724,'迎宾大道',30.713303,104.013606,'yingbindadao','510100');
        insert into s_subway_stations (lineid, stationid, stationname, lat, lng, pinyin, citycode) values (63,1023,'茶店子客运站',30.705938,104.01349,'chadianzikeyunzhan','510100');
        insert into s_subway_stations (lineid, stationid, stationname, lat, lng, pinyin, citycode) values (63,1024,'羊犀立交',30.694261,104.01239,'yangxilijiao','510100');
        insert into s_subway_stations (lineid, stationid, stationname, lat, lng, pinyin, citycode) values (63,1025,'一品天下',30.689008,104.019707,'yipintianxia','510100');
        insert into s_subway_stations (lineid, stationid, stationname, lat, lng, pinyin, citycode) values (63,1026,'蜀汉路东',30.682915,104.028984,'shuhanludong','510100');
        insert into s_subway_stations (lineid, stationid, stationname, lat, lng, pinyin, citycode) values (63,1027,'白果林',30.673869,104.033282,'baiguolin','510100');
        insert into s_subway_stations (lineid, stationid, stationname, lat, lng, pinyin, citycode) values (63,1028,'中医大省医院',30.66616,104.040827,'zhongyidashengyiyuan','510100');
        insert into s_subway_stations (lineid, stationid, stationname, lat, lng, pinyin, citycode) values (63,1029,'通惠门',30.662096,104.048505,'tonghuimen','510100');
        insert into s_subway_stations (lineid, stationid, stationname, lat, lng, pinyin, citycode) values (63,1030,'人民公园',30.659317,104.056789,'renmingongyuan','510100');
        insert into s_subway_stations (lineid, stationid, stationname, lat, lng, pinyin, citycode) values (63,1031,'天府广场',30.657473,104.065898,'tianfuguangchang','510100');
        insert into s_subway_stations (lineid, stationid, stationname, lat, lng, pinyin, citycode) values (63,1032,'春熙路',30.653321,104.08007,'chunxilu','510100');
        insert into s_subway_stations (lineid, stationid, stationname, lat, lng, pinyin, citycode) values (63,1033,'东门大桥',30.6484,104.086982,'dongmendaqiao','510100');
        insert into s_subway_stations (lineid, stationid, stationname, lat, lng, pinyin, citycode) values (63,1034,'牛王庙',30.644979,104.09448,'niuwangmiao','510100');
        insert into s_subway_stations (lineid, stationid, stationname, lat, lng, pinyin, citycode) values (63,1035,'牛市口',30.637859,104.10772,'niushikou','510100');
        insert into s_subway_stations (lineid, stationid, stationname, lat, lng, pinyin, citycode) values (63,1036,'东大路',30.63336,104.112678,'dongdalu','510100');
        insert into s_subway_stations (lineid, stationid, stationname, lat, lng, pinyin, citycode) values (63,1037,'塔子山公园',30.62946,104.122904,'tazishangongyuan','510100');
        insert into s_subway_stations (lineid, stationid, stationname, lat, lng, pinyin, citycode) values (63,1038,'成都东客站',30.628897,104.139706,'chengdoudongkezhan','510100');
        insert into s_subway_stations (lineid, stationid, stationname, lat, lng, pinyin, citycode) values (63,1039,'成渝立交',30.624632,104.147093,'chengyulijiao','510100');
        insert into s_subway_stations (lineid, stationid, stationname, lat, lng, pinyin, citycode) values (63,1040,'惠王陵',30.612304,104.152355,'huiwangling','510100');
        insert into s_subway_stations (lineid, stationid, stationname, lat, lng, pinyin, citycode) values (63,1041,'洪河',30.604982,104.157553,'honghe','510100');
        insert into s_subway_stations (lineid, stationid, stationname, lat, lng, pinyin, citycode) values (63,1042,'成都行政学院',30.596994,104.171152,'chengdouxingzhengxueyuan','510100');
        insert into s_subway_stations (lineid, stationid, stationname, lat, lng, pinyin, citycode) values (63,1725,'大面铺',30.592515,104.201456,'damianpu','510100');
        insert into s_subway_stations (lineid, stationid, stationname, lat, lng, pinyin, citycode) values (63,1734,'连山坡',30.587631,104.212967,'lianshanpo','510100');
        insert into s_subway_stations (lineid, stationid, stationname, lat, lng, pinyin, citycode) values (63,1731,'界牌',30.582783,104.225063,'jiepai','510100');
        insert into s_subway_stations (lineid, stationid, stationname, lat, lng, pinyin, citycode) values (63,1729,'书房',30.577314,104.2382,'shufang','510100');
        insert into s_subway_stations (lineid, stationid, stationname, lat, lng, pinyin, citycode) values (63,1733,'龙平路',30.574197,104.259376,'longpinglu','510100');
        insert into s_subway_stations (lineid, stationid, stationname, lat, lng, pinyin, citycode) values (63,1726,'龙泉驿',30.559858,104.269142,'longquanyi','510100');
 
        